condition_id,kappa,tight_solver,time,x1,x2,state_norm,analytic_state_error
primary_kappa_0_operator_gain_direction,0.0,False,0.0,1.0,0.0,1.0,0.0
primary_kappa_0_operator_gain_direction,0.0,False,0.01,0.990049833749168,0.0,0.990049833749168,1.1102230246251565e-16
primary_kappa_0_operator_gain_direction,0.0,False,0.02,0.9801986733067553,0.0,0.9801986733067553,0.0
primary_kappa_0_operator_gain_direction,0.0,False,0.03,0.9704455335485082,0.0,0.9704455335485082,0.0
primary_kappa_0_operator_gain_direction,0.0,False,0.04,0.9607894391523231,0.0,0.9607894391523231,1.1102230246251565e-16
primary_kappa_0_operator_gain_direction,0.0,False,0.05,0.9512294245007139,0.0,0.9512294245007139,1.1102230246251565e-16
primary_kappa_0_operator_gain_direction,0.0,False,0.06,0.9417645335842486,0.0,0.9417645335842486,1.1102230246251565e-16
primary_kappa_0_operator_gain_direction,0.0,False,0.07,0.932393819905948,0.0,0.932393819905948,2.220446049250313e-16
primary_kappa_0_operator_gain_direction,0.0,False,0.08,0.9231163463866356,0.0,0.9231163463866356,1.1102230246251565e-16
primary_kappa_0_operator_gain_direction,0.0,False,0.09,0.9139311852712281,0.0,0.9139311852712281,1.1102230246251565e-16
primary_kappa_0_operator_gain_direction,0.0,False,0.1,0.9048374180359594,0.0,0.9048374180359594,1.1102230246251565e-16
primary_kappa_0_operator_gain_direction,0.0,False,0.11,0.8958341352965281,0.0,0.8958341352965281,1.1102230246251565e-16
primary_kappa_0_operator_gain_direction,0.0,False,0.12,0.8869204367171574,0.0,0.8869204367171574,1.1102230246251565e-16
primary_kappa_0_operator_gain_direction,0.0,False,0.13,0.8780954309205612,0.0,0.8780954309205612,1.1102230246251565e-16
primary_kappa_0_operator_gain_direction,0.0,False,0.14,0.8693582353988057,0.0,0.8693582353988057,1.1102230246251565e-16
primary_kappa_0_operator_gain_direction,0.0,False,0.15,0.8607079764250577,0.0,0.8607079764250577,1.1102230246251565e-16
primary_kappa_0_operator_gain_direction,0.0,False,0.16,0.8521437889662112,0.0,0.8521437889662112,1.1102230246251565e-16
primary_kappa_0_operator_gain_direction,0.0,False,0.17,0.8436648165963836,0.0,0.8436648165963836,1.1102230246251565e-16
primary_kappa_0_operator_gain_direction,0.0,False,0.18,0.8352702114112719,0.0,0.8352702114112719,1.1102230246251565e-16
primary_kappa_0_operator_gain_direction,0.0,False,0.19,0.8269591339433622,0.0,0.8269591339433622,1.1102230246251565e-16
primary_kappa_0_operator_gain_direction,0.0,False,0.2,0.8187307530779817,0.0,0.8187307530779817,1.1102230246251565e-16
primary_kappa_0_operator_gain_direction,0.0,False,0.21,0.810584245970187,0.0,0.810584245970187,1.1102230246251565e-16
primary_kappa_0_operator_gain_direction,0.0,False,0.22,0.8025187979624783,0.0,0.8025187979624783,2.220446049250313e-16
primary_kappa_0_operator_gain_direction,0.0,False,0.23,0.7945336025033338,0.0,0.7945336025033338,2.220446049250313e-16
primary_kappa_0_operator_gain_direction,0.0,False,0.24,0.7866278610665532,0.0,0.7866278610665532,2.220446049250313e-16
primary_kappa_0_operator_gain_direction,0.0,False,0.25,0.7788007830714047,0.0,0.7788007830714047,2.220446049250313e-16
primary_kappa_0_operator_gain_direction,0.0,False,0.26,0.771051585803566,0.0,0.771051585803566,2.220446049250313e-16
primary_kappa_0_operator_gain_direction,0.0,False,0.27,0.7633794943368529,0.0,0.7633794943368529,2.220446049250313e-16
primary_kappa_0_operator_gain_direction,0.0,False,0.28,0.7557837414557252,0.0,0.7557837414557252,2.220446049250313e-16
primary_kappa_0_operator_gain_direction,0.0,False,0.29,0.748263567578565,0.0,0.748263567578565,2.220446049250313e-16
primary_kappa_0_operator_gain_direction,0.0,False,0.3,0.7408182206817177,0.0,0.7408182206817177,2.220446049250313e-16
primary_kappa_0_operator_gain_direction,0.0,False,0.31,0.733446956224289,0.0,0.733446956224289,2.220446049250313e-16
primary_kappa_0_operator_gain_direction,0.0,False,0.32,0.7261490370736907,0.0,0.7261490370736907,2.220446049250313e-16
primary_kappa_0_operator_gain_direction,0.0,False,0.33,0.718923733431926,0.0,0.718923733431926,2.220446049250313e-16
primary_kappa_0_operator_gain_direction,0.0,False,0.34,0.7117703227626095,0.0,0.7117703227626095,1.1102230246251565e-16
primary_kappa_0_operator_gain_direction,0.0,False,0.35000000000000003,0.7046880897187132,0.0,0.7046880897187132,2.220446049250313e-16
primary_kappa_0_operator_gain_direction,0.0,False,0.36,0.6976763260710309,0.0,0.6976763260710309,1.1102230246251565e-16
primary_kappa_0_operator_gain_direction,0.0,False,0.37,0.6907343306373545,0.0,0.6907343306373545,2.220446049250313e-16
primary_kappa_0_operator_gain_direction,0.0,False,0.38,0.6838614092123557,0.0,0.6838614092123557,1.1102230246251565e-16
primary_kappa_0_operator_gain_direction,0.0,False,0.39,0.6770568744981645,0.0,0.6770568744981645,1.1102230246251565e-16
primary_kappa_0_operator_gain_direction,0.0,False,0.4,0.6703200460356391,0.0,0.6703200460356391,2.220446049250313e-16
primary_kappa_0_operator_gain_direction,0.0,False,0.41000000000000003,0.6636502501363193,0.0,0.6636502501363193,1.1102230246251565e-16
primary_kappa_0_operator_gain_direction,0.0,False,0.42,0.6570468198150566,0.0,0.6570468198150566,1.1102230246251565e-16
primary_kappa_0_operator_gain_direction,0.0,False,0.43,0.6505090947233164,0.0,0.6505090947233164,1.1102230246251565e-16
primary_kappa_0_operator_gain_direction,0.0,False,0.44,0.6440364210831412,0.0,0.6440364210831412,2.220446049250313e-16
primary_kappa_0_operator_gain_direction,0.0,False,0.45,0.6376281516217732,0.0,0.6376281516217732,1.1102230246251565e-16
primary_kappa_0_operator_gain_direction,0.0,False,0.46,0.6312836455069258,0.0,0.6312836455069258,1.1102230246251565e-16
primary_kappa_0_operator_gain_direction,0.0,False,0.47000000000000003,0.6250022682827007,0.0,0.6250022682827007,1.1102230246251565e-16
primary_kappa_0_operator_gain_direction,0.0,False,0.48,0.6187833918061408,0.0,0.6187833918061408,0.0
primary_kappa_0_operator_gain_direction,0.0,False,0.49,0.612626394184416,0.0,0.612626394184416,1.1102230246251565e-16
primary_kappa_0_operator_gain_direction,0.0,False,0.5,0.6065306597126334,0.0,0.6065306597126334,0.0
primary_kappa_0_operator_gain_direction,0.0,False,0.51,0.6004955788122659,0.0,0.6004955788122659,0.0
primary_kappa_0_operator_gain_direction,0.0,False,0.52,0.5945205479701943,0.0,0.5945205479701943,1.1102230246251565e-16
primary_kappa_0_operator_gain_direction,0.0,False,0.53,0.5886049696783552,0.0,0.5886049696783552,0.0
primary_kappa_0_operator_gain_direction,0.0,False,0.54,0.5827482523739896,0.0,0.5827482523739896,0.0
primary_kappa_0_operator_gain_direction,0.0,False,0.55,0.5769498103804868,0.0,0.5769498103804868,1.1102230246251565e-16
primary_kappa_0_operator_gain_direction,0.0,False,0.56,0.5712090638488149,0.0,0.5712090638488149,0.0
primary_kappa_0_operator_gain_direction,0.0,False,0.5700000000000001,0.5655254386995371,0.0,0.5655254386995371,0.0
primary_kappa_0_operator_gain_direction,0.0,False,0.58,0.559898366565402,0.0,0.559898366565402,0.0
primary_kappa_0_operator_gain_direction,0.0,False,0.59,0.5543272847345071,0.0,0.5543272847345071,0.0
primary_kappa_0_operator_gain_direction,0.0,False,0.6,0.5488116360940264,0.0,0.5488116360940264,1.1102230246251565e-16
primary_kappa_0_operator_gain_direction,0.0,False,0.61,0.5433508690744998,0.0,0.5433508690744998,0.0
primary_kappa_0_operator_gain_direction,0.0,False,0.62,0.5379444375946745,0.0,0.5379444375946745,0.0
primary_kappa_0_operator_gain_direction,0.0,False,0.63,0.5325918010068971,0.0,0.5325918010068971,1.1102230246251565e-16
primary_kappa_0_operator_gain_direction,0.0,False,0.64,0.5272924240430484,0.0,0.5272924240430484,1.1102230246251565e-16
primary_kappa_0_operator_gain_direction,0.0,False,0.65,0.5220457767610159,0.0,0.5220457767610159,1.1102230246251565e-16
primary_kappa_0_operator_gain_direction,0.0,False,0.66,0.5168513344916992,0.0,0.5168513344916992,0.0
primary_kappa_0_operator_gain_direction,0.0,False,0.67,0.5117085777865424,0.0,0.5117085777865424,0.0
primary_kappa_0_operator_gain_direction,0.0,False,0.68,0.5066169923655895,0.0,0.5066169923655895,0.0
primary_kappa_0_operator_gain_direction,0.0,False,0.6900000000000001,0.5015760690660555,0.0,0.5015760690660555,0.0
primary_kappa_0_operator_gain_direction,0.0,False,0.7000000000000001,0.4965853037914094,0.0,0.4965853037914094,5.551115123125783e-17
primary_kappa_0_operator_gain_direction,0.0,False,0.71,0.49164419746096505,0.0,0.49164419746096505,5.551115123125783e-17
primary_kappa_0_operator_gain_direction,0.0,False,0.72,0.4867522559599716,0.0,0.4867522559599716,5.551115123125783e-17
primary_kappa_0_operator_gain_direction,0.0,False,0.73,0.4819089900902024,0.0,0.4819089900902024,5.551115123125783e-17
primary_kappa_0_operator_gain_direction,0.0,False,0.74,0.4771139155210343,0.0,0.4771139155210343,5.551115123125783e-17
primary_kappa_0_operator_gain_direction,0.0,False,0.75,0.47236655274101463,0.0,0.47236655274101463,5.551115123125783e-17
primary_kappa_0_operator_gain_direction,0.0,False,0.76,0.4676664270099092,0.0,0.4676664270099092,5.551115123125783e-17
primary_kappa_0_operator_gain_direction,0.0,False,0.77,0.463013068311228,0.0,0.463013068311228,5.551115123125783e-17
primary_kappa_0_operator_gain_direction,0.0,False,0.78,0.45840601130522346,0.0,0.45840601130522346,5.551115123125783e-17
primary_kappa_0_operator_gain_direction,0.0,False,0.79,0.4538447952823557,0.0,0.4538447952823557,1.1102230246251565e-16
primary_kappa_0_operator_gain_direction,0.0,False,0.8,0.4493289641172215,0.0,0.4493289641172215,5.551115123125783e-17
primary_kappa_0_operator_gain_direction,0.0,False,0.81,0.44485806622294105,0.0,0.44485806622294105,5.551115123125783e-17
primary_kappa_0_operator_gain_direction,0.0,False,0.8200000000000001,0.44043165450599914,0.0,0.44043165450599914,1.1102230246251565e-16
primary_kappa_0_operator_gain_direction,0.0,False,0.8300000000000001,0.43604928632153545,0.0,0.43604928632153545,1.1102230246251565e-16
primary_kappa_0_operator_gain_direction,0.0,False,0.84,0.4317105234290796,0.0,0.4317105234290796,1.1102230246251565e-16
primary_kappa_0_operator_gain_direction,0.0,False,0.85,0.42741493194872654,0.0,0.42741493194872654,1.6653345369377348e-16
primary_kappa_0_operator_gain_direction,0.0,False,0.86,0.4231620823177487,0.0,0.4231620823177487,1.1102230246251565e-16
primary_kappa_0_operator_gain_direction,0.0,False,0.87,0.4189515492476389,0.0,0.4189515492476389,1.1102230246251565e-16
primary_kappa_0_operator_gain_direction,0.0,False,0.88,0.41478291168158127,0.0,0.41478291168158127,1.1102230246251565e-16
primary_kappa_0_operator_gain_direction,0.0,False,0.89,0.4106557527523454,0.0,0.4106557527523454,1.1102230246251565e-16
primary_kappa_0_operator_gain_direction,0.0,False,0.9,0.406569659740599,0.0,0.406569659740599,1.1102230246251565e-16
primary_kappa_0_operator_gain_direction,0.0,False,0.91,0.40252422403363586,0.0,0.40252422403363586,1.1102230246251565e-16
primary_kappa_0_operator_gain_direction,0.0,False,0.92,0.398519041084514,0.0,0.398519041084514,1.1102230246251565e-16
primary_kappa_0_operator_gain_direction,0.0,False,0.93,0.39455371037160103,0.0,0.39455371037160103,5.551115123125783e-17
primary_kappa_0_operator_gain_direction,0.0,False,0.9400000000000001,0.39062783535852097,0.0,0.39062783535852097,1.1102230246251565e-16
primary_kappa_0_operator_gain_direction,0.0,False,0.9500000000000001,0.38674102345450106,0.0,0.38674102345450106,1.1102230246251565e-16
primary_kappa_0_operator_gain_direction,0.0,False,0.96,0.38289288597511195,0.0,0.38289288597511195,1.1102230246251565e-16
primary_kappa_0_operator_gain_direction,0.0,False,0.97,0.3790830381033987,0.0,0.3790830381033987,1.1102230246251565e-16
primary_kappa_0_operator_gain_direction,0.0,False,0.98,0.37531109885139946,0.0,0.37531109885139946,1.1102230246251565e-16
primary_kappa_0_operator_gain_direction,0.0,False,0.99,0.3715766910220456,0.0,0.3715766910220456,1.1102230246251565e-16
primary_kappa_0_operator_gain_direction,0.0,False,1.0,0.3678794411714422,0.0,0.3678794411714422,1.1102230246251565e-16
primary_kappa_0_operator_gain_direction,0.0,False,1.01,0.3642189795715232,0.0,0.3642189795715232,1.1102230246251565e-16
primary_kappa_0_operator_gain_direction,0.0,False,1.02,0.36059494017307825,0.0,0.36059494017307825,5.551115123125783e-17
primary_kappa_0_operator_gain_direction,0.0,False,1.03,0.35700696056914727,0.0,0.35700696056914727,1.1102230246251565e-16
primary_kappa_0_operator_gain_direction,0.0,False,1.04,0.35345468195878005,0.0,0.35345468195878005,1.1102230246251565e-16
primary_kappa_0_operator_gain_direction,0.0,False,1.05,0.3499377491111552,0.0,0.3499377491111552,1.1102230246251565e-16
primary_kappa_0_operator_gain_direction,0.0,False,1.06,0.3464558103300573,0.0,0.3464558103300573,1.1102230246251565e-16
primary_kappa_0_operator_gain_direction,0.0,False,1.07,0.3430085174187065,0.0,0.3430085174187065,1.1102230246251565e-16
primary_kappa_0_operator_gain_direction,0.0,False,1.08,0.339595525644939,0.0,0.339595525644939,1.1102230246251565e-16
primary_kappa_0_operator_gain_direction,0.0,False,1.09,0.3362164937067332,0.0,0.3362164937067332,1.6653345369377348e-16
primary_kappa_0_operator_gain_direction,0.0,False,1.1,0.3328710836980794,0.0,0.3328710836980794,1.6653345369377348e-16
primary_kappa_0_operator_gain_direction,0.0,False,1.11,0.3295589610751889,0.0,0.3295589610751889,1.6653345369377348e-16
primary_kappa_0_operator_gain_direction,0.0,False,1.12,0.3262797946230393,0.0,0.3262797946230393,1.6653345369377348e-16
primary_kappa_0_operator_gain_direction,0.0,False,1.1300000000000001,0.3230332564222527,0.0,0.3230332564222527,1.6653345369377348e-16
primary_kappa_0_operator_gain_direction,0.0,False,1.1400000000000001,0.31981902181630373,0.0,0.31981902181630373,1.1102230246251565e-16
primary_kappa_0_operator_gain_direction,0.0,False,1.1500000000000001,0.31663676937905305,0.0,0.31663676937905305,1.1102230246251565e-16
primary_kappa_0_operator_gain_direction,0.0,False,1.16,0.3134861808826052,0.0,0.3134861808826052,1.1102230246251565e-16
primary_kappa_0_operator_gain_direction,0.0,False,1.17,0.31036694126548486,0.0,0.31036694126548486,1.6653345369377348e-16
primary_kappa_0_operator_gain_direction,0.0,False,1.18,0.3072787386011311,0.0,0.3072787386011311,1.6653345369377348e-16
primary_kappa_0_operator_gain_direction,0.0,False,1.19,0.3042212640667039,0.0,0.3042212640667039,1.6653345369377348e-16
primary_kappa_0_operator_gain_direction,0.0,False,1.2,0.30119421191220197,0.0,0.30119421191220197,1.6653345369377348e-16
primary_kappa_0_operator_gain_direction,0.0,False,1.21,0.2981972794298872,0.0,0.2981972794298872,1.6653345369377348e-16
primary_kappa_0_operator_gain_direction,0.0,False,1.22,0.29523016692401405,0.0,0.29523016692401405,1.6653345369377348e-16
primary_kappa_0_operator_gain_direction,0.0,False,1.23,0.29229257768085926,0.0,0.29229257768085926,1.6653345369377348e-16
primary_kappa_0_operator_gain_direction,0.0,False,1.24,0.2893842179390505,0.0,0.2893842179390505,1.1102230246251565e-16
primary_kappa_0_operator_gain_direction,0.0,False,1.25,0.28650479686019,0.0,0.28650479686019,1.1102230246251565e-16
primary_kappa_0_operator_gain_direction,0.0,False,1.26,0.28365402649977023,0.0,0.28365402649977023,1.6653345369377348e-16
primary_kappa_0_operator_gain_direction,0.0,False,1.27,0.2808316217783796,0.0,0.2808316217783796,1.6653345369377348e-16
primary_kappa_0_operator_gain_direction,0.0,False,1.28,0.27803730045319397,0.0,0.27803730045319397,1.6653345369377348e-16
primary_kappa_0_operator_gain_direction,0.0,False,1.29,0.2752707830897522,0.0,0.2752707830897522,1.1102230246251565e-16
primary_kappa_0_operator_gain_direction,0.0,False,1.3,0.2725317930340125,0.0,0.2725317930340125,1.1102230246251565e-16
primary_kappa_0_operator_gain_direction,0.0,False,1.31,0.2698200563846867,0.0,0.2698200563846867,1.1102230246251565e-16
primary_kappa_0_operator_gain_direction,0.0,False,1.32,0.2671353019658502,0.0,0.2671353019658502,1.1102230246251565e-16
primary_kappa_0_operator_gain_direction,0.0,False,1.33,0.2644772612998238,0.0,0.2644772612998238,1.6653345369377348e-16
primary_kappa_0_operator_gain_direction,0.0,False,1.34,0.2618456685803258,0.0,0.2618456685803258,1.6653345369377348e-16
primary_kappa_0_operator_gain_direction,0.0,False,1.35,0.25924026064589134,0.0,0.25924026064589134,1.6653345369377348e-16
primary_kappa_0_operator_gain_direction,0.0,False,1.36,0.2566607769535557,0.0,0.2566607769535557,1.6653345369377348e-16
primary_kappa_0_operator_gain_direction,0.0,False,1.37,0.25410695955280016,0.0,0.25410695955280016,1.1102230246251565e-16
primary_kappa_0_operator_gain_direction,0.0,False,1.3800000000000001,0.25157855305975635,0.0,0.25157855305975635,1.1102230246251565e-16
primary_kappa_0_operator_gain_direction,0.0,False,1.3900000000000001,0.24907530463166805,0.0,0.24907530463166805,1.1102230246251565e-16
primary_kappa_0_operator_gain_direction,0.0,False,1.4000000000000001,0.24659696394160632,0.0,0.24659696394160632,1.1102230246251565e-16
primary_kappa_0_operator_gain_direction,0.0,False,1.41,0.24414328315343697,0.0,0.24414328315343697,1.3877787807814457e-16
primary_kappa_0_operator_gain_direction,0.0,False,1.42,0.24171401689703634,0.0,0.24171401689703634,1.1102230246251565e-16
primary_kappa_0_operator_gain_direction,0.0,False,1.43,0.2393089222437544,0.0,0.2393089222437544,1.3877787807814457e-16
primary_kappa_0_operator_gain_direction,0.0,False,1.44,0.23692775868212165,0.0,0.23692775868212165,1.1102230246251565e-16
primary_kappa_0_operator_gain_direction,0.0,False,1.45,0.23457028809379754,0.0,0.23457028809379754,1.1102230246251565e-16
primary_kappa_0_operator_gain_direction,0.0,False,1.46,0.23223627472975872,0.0,0.23223627472975872,1.1102230246251565e-16
primary_kappa_0_operator_gain_direction,0.0,False,1.47,0.2299254851867237,0.0,0.2299254851867237,1.3877787807814457e-16
primary_kappa_0_operator_gain_direction,0.0,False,1.48,0.2276376883838126,0.0,0.2276376883838126,1.3877787807814457e-16
primary_kappa_0_operator_gain_direction,0.0,False,1.49,0.22537265553943858,0.0,0.22537265553943858,1.3877787807814457e-16
primary_kappa_0_operator_gain_direction,0.0,False,1.5,0.22313016014842968,0.0,0.22313016014842968,1.3877787807814457e-16
primary_kappa_0_operator_gain_direction,0.0,False,1.51,0.22090997795937806,0.0,0.22090997795937806,1.3877787807814457e-16
primary_kappa_0_operator_gain_direction,0.0,False,1.52,0.21871188695221463,0.0,0.21871188695221463,1.1102230246251565e-16
primary_kappa_0_operator_gain_direction,0.0,False,1.53,0.21653566731600693,0.0,0.21653566731600693,1.3877787807814457e-16
primary_kappa_0_operator_gain_direction,0.0,False,1.54,0.21438110142697783,0.0,0.21438110142697783,1.1102230246251565e-16
primary_kappa_0_operator_gain_direction,0.0,False,1.55,0.21224797382674293,0.0,0.21224797382674293,1.1102230246251565e-16
primary_kappa_0_operator_gain_direction,0.0,False,1.56,0.2101360712007646,0.0,0.2101360712007646,1.1102230246251565e-16
primary_kappa_0_operator_gain_direction,0.0,False,1.57,0.20804518235702035,0.0,0.20804518235702035,1.1102230246251565e-16
primary_kappa_0_operator_gain_direction,0.0,False,1.58,0.20597509820488333,0.0,0.20597509820488333,1.1102230246251565e-16
primary_kappa_0_operator_gain_direction,0.0,False,1.59,0.2039256117342133,0.0,0.2039256117342133,1.1102230246251565e-16
primary_kappa_0_operator_gain_direction,0.0,False,1.6,0.20189651799465527,0.0,0.20189651799465527,1.1102230246251565e-16
primary_kappa_0_operator_gain_direction,0.0,False,1.61,0.19988761407514438,0.0,0.19988761407514438,1.1102230246251565e-16
primary_kappa_0_operator_gain_direction,0.0,False,1.62,0.19789869908361454,0.0,0.19789869908361454,1.1102230246251565e-16
primary_kappa_0_operator_gain_direction,0.0,False,1.6300000000000001,0.1959295741269092,0.0,0.1959295741269092,1.3877787807814457e-16
primary_kappa_0_operator_gain_direction,0.0,False,1.6400000000000001,0.19398004229089177,0.0,0.19398004229089177,1.1102230246251565e-16
primary_kappa_0_operator_gain_direction,0.0,False,1.6500000000000001,0.19204990862075397,0.0,0.19204990862075397,1.1102230246251565e-16
primary_kappa_0_operator_gain_direction,0.0,False,1.6600000000000001,0.1901389801015204,0.0,0.1901389801015204,1.1102230246251565e-16
primary_kappa_0_operator_gain_direction,0.0,False,1.67,0.18824706563874666,0.0,0.18824706563874666,1.3877787807814457e-16
primary_kappa_0_operator_gain_direction,0.0,False,1.68,0.18637397603940986,0.0,0.18637397603940986,1.1102230246251565e-16
primary_kappa_0_operator_gain_direction,0.0,False,1.69,0.18451952399298918,0.0,0.18451952399298918,8.326672684688674e-17
primary_kappa_0_operator_gain_direction,0.0,False,1.7,0.18268352405273455,0.0,0.18268352405273455,1.1102230246251565e-16
primary_kappa_0_operator_gain_direction,0.0,False,1.71,0.180865792617122,0.0,0.180865792617122,1.1102230246251565e-16
primary_kappa_0_operator_gain_direction,0.0,False,1.72,0.17906614791149314,0.0,0.17906614791149314,8.326672684688674e-17
primary_kappa_0_operator_gain_direction,0.0,False,1.73,0.1772844099698777,0.0,0.1772844099698777,1.1102230246251565e-16
primary_kappa_0_operator_gain_direction,0.0,False,1.74,0.17552040061699678,0.0,0.17552040061699678,8.326672684688674e-17
primary_kappa_0_operator_gain_direction,0.0,False,1.75,0.17377394345044503,0.0,0.17377394345044503,1.1102230246251565e-16
primary_kappa_0_operator_gain_direction,0.0,False,1.76,0.17204486382305043,0.0,0.17204486382305043,1.1102230246251565e-16
primary_kappa_0_operator_gain_direction,0.0,False,1.77,0.17033298882540934,0.0,0.17033298882540934,8.326672684688674e-17
primary_kappa_0_operator_gain_direction,0.0,False,1.78,0.1686381472685954,0.0,0.1686381472685954,8.326672684688674e-17
primary_kappa_0_operator_gain_direction,0.0,False,1.79,0.1669601696670406,0.0,0.1669601696670406,8.326672684688674e-17
primary_kappa_0_operator_gain_direction,0.0,False,1.8,0.16529888822158642,0.0,0.16529888822158642,1.1102230246251565e-16
primary_kappa_0_operator_gain_direction,0.0,False,1.81,0.16365413680270396,0.0,0.16365413680270396,8.326672684688674e-17
primary_kappa_0_operator_gain_direction,0.0,False,1.82,0.16202575093388066,0.0,0.16202575093388066,8.326672684688674e-17
primary_kappa_0_operator_gain_direction,0.0,False,1.83,0.16041356777517266,0.0,0.16041356777517266,8.326672684688674e-17
primary_kappa_0_operator_gain_direction,0.0,False,1.84,0.1588174261069206,0.0,0.1588174261069206,8.326672684688674e-17
primary_kappa_0_operator_gain_direction,0.0,False,1.85,0.15723716631362752,0.0,0.15723716631362752,8.326672684688674e-17
primary_kappa_0_operator_gain_direction,0.0,False,1.86,0.15567263036799722,0.0,0.15567263036799722,8.326672684688674e-17
primary_kappa_0_operator_gain_direction,0.0,False,1.87,0.15412366181513135,0.0,0.15412366181513135,5.551115123125783e-17
primary_kappa_0_operator_gain_direction,0.0,False,1.8800000000000001,0.15259010575688378,0.0,0.15259010575688378,8.326672684688674e-17
primary_kappa_0_operator_gain_direction,0.0,False,1.8900000000000001,0.15107180883637075,0.0,0.15107180883637075,8.326672684688674e-17
primary_kappa_0_operator_gain_direction,0.0,False,1.9000000000000001,0.14956861922263495,0.0,0.14956861922263495,8.326672684688674e-17
primary_kappa_0_operator_gain_direction,0.0,False,1.9100000000000001,0.14808038659546238,0.0,0.14808038659546238,5.551115123125783e-17
primary_kappa_0_operator_gain_direction,0.0,False,1.92,0.14660696213035007,0.0,0.14660696213035007,8.326672684688674e-17
primary_kappa_0_operator_gain_direction,0.0,False,1.93,0.14514819848362367,0.0,0.14514819848362367,5.551115123125783e-17
primary_kappa_0_operator_gain_direction,0.0,False,1.94,0.14370394977770287,0.0,0.14370394977770287,5.551115123125783e-17
primary_kappa_0_operator_gain_direction,0.0,False,1.95,0.1422740715865135,0.0,0.1422740715865135,8.326672684688674e-17
primary_kappa_0_operator_gain_direction,0.0,False,1.96,0.14085842092104495,0.0,0.14085842092104495,5.551115123125783e-17
primary_kappa_0_operator_gain_direction,0.0,False,1.97,0.13945685621505088,0.0,0.13945685621505088,5.551115123125783e-17
primary_kappa_0_operator_gain_direction,0.0,False,1.98,0.13806923731089277,0.0,0.13806923731089277,5.551115123125783e-17
primary_kappa_0_operator_gain_direction,0.0,False,1.99,0.13669542544552382,0.0,0.13669542544552382,2.7755575615628914e-17
primary_kappa_0_operator_gain_direction,0.0,False,2.0,0.13533528323661265,0.0,0.13533528323661265,5.551115123125783e-17
primary_kappa_0_operator_gain_direction,0.0,False,2.0100000000000002,0.1339886746688049,0.0,0.1339886746688049,2.7755575615628914e-17
primary_kappa_0_operator_gain_direction,0.0,False,2.02,0.1326554650801217,0.0,0.1326554650801217,2.7755575615628914e-17
primary_kappa_0_operator_gain_direction,0.0,False,2.0300000000000002,0.131335521148493,0.0,0.131335521148493,2.7755575615628914e-17
primary_kappa_0_operator_gain_direction,0.0,False,2.04,0.13002871087842588,0.0,0.13002871087842588,2.7755575615628914e-17
primary_kappa_0_operator_gain_direction,0.0,False,2.05,0.1287349035878042,0.0,0.1287349035878042,2.7755575615628914e-17
primary_kappa_0_operator_gain_direction,0.0,False,2.06,0.1274539698948207,0.0,0.1274539698948207,5.551115123125783e-17
primary_kappa_0_operator_gain_direction,0.0,False,2.07,0.12618578170503872,0.0,0.12618578170503872,5.551115123125783e-17
primary_kappa_0_operator_gain_direction,0.0,False,2.08,0.12493021219858236,0.0,0.12493021219858236,5.551115123125783e-17
primary_kappa_0_operator_gain_direction,0.0,False,2.09,0.12368713581745479,0.0,0.12368713581745479,4.163336342344337e-17
primary_kappa_0_operator_gain_direction,0.0,False,2.1,0.12245642825298185,0.0,0.12245642825298185,5.551115123125783e-17
primary_kappa_0_operator_gain_direction,0.0,False,2.11,0.12123796643338162,0.0,0.12123796643338162,5.551115123125783e-17
primary_kappa_0_operator_gain_direction,0.0,False,2.12,0.12003162851145667,0.0,0.12003162851145667,5.551115123125783e-17
primary_kappa_0_operator_gain_direction,0.0,False,2.13,0.11883729385240961,0.0,0.11883729385240961,4.163336342344337e-17
primary_kappa_0_operator_gain_direction,0.0,False,2.14,0.11765484302177913,0.0,0.11765484302177913,5.551115123125783e-17
primary_kappa_0_operator_gain_direction,0.0,False,2.15,0.11648415777349691,0.0,0.11648415777349691,5.551115123125783e-17
primary_kappa_0_operator_gain_direction,0.0,False,2.16,0.11532512103806246,0.0,0.11532512103806246,5.551115123125783e-17
primary_kappa_0_operator_gain_direction,0.0,False,2.17,0.11417761691083644,0.0,0.11417761691083644,5.551115123125783e-17
primary_kappa_0_operator_gain_direction,0.0,False,2.18,0.11304153064044979,0.0,0.11304153064044979,5.551115123125783e-17
primary_kappa_0_operator_gain_direction,0.0,False,2.19,0.11191674861732884,0.0,0.11191674861732884,4.163336342344337e-17
primary_kappa_0_operator_gain_direction,0.0,False,2.2,0.11080315836233381,0.0,0.11080315836233381,5.551115123125783e-17
primary_kappa_0_operator_gain_direction,0.0,False,2.21,0.10970064851551135,0.0,0.10970064851551135,5.551115123125783e-17
primary_kappa_0_operator_gain_direction,0.0,False,2.22,0.10860910882495792,0.0,0.10860910882495792,4.163336342344337e-17
primary_kappa_0_operator_gain_direction,0.0,False,2.23,0.1075284301357949,0.0,0.1075284301357949,5.551115123125783e-17
primary_kappa_0_operator_gain_direction,0.0,False,2.24,0.10645850437925275,0.0,0.10645850437925275,5.551115123125783e-17
primary_kappa_0_operator_gain_direction,0.0,False,2.25,0.10539922456186429,0.0,0.10539922456186429,4.163336342344337e-17
primary_kappa_0_operator_gain_direction,0.0,False,2.2600000000000002,0.10435048475476495,0.0,0.10435048475476495,4.163336342344337e-17
primary_kappa_0_operator_gain_direction,0.0,False,2.27,0.10331218008310016,0.0,0.10331218008310016,4.163336342344337e-17
primary_kappa_0_operator_gain_direction,0.0,False,2.2800000000000002,0.1022842067155374,0.0,0.1022842067155374,4.163336342344337e-17
primary_kappa_0_operator_gain_direction,0.0,False,2.29,0.10126646185388335,0.0,0.10126646185388335,4.163336342344337e-17
primary_kappa_0_operator_gain_direction,0.0,False,2.3000000000000003,0.10025884372280366,0.0,0.10025884372280366,4.163336342344337e-17
primary_kappa_0_operator_gain_direction,0.0,False,2.31,0.09926125155964562,0.0,0.09926125155964562,4.163336342344337e-17
primary_kappa_0_operator_gain_direction,0.0,False,2.32,0.0982735856043615,0.0,0.0982735856043615,4.163336342344337e-17
primary_kappa_0_operator_gain_direction,0.0,False,2.33,0.09729574708953272,0.0,0.09729574708953272,4.163336342344337e-17
primary_kappa_0_operator_gain_direction,0.0,False,2.34,0.09632763823049299,0.0,0.09632763823049299,4.163336342344337e-17
primary_kappa_0_operator_gain_direction,0.0,False,2.35,0.09536916221554956,0.0,0.09536916221554956,5.551115123125783e-17
primary_kappa_0_operator_gain_direction,0.0,False,2.36,0.0944202231963023,0.0,0.0944202231963023,4.163336342344337e-17
primary_kappa_0_operator_gain_direction,0.0,False,2.37,0.09348072627805842,0.0,0.09348072627805842,4.163336342344337e-17
primary_kappa_0_operator_gain_direction,0.0,False,2.38,0.09255057751034323,0.0,0.09255057751034323,5.551115123125783e-17
primary_kappa_0_operator_gain_direction,0.0,False,2.39,0.09162968387750481,0.0,0.09162968387750481,2.7755575615628914e-17
primary_kappa_0_operator_gain_direction,0.0,False,2.4,0.09071795328941247,0.0,0.09071795328941247,4.163336342344337e-17
primary_kappa_0_operator_gain_direction,0.0,False,2.41,0.08981529457224759,0.0,0.08981529457224759,4.163336342344337e-17
primary_kappa_0_operator_gain_direction,0.0,False,2.42,0.0889216174593863,0.0,0.0889216174593863,4.163336342344337e-17
primary_kappa_0_operator_gain_direction,0.0,False,2.43,0.0880368325823725,0.0,0.0880368325823725,4.163336342344337e-17
primary_kappa_0_operator_gain_direction,0.0,False,2.44,0.08716085146198127,0.0,0.08716085146198127,2.7755575615628914e-17
primary_kappa_0_operator_gain_direction,0.0,False,2.45,0.08629358649937047,0.0,0.08629358649937047,2.7755575615628914e-17
primary_kappa_0_operator_gain_direction,0.0,False,2.46,0.08543495096732119,0.0,0.08543495096732119,4.163336342344337e-17
primary_kappa_0_operator_gain_direction,0.0,False,2.47,0.08458485900156465,0.0,0.08458485900156465,4.163336342344337e-17
primary_kappa_0_operator_gain_direction,0.0,False,2.48,0.08374322559219592,0.0,0.08374322559219592,4.163336342344337e-17
primary_kappa_0_operator_gain_direction,0.0,False,2.49,0.08290996657517263,0.0,0.08290996657517263,2.7755575615628914e-17
primary_kappa_0_operator_gain_direction,0.0,False,2.5,0.08208499862389876,0.0,0.08208499862389876,4.163336342344337e-17
primary_kappa_0_operator_gain_direction,0.0,False,2.5100000000000002,0.08126823924089163,0.0,0.08126823924089163,4.163336342344337e-17
primary_kappa_0_operator_gain_direction,0.0,False,2.52,0.0804596067495324,0.0,0.0804596067495324,4.163336342344337e-17
primary_kappa_0_operator_gain_direction,0.0,False,2.5300000000000002,0.07965902028589797,0.0,0.07965902028589797,4.163336342344337e-17
primary_kappa_0_operator_gain_direction,0.0,False,2.54,0.07886639979067492,0.0,0.07886639979067492,2.7755575615628914e-17
primary_kappa_0_operator_gain_direction,0.0,False,2.5500000000000003,0.0780816660011531,0.0,0.0780816660011531,2.7755575615628914e-17
primary_kappa_0_operator_gain_direction,0.0,False,2.56,0.07730474044329971,0.0,0.07730474044329971,2.7755575615628914e-17
primary_kappa_0_operator_gain_direction,0.0,False,2.57,0.07653554542391149,0.0,0.07653554542391149,2.7755575615628914e-17
primary_kappa_0_operator_gain_direction,0.0,False,2.58,0.07577400402284545,0.0,0.07577400402284545,2.7755575615628914e-17
primary_kappa_0_operator_gain_direction,0.0,False,2.59,0.07502004008532695,0.0,0.07502004008532695,2.7755575615628914e-17
primary_kappa_0_operator_gain_direction,0.0,False,2.6,0.07427357821433385,0.0,0.07427357821433385,2.7755575615628914e-17
primary_kappa_0_operator_gain_direction,0.0,False,2.61,0.07353454376305708,0.0,0.07353454376305708,1.3877787807814457e-17
primary_kappa_0_operator_gain_direction,0.0,False,2.62,0.07280286282743556,0.0,0.07280286282743556,2.7755575615628914e-17
primary_kappa_0_operator_gain_direction,0.0,False,2.63,0.07207846223876609,0.0,0.07207846223876609,1.3877787807814457e-17
primary_kappa_0_operator_gain_direction,0.0,False,2.64,0.07136126955638604,0.0,0.07136126955638604,1.3877787807814457e-17
primary_kappa_0_operator_gain_direction,0.0,False,2.65,0.07065121306042958,0.0,0.07065121306042958,1.3877787807814457e-17
primary_kappa_0_operator_gain_direction,0.0,False,2.66,0.06994822174465534,0.0,0.06994822174465534,1.3877787807814457e-17
primary_kappa_0_operator_gain_direction,0.0,False,2.67,0.06925222530934597,0.0,0.06925222530934597,2.7755575615628914e-17
primary_kappa_0_operator_gain_direction,0.0,False,2.68,0.0685631541542779,0.0,0.0685631541542779,1.3877787807814457e-17
primary_kappa_0_operator_gain_direction,0.0,False,2.69,0.06788093937176143,0.0,0.06788093937176143,1.3877787807814457e-17
primary_kappa_0_operator_gain_direction,0.0,False,2.7,0.06720551273974974,0.0,0.06720551273974974,1.3877787807814457e-17
primary_kappa_0_operator_gain_direction,0.0,False,2.71,0.06653680671501684,0.0,0.06653680671501684,1.3877787807814457e-17
primary_kappa_0_operator_gain_direction,0.0,False,2.72,0.06587475442640293,0.0,0.06587475442640293,1.3877787807814457e-17
primary_kappa_0_operator_gain_direction,0.0,False,2.73,0.06521928966812751,0.0,0.06521928966812751,1.3877787807814457e-17
primary_kappa_0_operator_gain_direction,0.0,False,2.74,0.06457034689316847,0.0,0.06457034689316847,0.0
primary_kappa_0_operator_gain_direction,0.0,False,2.75,0.06392786120670756,0.0,0.06392786120670756,1.3877787807814457e-17
primary_kappa_0_operator_gain_direction,0.0,False,2.7600000000000002,0.0632917683596407,0.0,0.0632917683596407,0.0
primary_kappa_0_operator_gain_direction,0.0,False,2.77,0.06266200474215314,0.0,0.06266200474215314,1.3877787807814457e-17
primary_kappa_0_operator_gain_direction,0.0,False,2.7800000000000002,0.06203850737735828,0.0,0.06203850737735828,6.938893903907228e-18
primary_kappa_0_operator_gain_direction,0.0,False,2.79,0.06142121391500011,0.0,0.06142121391500011,1.3877787807814457e-17
primary_kappa_0_operator_gain_direction,0.0,False,2.8000000000000003,0.06081006262521794,0.0,0.06081006262521794,1.3877787807814457e-17
primary_kappa_0_operator_gain_direction,0.0,False,2.81,0.06020499239237353,0.0,0.06020499239237353,1.3877787807814457e-17
primary_kappa_0_operator_gain_direction,0.0,False,2.82,0.059605942708939354,0.0,0.059605942708939354,1.3877787807814457e-17
primary_kappa_0_operator_gain_direction,0.0,False,2.83,0.05901285366944783,0.0,0.05901285366944783,1.3877787807814457e-17
primary_kappa_0_operator_gain_direction,0.0,False,2.84,0.05842566596450082,0.0,0.05842566596450082,6.938893903907228e-18
primary_kappa_0_operator_gain_direction,0.0,False,2.85,0.05784432087483845,0.0,0.05784432087483845,6.938893903907228e-18
primary_kappa_0_operator_gain_direction,0.0,False,2.86,0.05726876026546735,0.0,0.05726876026546735,6.938893903907228e-18
primary_kappa_0_operator_gain_direction,0.0,False,2.87,0.056698926579846896,0.0,0.056698926579846896,6.938893903907228e-18
primary_kappa_0_operator_gain_direction,0.0,False,2.88,0.05613476283413372,0.0,0.05613476283413372,6.938893903907228e-18
primary_kappa_0_operator_gain_direction,0.0,False,2.89,0.05557621261148305,0.0,0.05557621261148305,6.938893903907228e-18
primary_kappa_0_operator_gain_direction,0.0,False,2.9,0.055023220056407224,0.0,0.055023220056407224,6.938893903907228e-18
primary_kappa_0_operator_gain_direction,0.0,False,2.91,0.054475729869189846,0.0,0.054475729869189846,1.3877787807814457e-17
primary_kappa_0_operator_gain_direction,0.0,False,2.92,0.053933687300356005,0.0,0.053933687300356005,1.3877787807814457e-17
primary_kappa_0_operator_gain_direction,0.0,False,2.93,0.05339703814519707,0.0,0.05339703814519707,1.3877787807814457e-17
primary_kappa_0_operator_gain_direction,0.0,False,2.94,0.052865728738350354,0.0,0.052865728738350354,1.3877787807814457e-17
primary_kappa_0_operator_gain_direction,0.0,False,2.95,0.052339705948432375,0.0,0.052339705948432375,6.938893903907228e-18
primary_kappa_0_operator_gain_direction,0.0,False,2.96,0.051818917172725826,0.0,0.051818917172725826,6.938893903907228e-18
primary_kappa_0_operator_gain_direction,0.0,False,2.97,0.0513033103319191,0.0,0.0513033103319191,6.938893903907228e-18
primary_kappa_0_operator_gain_direction,0.0,False,2.98,0.05079283386489849,0.0,0.05079283386489849,1.3877787807814457e-17
primary_kappa_0_operator_gain_direction,0.0,False,2.99,0.05028743672359185,0.0,0.05028743672359185,1.3877787807814457e-17
primary_kappa_0_operator_gain_direction,0.0,False,3.0,0.04978706836786393,0.0,0.04978706836786393,1.3877787807814457e-17
primary_kappa_0_operator_gain_direction,0.0,False,3.0100000000000002,0.04929167876046214,0.0,0.04929167876046214,6.938893903907228e-18
primary_kappa_0_operator_gain_direction,0.0,False,3.02,0.048801218362012955,0.0,0.048801218362012955,6.938893903907228e-18
primary_kappa_0_operator_gain_direction,0.0,False,3.0300000000000002,0.04831563812606776,0.0,0.04831563812606776,6.938893903907228e-18
primary_kappa_0_operator_gain_direction,0.0,False,3.04,0.04783488949419836,0.0,0.04783488949419836,6.938893903907228e-18
primary_kappa_0_operator_gain_direction,0.0,False,3.0500000000000003,0.0473589243911409,0.0,0.0473589243911409,6.938893903907228e-18
primary_kappa_0_operator_gain_direction,0.0,False,3.06,0.04688769521998848,0.0,0.04688769521998848,6.938893903907228e-18
primary_kappa_0_operator_gain_direction,0.0,False,3.0700000000000003,0.04642115485743124,0.0,0.04642115485743124,6.938893903907228e-18
primary_kappa_0_operator_gain_direction,0.0,False,3.08,0.0459592566490442,0.0,0.0459592566490442,6.938893903907228e-18
primary_kappa_0_operator_gain_direction,0.0,False,3.09,0.04550195440462156,0.0,0.04550195440462156,6.938893903907228e-18
primary_kappa_0_operator_gain_direction,0.0,False,3.1,0.045049202393557794,0.0,0.045049202393557794,6.938893903907228e-18
primary_kappa_0_operator_gain_direction,0.0,False,3.11,0.04460095534027453,0.0,0.04460095534027453,6.938893903907228e-18
primary_kappa_0_operator_gain_direction,0.0,False,3.12,0.044157168419692854,0.0,0.044157168419692854,6.938893903907228e-18
primary_kappa_0_operator_gain_direction,0.0,False,3.13,0.043717797252750934,0.0,0.043717797252750934,6.938893903907228e-18
primary_kappa_0_operator_gain_direction,0.0,False,3.14,0.04328279790196589,0.0,0.04328279790196589,6.938893903907228e-18
primary_kappa_0_operator_gain_direction,0.0,False,3.15,0.04285212686704017,0.0,0.04285212686704017,1.3877787807814457e-17
primary_kappa_0_operator_gain_direction,0.0,False,3.16,0.04242574108051137,0.0,0.04242574108051137,1.3877787807814457e-17
primary_kappa_0_operator_gain_direction,0.0,False,3.17,0.042003597903445544,0.0,0.042003597903445544,6.938893903907228e-18
primary_kappa_0_operator_gain_direction,0.0,False,3.18,0.041585655121173154,0.0,0.041585655121173154,6.938893903907228e-18
primary_kappa_0_operator_gain_direction,0.0,False,3.19,0.041171870939067726,0.0,0.041171870939067726,1.3877787807814457e-17
primary_kappa_0_operator_gain_direction,0.0,False,3.2,0.0407622039783662,0.0,0.0407622039783662,1.3877787807814457e-17
primary_kappa_0_operator_gain_direction,0.0,False,3.21,0.04035661327203114,0.0,0.04035661327203114,6.938893903907228e-18
primary_kappa_0_operator_gain_direction,0.0,False,3.22,0.03995505826065389,0.0,0.03995505826065389,6.938893903907228e-18
primary_kappa_0_operator_gain_direction,0.0,False,3.23,0.03955749878839871,0.0,0.03955749878839871,1.3877787807814457e-17
primary_kappa_0_operator_gain_direction,0.0,False,3.24,0.03916389509898705,0.0,0.03916389509898705,1.3877787807814457e-17
primary_kappa_0_operator_gain_direction,0.0,False,3.25,0.038774207831721995,0.0,0.038774207831721995,1.3877787807814457e-17
primary_kappa_0_operator_gain_direction,0.0,False,3.2600000000000002,0.03838839801755204,0.0,0.03838839801755204,1.3877787807814457e-17
primary_kappa_0_operator_gain_direction,0.0,False,3.27,0.0380064270751743,0.0,0.0380064270751743,1.3877787807814457e-17
primary_kappa_0_operator_gain_direction,0.0,False,3.2800000000000002,0.037628256807176186,0.0,0.037628256807176186,1.3877787807814457e-17
primary_kappa_0_operator_gain_direction,0.0,False,3.29,0.03725384939621579,0.0,0.03725384939621579,2.0816681711721685e-17
primary_kappa_0_operator_gain_direction,0.0,False,3.3000000000000003,0.03688316740123998,0.0,0.03688316740123998,1.3877787807814457e-17
primary_kappa_0_operator_gain_direction,0.0,False,3.31,0.03651617375374038,0.0,0.03651617375374038,2.0816681711721685e-17
primary_kappa_0_operator_gain_direction,0.0,False,3.3200000000000003,0.03615283175404639,0.0,0.03615283175404639,2.0816681711721685e-17
primary_kappa_0_operator_gain_direction,0.0,False,3.33,0.035793105067655276,0.0,0.035793105067655276,2.0816681711721685e-17
primary_kappa_0_operator_gain_direction,0.0,False,3.34,0.03543695772159862,0.0,0.03543695772159862,2.0816681711721685e-17
primary_kappa_0_operator_gain_direction,0.0,False,3.35,0.035084354100845004,0.0,0.035084354100845004,2.0816681711721685e-17
primary_kappa_0_operator_gain_direction,0.0,False,3.36,0.03473525894473854,0.0,0.03473525894473854,2.0816681711721685e-17
primary_kappa_0_operator_gain_direction,0.0,False,3.37,0.03438963734347269,0.0,0.03438963734347269,2.0816681711721685e-17
primary_kappa_0_operator_gain_direction,0.0,False,3.38,0.034047454734599324,0.0,0.034047454734599324,2.0816681711721685e-17
primary_kappa_0_operator_gain_direction,0.0,False,3.39,0.03370867689957238,0.0,0.03370867689957238,1.3877787807814457e-17
primary_kappa_0_operator_gain_direction,0.0,False,3.4,0.033373269960326066,0.0,0.033373269960326066,1.3877787807814457e-17
primary_kappa_0_operator_gain_direction,0.0,False,3.41,0.03304120037588691,0.0,0.03304120037588691,2.0816681711721685e-17
primary_kappa_0_operator_gain_direction,0.0,False,3.42,0.0327124349390198,0.0,0.0327124349390198,2.0816681711721685e-17
primary_kappa_0_operator_gain_direction,0.0,False,3.43,0.03238694077290702,0.0,0.03238694077290702,2.0816681711721685e-17
primary_kappa_0_operator_gain_direction,0.0,False,3.44,0.032064685327860755,0.0,0.032064685327860755,1.3877787807814457e-17
primary_kappa_0_operator_gain_direction,0.0,False,3.45,0.03174563637806792,0.0,0.03174563637806792,2.0816681711721685e-17
primary_kappa_0_operator_gain_direction,0.0,False,3.46,0.031429762018367696,0.0,0.031429762018367696,1.3877787807814457e-17
primary_kappa_0_operator_gain_direction,0.0,False,3.47,0.031117030661060845,0.0,0.031117030661060845,1.3877787807814457e-17
primary_kappa_0_operator_gain_direction,0.0,False,3.48,0.03080741103275106,0.0,0.03080741103275106,1.734723475976807e-17
primary_kappa_0_operator_gain_direction,0.0,False,3.49,0.030500872171217466,0.0,0.030500872171217466,1.734723475976807e-17
primary_kappa_0_operator_gain_direction,0.0,False,3.5,0.030197383422318487,0.0,0.030197383422318487,1.3877787807814457e-17
primary_kappa_0_operator_gain_direction,0.0,False,3.5100000000000002,0.029896914436926294,0.0,0.029896914436926294,1.3877787807814457e-17
primary_kappa_0_operator_gain_direction,0.0,False,3.52,0.029599435167891982,0.0,0.029599435167891982,1.734723475976807e-17
primary_kappa_0_operator_gain_direction,0.0,False,3.5300000000000002,0.029304915867040728,0.0,0.029304915867040728,1.734723475976807e-17
primary_kappa_0_operator_gain_direction,0.0,False,3.54,0.029013327082197036,0.0,0.029013327082197036,1.734723475976807e-17
primary_kappa_0_operator_gain_direction,0.0,False,3.5500000000000003,0.028724639654239402,0.0,0.028724639654239402,2.0816681711721685e-17
primary_kappa_0_operator_gain_direction,0.0,False,3.56,0.028438824714184487,0.0,0.028438824714184487,1.734723475976807e-17
primary_kappa_0_operator_gain_direction,0.0,False,3.5700000000000003,0.028155853680300078,0.0,0.028155853680300078,1.734723475976807e-17
primary_kappa_0_operator_gain_direction,0.0,False,3.58,0.027875698255246998,0.0,0.027875698255246998,1.734723475976807e-17
primary_kappa_0_operator_gain_direction,0.0,False,3.59,0.027598330423249273,0.0,0.027598330423249273,1.3877787807814457e-17
primary_kappa_0_operator_gain_direction,0.0,False,3.6,0.02732372244729254,0.0,0.02732372244729254,1.734723475976807e-17
primary_kappa_0_operator_gain_direction,0.0,False,3.61,0.0270518468663504,0.0,0.0270518468663504,1.734723475976807e-17
primary_kappa_0_operator_gain_direction,0.0,False,3.62,0.026782676492638158,0.0,0.026782676492638158,1.734723475976807e-17
primary_kappa_0_operator_gain_direction,0.0,False,3.63,0.026516184408894167,0.0,0.026516184408894167,1.3877787807814457e-17
primary_kappa_0_operator_gain_direction,0.0,False,3.64,0.026252343965687947,0.0,0.026252343965687947,1.3877787807814457e-17
primary_kappa_0_operator_gain_direction,0.0,False,3.65,0.02599112877875533,0.0,0.02599112877875533,1.734723475976807e-17
primary_kappa_0_operator_gain_direction,0.0,False,3.66,0.02573251272635993,0.0,0.02573251272635993,1.0408340855860843e-17
primary_kappa_0_operator_gain_direction,0.0,False,3.67,0.025476469946681006,0.0,0.025476469946681006,1.0408340855860843e-17
primary_kappa_0_operator_gain_direction,0.0,False,3.68,0.0252229748352272,0.0,0.0252229748352272,1.3877787807814457e-17
primary_kappa_0_operator_gain_direction,0.0,False,3.69,0.02497200204227614,0.0,0.02497200204227614,1.3877787807814457e-17
primary_kappa_0_operator_gain_direction,0.0,False,3.7,0.024723526470339374,0.0,0.024723526470339374,1.3877787807814457e-17
primary_kappa_0_operator_gain_direction,0.0,False,3.71,0.024477523271652656,0.0,0.024477523271652656,1.3877787807814457e-17
primary_kappa_0_operator_gain_direction,0.0,False,3.72,0.0242339678456911,0.0,0.0242339678456911,1.3877787807814457e-17
primary_kappa_0_operator_gain_direction,0.0,False,3.73,0.02399283583670916,0.0,0.02399283583670916,1.3877787807814457e-17
primary_kappa_0_operator_gain_direction,0.0,False,3.74,0.02375410313130498,0.0,0.02375410313130498,1.734723475976807e-17
primary_kappa_0_operator_gain_direction,0.0,False,3.75,0.023517745856009093,0.0,0.023517745856009093,1.3877787807814457e-17
primary_kappa_0_operator_gain_direction,0.0,False,3.7600000000000002,0.023283740374896982,0.0,0.023283740374896982,1.734723475976807e-17
primary_kappa_0_operator_gain_direction,0.0,False,3.77,0.023052063287225553,0.0,0.023052063287225553,1.734723475976807e-17
primary_kappa_0_operator_gain_direction,0.0,False,3.7800000000000002,0.022822691425092953,0.0,0.022822691425092953,1.734723475976807e-17
primary_kappa_0_operator_gain_direction,0.0,False,3.79,0.022595601851121846,0.0,0.022595601851121846,1.734723475976807e-17
primary_kappa_0_operator_gain_direction,0.0,False,3.8000000000000003,0.022370771856165574,0.0,0.022370771856165574,1.734723475976807e-17
primary_kappa_0_operator_gain_direction,0.0,False,3.81,0.022148178957037298,0.0,0.022148178957037298,1.734723475976807e-17
primary_kappa_0_operator_gain_direction,0.0,False,3.8200000000000003,0.021927800894261593,0.0,0.021927800894261593,1.734723475976807e-17
primary_kappa_0_operator_gain_direction,0.0,False,3.83,0.021709615629848553,0.0,0.021709615629848553,1.734723475976807e-17
primary_kappa_0_operator_gain_direction,0.0,False,3.84,0.021493601345089906,0.0,0.021493601345089906,1.734723475976807e-17
primary_kappa_0_operator_gain_direction,0.0,False,3.85,0.02127973643837715,0.0,0.02127973643837715,1.734723475976807e-17
primary_kappa_0_operator_gain_direction,0.0,False,3.86,0.021067999523041416,0.0,0.021067999523041416,1.734723475976807e-17
primary_kappa_0_operator_gain_direction,0.0,False,3.87,0.020858369425214702,0.0,0.020858369425214702,1.734723475976807e-17
primary_kappa_0_operator_gain_direction,0.0,False,3.88,0.02065082518171255,0.0,0.02065082518171255,1.734723475976807e-17
primary_kappa_0_operator_gain_direction,0.0,False,3.89,0.02044534603793764,0.0,0.02044534603793764,1.3877787807814457e-17
primary_kappa_0_operator_gain_direction,0.0,False,3.9,0.020241911445804374,0.0,0.020241911445804374,1.734723475976807e-17
primary_kappa_0_operator_gain_direction,0.0,False,3.91,0.020040501061683997,0.0,0.020040501061683997,1.734723475976807e-17
primary_kappa_0_operator_gain_direction,0.0,False,3.92,0.01984109474437027,0.0,0.01984109474437027,1.734723475976807e-17
primary_kappa_0_operator_gain_direction,0.0,False,3.93,0.019643672553065275,0.0,0.019643672553065275,1.734723475976807e-17
primary_kappa_0_operator_gain_direction,0.0,False,3.94,0.019448214745385373,0.0,0.019448214745385373,1.734723475976807e-17
primary_kappa_0_operator_gain_direction,0.0,False,3.95,0.019254701775386903,0.0,0.019254701775386903,1.734723475976807e-17
primary_kappa_0_operator_gain_direction,0.0,False,3.96,0.01906311429161162,0.0,0.01906311429161162,1.734723475976807e-17
primary_kappa_0_operator_gain_direction,0.0,False,3.97,0.01887343313515147,0.0,0.01887343313515147,1.734723475976807e-17
primary_kappa_0_operator_gain_direction,0.0,False,3.98,0.018685639337732755,0.0,0.018685639337732755,1.734723475976807e-17
primary_kappa_0_operator_gain_direction,0.0,False,3.99,0.018499714119819224,0.0,0.018499714119819224,1.734723475976807e-17
primary_kappa_0_operator_gain_direction,0.0,False,4.0,0.018315638888734165,0.0,0.018315638888734165,1.3877787807814457e-17
primary_kappa_4_operator_gain_direction,4.0,False,0.0,0.505638201731562,0.8627456223880084,0.9999999999999999,0.0
primary_kappa_4_operator_gain_direction,4.0,False,0.01,0.5346031997500954,0.8456621144659368,1.0004723849392545,3.3306690738754696e-16
primary_kappa_4_operator_gain_direction,4.0,False,0.02,0.5626068217130512,0.8289168826652966,1.0018131733040918,2.220446049250313e-16
primary_kappa_4_operator_gain_direction,4.0,False,0.03,0.5896719631213959,0.8125032286700952,1.0039295397042414,2.220446049250313e-16
primary_kappa_4_operator_gain_direction,4.0,False,0.04,0.6158210277173136,0.7964145867998825,1.0067331981445908,2.482534153247273e-16
primary_kappa_4_operator_gain_direction,4.0,False,0.05,0.6410759376037422,0.7806445213833925,1.0101406964083879,1.1102230246251565e-16
primary_kappa_4_operator_gain_direction,4.0,False,0.06,0.6654581431597301,0.7651867241841883,1.0140735984953582,1.1102230246251565e-16
primary_kappa_4_operator_gain_direction,4.0,False,0.07,0.6889886327556918,0.7500350118772834,1.0184585681844471,2.482534153247273e-16
primary_kappa_4_operator_gain_direction,4.0,False,0.08,0.7116879422725593,0.7351833235757297,1.02322736790999,1.1102230246251565e-16
primary_kappa_4_operator_gain_direction,4.0,False,0.09,0.733576164428758,0.7206257184061813,1.0283167873016725,0.0
primary_kappa_4_operator_gain_direction,4.0,False,0.1,0.7546729579188372,0.7063563731324662,1.033668515182125,2.220446049250313e-16
primary_kappa_4_operator_gain_direction,4.0,False,0.11,0.7749975563675323,0.6923695798262149,1.0392289677661877,1.1102230246251565e-16
primary_kappa_4_operator_gain_direction,4.0,False,0.12,0.7945687771029428,0.6786597435836114,1.0449490844571514,5.661048867003676e-16
primary_kappa_4_operator_gain_direction,4.0,False,0.13,0.8134050297524437,0.6652213802873587,1.0507841011444703,1.1102230246251565e-16
primary_kappa_4_operator_gain_direction,4.0,False,0.14,0.8315243246648801,0.6520491144129574,1.0566933093930835,1.1102230246251565e-16
primary_kappa_4_operator_gain_direction,4.0,False,0.15,0.8489442811625145,0.6391376768784256,1.0626398084600865,1.5700924586837752e-16
primary_kappa_4_operator_gain_direction,4.0,False,0.16,0.8656821356261358,0.6264819029365946,1.0685902557338263,1.1102230246251565e-16
primary_kappa_4_operator_gain_direction,4.0,False,0.17,0.8817547494166665,0.6140767301091413,1.074514619993783,0.0
primary_kappa_4_operator_gain_direction,4.0,False,0.18,0.8971786166365392,0.6019171961615308,1.0803859408492935,1.1102230246251565e-16
primary_kappa_4_operator_gain_direction,4.0,False,0.19,0.9119698717340521,0.5899984371180544,1.0861800968312623,1.1102230246251565e-16
primary_kappa_4_operator_gain_direction,4.0,False,0.2,0.9261442969538394,0.578315685316176,1.091875583875214,4.577566798522237e-16
primary_kappa_4_operator_gain_direction,4.0,False,0.21,0.9397173296365428,0.5668642674994028,1.0974533053332471,0.0
primary_kappa_4_operator_gain_direction,4.0,False,0.22,0.9527040693707011,0.5556396029479201,1.1028963741710351,4.002966042486721e-16
primary_kappa_4_operator_gain_direction,4.0,False,0.23,0.9651192849998123,0.5446372016462436,1.108189927627751,1.5700924586837752e-16
primary_kappa_4_operator_gain_direction,4.0,False,0.24,0.9769774214874756,0.5338526624871518,1.1133209543258122,1.5700924586837752e-16
primary_kappa_4_operator_gain_direction,4.0,False,0.25,0.9882926066434466,0.5232816715111852,1.118278133598989,1.5700924586837752e-16
primary_kappa_4_operator_gain_direction,4.0,False,0.26,0.9990786577133987,0.5129200001810051,1.1230516866485214,2.220446049250313e-16
primary_kappa_4_operator_gain_direction,4.0,False,0.27,1.0093490878351143,0.5027635036899218,1.1276332390259447,2.482534153247273e-16
primary_kappa_4_operator_gain_direction,4.0,False,0.28,1.0191171123637852,0.4928081193039173,1.1320156938684922,1.1102230246251565e-16
primary_kappa_4_operator_gain_direction,4.0,False,0.29,1.028395655069044,0.483049864736497,1.1361931152699511,5.551115123125783e-17
primary_kappa_4_operator_gain_direction,4.0,False,0.3,1.0371973542062938,0.473484836555722,1.1401606211498163,2.482534153247273e-16
primary_kappa_4_operator_gain_direction,4.0,False,0.31,1.045534568464858,0.46410920862278454,1.143914284980944,5.551115123125783e-17
primary_kappa_4_operator_gain_direction,4.0,False,0.32,1.0534193827954181,0.45491923056150146,1.1474510457460694,1.1102230246251565e-16
primary_kappa_4_operator_gain_direction,4.0,False,0.33,1.060863614119156,0.4459112262581137,1.1507686255129537,2.2887833992611187e-16
primary_kappa_4_operator_gain_direction,4.0,False,0.34,1.067878816920979,0.4370815923907914,1.1538654540436764,2.2887833992611187e-16
primary_kappa_4_operator_gain_direction,4.0,False,0.35000000000000003,1.0744762887291412,0.4284267969882577,1.1567405998834686,2.482534153247273e-16
primary_kappa_4_operator_gain_direction,4.0,False,0.36,1.0806670754835506,0.41994337801695286,1.159393707406789,2.482534153247273e-16
primary_kappa_4_operator_gain_direction,4.0,False,0.37,1.0864619767949841,0.41162794199617436,1.16182493933177,1.1102230246251565e-16
primary_kappa_4_operator_gain_direction,4.0,False,0.38,1.0918715510974044,0.40347716264064015,1.1640349242477193,1.1102230246251565e-16
primary_kappa_4_operator_gain_direction,4.0,False,0.39,1.096906120695521,0.3954877795299294,1.1660247087334004,5.551115123125783e-17
primary_kappa_4_operator_gain_direction,4.0,False,0.4,1.101575776709697,0.38765659680427134,1.1677957136757446,4.577566798522237e-16
primary_kappa_4_operator_gain_direction,4.0,False,0.41000000000000003,1.1058903839202605,0.3799804818861585,1.169349694429232,2.482534153247273e-16
primary_kappa_4_operator_gain_direction,4.0,False,0.42,1.109859585513241,0.37245636422727413,1.1706887044851089,1.6653345369377348e-16
primary_kappa_4_operator_gain_direction,4.0,False,0.43,1.1134928077295072,0.36508123408023174,1.171815062346822,1.1102230246251565e-16
primary_kappa_4_operator_gain_direction,4.0,False,0.44,1.1167992644192466,0.35785214129463616,1.1727313213334616,4.577566798522237e-16
primary_kappa_4_operator_gain_direction,4.0,False,0.45,1.119787961503686,0.3507661941369839,1.173440242056631,2.482534153247273e-16
primary_kappa_4_operator_gain_direction,4.0,False,0.46,1.122467701345916,0.3438205581339314,1.1739447673380177,5.551115123125783e-17
primary_kappa_4_operator_gain_direction,4.0,False,0.47000000000000003,1.124847087032644,0.3370124549384676,1.1742479993551094,1.6653345369377348e-16
primary_kappa_4_operator_gain_direction,4.0,False,0.48,1.1269345265686659,0.3303391612185387,1.1743531788210524,1.1102230246251565e-16
primary_kappa_4_operator_gain_direction,4.0,False,0.49,1.1287382369858086,0.32379800756767796,1.1742636660216603,2.482534153247273e-16
primary_kappa_4_operator_gain_direction,4.0,False,0.5,1.13026624836806,0.3173863774372086,1.1739829235481762,2.7755575615628914e-16
primary_kappa_4_operator_gain_direction,4.0,False,0.51,1.1315264077945741,0.311101706089589,1.1735145005786447,1.1102230246251565e-16
primary_kappa_4_operator_gain_direction,4.0,False,0.52,1.132526383202199,0.3049414795724832,1.1728620185737575,2.7755575615628914e-16
primary_kappa_4_operator_gain_direction,4.0,False,0.53,1.1332736671691448,0.29890323371314703,1.1720291582649205,2.7755575615628914e-16
primary_kappa_4_operator_gain_direction,4.0,False,0.54,1.1337755806213785,0.29298455313272576,1.1710196478230956,2.482534153247273e-16
primary_kappa_4_operator_gain_direction,4.0,False,0.55,1.1340392764632987,0.28718307028007034,1.1698372521068432,2.7755575615628914e-16
primary_kappa_4_operator_gain_direction,4.0,False,0.56,1.1340717431342102,0.2814964644846856,1.16848576289694,2.482534153247273e-16
primary_kappa_4_operator_gain_direction,4.0,False,0.5700000000000001,1.1338798080920964,0.275922461028431,1.1669689900331353,4.577566798522237e-16
primary_kappa_4_operator_gain_direction,4.0,False,0.58,1.1334701412261445,0.27045883023560296,1.165290753376009,1.6653345369377348e-16
primary_kappa_4_operator_gain_direction,4.0,False,0.59,1.1328492581994631,0.265103386581035,1.163454875523674,4.742874840267547e-16
primary_kappa_4_operator_gain_direction,4.0,False,0.6,1.1320235237233938,0.2598539878158584,1.1614651752191856,4.742874840267547e-16
primary_kappa_4_operator_gain_direction,4.0,False,0.61,1.1309991547647924,0.25470853411057415,1.1593254613901276,4.577566798522237e-16
primary_kappa_4_operator_gain_direction,4.0,False,0.62,1.1297822236876327,0.24966496721509318,1.157039527766915,2.482534153247273e-16
primary_kappa_4_operator_gain_direction,4.0,False,0.63,1.1283786613302484,0.2447212696354089,1.1546111480309766,2.618455766672135e-16
primary_kappa_4_operator_gain_direction,4.0,False,0.64,1.1267942600195187,0.23987546382657254,1.1520440714482012,4.652682298944613e-16
primary_kappa_4_operator_gain_direction,4.0,False,0.65,1.1250346765232564,0.23512561140164898,1.1493420189468353,2.482534153247273e-16
primary_kappa_4_operator_gain_direction,4.0,False,0.66,1.123105434942051,0.230469812356336,1.1465086796025306,2.482534153247273e-16
primary_kappa_4_operator_gain_direction,4.0,False,0.67,1.121011929541785,0.22590620430893738,1.143547707496398,1.6653345369377348e-16
primary_kappa_4_operator_gain_direction,4.0,False,0.68,1.1187594275280135,0.22143296175538524,1.1404627189148142,1.3877787807814457e-16
primary_kappa_4_operator_gain_direction,4.0,False,0.6900000000000001,1.116353071763388,0.2170482953390141,1.1372572898623794,1.1102230246251565e-16
primary_kappa_4_operator_gain_direction,4.0,False,0.7000000000000001,1.1137978834292628,0.2127504511347944,1.1339349538618009,1.1102230246251565e-16
primary_kappa_4_operator_gain_direction,4.0,False,0.71,1.111098764632615,0.20853770994773918,1.1304992000166876,2.482534153247273e-16
primary_kappa_4_operator_gain_direction,4.0,False,0.72,1.1082605009593807,0.2044083866252029,1.126953471315234,2.618455766672135e-16
primary_kappa_4_operator_gain_direction,4.0,False,0.73,1.105287763975283,0.20036082938279817,1.123301163154585,2.618455766672135e-16
primary_kappa_4_operator_gain_direction,4.0,False,0.74,1.1021851136752179,0.1963934191436599,1.1195456220673592,2.618455766672135e-16
primary_kappa_4_operator_gain_direction,4.0,False,0.75,1.09895700088223,0.19250456889079295,1.1156901446333098,2.618455766672135e-16
primary_kappa_4_operator_gain_direction,4.0,False,0.76,1.0956077695970992,0.18869272303224413,1.1117379765605084,2.482534153247273e-16
primary_kappa_4_operator_gain_direction,4.0,False,0.77,1.0921416592995303,0.1849563567788447,1.1076923119216973,2.7755575615628914e-16
primary_kappa_4_operator_gain_direction,4.0,False,0.78,1.0885628072019307,0.18129397553427448,1.1035562925326328,2.618455766672135e-16
primary_kappa_4_operator_gain_direction,4.0,False,0.79,1.0848752504567232,0.17770411429720318,1.0993330074602925,4.652682298944613e-16
primary_kappa_4_operator_gain_direction,4.0,False,0.8,1.0810829283181402,0.17418533707527056,1.0950254926498062,2.618455766672135e-16
primary_kappa_4_operator_gain_direction,4.0,False,0.81,1.0771896842594153,0.1707362363106702,1.0906367306598619,2.482534153247273e-16
primary_kappa_4_operator_gain_direction,4.0,False,0.8200000000000001,1.0731992680462734,0.16735543231710756,1.086169650497151,2.7755575615628914e-16
primary_kappa_4_operator_gain_direction,4.0,False,0.8300000000000001,1.0691153377676024,0.16404157272790731,1.081627127541178,4.652682298944613e-16
primary_kappa_4_operator_gain_direction,4.0,False,0.84,1.0649414618241737,0.1607933319550484,1.0770119835514433,6.753223014464259e-16
primary_kappa_4_operator_gain_direction,4.0,False,0.85,1.0606811208762565,0.15760941065891115,1.0723269867496394,4.652682298944613e-16
primary_kappa_4_operator_gain_direction,4.0,False,0.86,1.0563377097509592,0.1544885352285243,1.0675748519700885,4.577566798522237e-16
primary_kappa_4_operator_gain_direction,4.0,False,0.87,1.0519145393101121,0.15142945727210344,1.0627582408721794,4.577566798522237e-16
primary_kappa_4_operator_gain_direction,4.0,False,0.88,1.0474148382794892,0.14843095311767776,1.0578797622090474,4.652682298944613e-16
primary_kappa_4_operator_gain_direction,4.0,False,0.89,1.0428417550401499,0.1454918233236049,1.0529419721472058,6.804363002006077e-16
primary_kappa_4_operator_gain_direction,4.0,False,0.9,1.0381983593826711,0.1426108921987784,1.0479473746322385,4.577566798522237e-16
primary_kappa_4_operator_gain_direction,4.0,False,0.91,1.0334876442250156,0.1397870073323353,1.0428984217960553,6.713178136967714e-16
primary_kappa_4_operator_gain_direction,4.0,False,0.92,1.0287125272947784,0.13701903913267668,1.037797514401558,4.652682298944613e-16
primary_kappa_4_operator_gain_direction,4.0,False,0.93,1.0238758527765268,0.13430588037561608,1.0326470023208945,2.618455766672135e-16
primary_kappa_4_operator_gain_direction,4.0,False,0.9400000000000001,1.0189803929249466,0.13164644576147466,1.0274491850437701,6.804363002006077e-16
primary_kappa_4_operator_gain_direction,4.0,False,0.9500000000000001,1.014028849644484,0.12903967148094717,1.0222063122125722,6.804363002006077e-16
primary_kappa_4_operator_gain_direction,4.0,False,0.96,1.0090238560361617,0.12648451478956402,1.0169205841812998,6.753223014464259e-16
primary_kappa_4_operator_gain_direction,4.0,False,0.97,1.0039679779122375,0.1239799535905793,1.01159415259555,4.613190423717512e-16
primary_kappa_4_operator_gain_direction,4.0,False,0.98,0.9988637152793538,0.12152498602611893,1.0062291209910008,5.661048867003676e-16
primary_kappa_4_operator_gain_direction,4.0,False,0.99,0.9937135037908217,0.11911863007642375,1.0008275454080564,4.613190423717512e-16
primary_kappa_4_operator_gain_direction,4.0,False,1.0,0.9885197161686593,0.11675992316702871,0.9953914350204834,4.613190423717512e-16
primary_kappa_4_operator_gain_direction,4.0,False,1.01,0.9832846635960046,0.11444792178372025,0.989922752776054,5.613217783960923e-16
primary_kappa_4_operator_gain_direction,4.0,False,1.02,0.9780105970804996,0.11218170109511787,0.9844234160473581,4.545902364027965e-16
primary_kappa_4_operator_gain_direction,4.0,False,1.03,0.9726997087892364,0.10996035458272951,0.9788952972910968,4.545902364027965e-16
primary_kappa_4_operator_gain_direction,4.0,False,1.04,0.9673541333558439,0.10778299367833186,0.9733402247143077,5.635475559608569e-16
primary_kappa_4_operator_gain_direction,4.0,False,1.05,0.961975949160279,0.10564874740853128,0.9677599829460873,4.545902364027965e-16
primary_kappa_4_operator_gain_direction,4.0,False,1.06,0.9565671795818779,0.10355676204636287,0.9621563137135024,4.518280359883027e-16
primary_kappa_4_operator_gain_direction,4.0,False,1.07,0.9511297942262108,0.10150620076978821,0.9565309165204806,2.482534153247273e-16
primary_kappa_4_operator_gain_direction,4.0,False,1.08,0.9456657101262721,0.09949624332695554,0.9508854493285736,3.510833468576701e-16
primary_kappa_4_operator_gain_direction,4.0,False,1.09,0.9401767929185294,0.09752608570808793,0.9452215292385762,5.635475559608569e-16
primary_kappa_4_operator_gain_direction,4.0,False,1.1,0.9346648579943395,0.0955949398238687,0.9395407331720684,5.635475559608569e-16
primary_kappa_4_operator_gain_direction,4.0,False,1.11,0.9291316716272364,0.09370203319019522,0.9338445985520284,6.6973807122470445e-16
primary_kappa_4_operator_gain_direction,4.0,False,1.12,0.9235789520765797,0.0918466086191749,0.9281346239817352,4.518280359883027e-16
primary_kappa_4_operator_gain_direction,4.0,False,1.1300000000000001,0.9180083706680444,0.09002792391624004,0.9224122699212461,4.494775313252277e-16
primary_kappa_4_operator_gain_direction,4.0,False,1.1400000000000001,0.9124215528514269,0.08824525158325998,0.9166789593608016,2.3714374201337736e-16
primary_kappa_4_operator_gain_direction,4.0,False,1.1500000000000001,0.906820079236224,0.08649787852753228,0.9109360784905576,5.594315114139762e-16
primary_kappa_4_operator_gain_direction,4.0,False,1.16,0.9012054866054433,0.08478510577653606,0.9051849773661139,4.494775313252277e-16
primary_kappa_4_operator_gain_direction,4.0,False,1.17,0.8955792689080836,0.08310624819833355,0.8994269705693401,5.613217783960923e-16
primary_kappa_4_operator_gain_direction,4.0,False,1.18,0.8899428782307247,0.08146063422750847,0.8936633378640608,4.494775313252277e-16
primary_kappa_4_operator_gain_direction,4.0,False,1.19,0.8842977257486486,0.07984760559653066,0.8878953248461956,5.613217783960923e-16
primary_kappa_4_operator_gain_direction,4.0,False,1.2,0.8786451826569127,0.07826651707244041,0.8821241435879931,5.594315114139762e-16
primary_kappa_4_operator_gain_direction,4.0,False,1.21,0.8729865810817816,0.07671673619874661,0.8763509732760306,3.3766115072321297e-16
primary_kappa_4_operator_gain_direction,4.0,False,1.22,0.8673232149729209,0.07519764304243574,0.8705769608426938,3.4021815010030383e-16
primary_kappa_4_operator_gain_direction,4.0,False,1.23,0.8616563409767435,0.07370862994599048,0.8648032215908686,4.494775313252277e-16
primary_kappa_4_operator_gain_direction,4.0,False,1.24,0.855987179291295,0.07224910128431844,0.8590308398116213,2.3263411494723067e-16
primary_kappa_4_operator_gain_direction,4.0,False,1.25,0.8503169145030536,0.07081847322649433,0.8532608693946565,4.47545209131181e-16
primary_kappa_4_operator_gain_direction,4.0,False,1.26,0.8446466964060174,0.06941617350221972,0.8474943344313809,3.356589068483857e-16
primary_kappa_4_operator_gain_direction,4.0,False,1.27,0.8389776408034365,0.0680416411729073,0.8417322298104087,4.47545209131181e-16
primary_kappa_4_operator_gain_direction,4.0,False,1.28,0.833310830292549,0.06669432640729804,0.835975521805382,4.460365043975677e-16
primary_kappa_4_operator_gain_direction,4.0,False,1.29,0.8276473150326671,0.06537369026152123,0.8302251486549852,4.460365043975677e-16
primary_kappa_4_operator_gain_direction,4.0,False,1.3,0.8219881134969528,0.06407920446350986,0.8244820211350613,3.3766115072321297e-16
primary_kappa_4_operator_gain_direction,4.0,False,1.31,0.8163342132082192,0.06281035120168468,0.8187470231227478,3.356589068483857e-16
primary_kappa_4_operator_gain_direction,4.0,False,1.32,0.8106865714590836,0.06156662291782268,0.8130210121525699,3.356589068483857e-16
primary_kappa_4_operator_gain_direction,4.0,False,1.33,0.8050461160167928,0.060347522104027065,0.8073048199644416,4.467376080957673e-16
primary_kappa_4_operator_gain_direction,4.0,False,1.34,0.7994137458130345,0.05915256110371742,0.8015992530435367,4.460365043975677e-16
primary_kappa_4_operator_gain_direction,4.0,False,1.35,0.7937903316190438,0.05798126191656059,0.7959050931520091,4.460365043975677e-16
primary_kappa_4_operator_gain_direction,4.0,False,1.36,0.7881767167063057,0.05683315600726419,0.7902230978525484,4.454424009010536e-16
primary_kappa_4_operator_gain_direction,4.0,False,1.37,0.7825737174931481,0.055707784118156196,0.7845540010237668,2.2591401799415137e-16
primary_kappa_4_operator_gain_direction,4.0,False,1.3800000000000001,0.7769821241775166,0.05460469608547584,0.7788985133674303,3.3486903561235222e-16
primary_kappa_4_operator_gain_direction,4.0,False,1.3900000000000001,0.7714027013562146,0.05352345065930199,0.7732573229075453,4.460365043975677e-16
primary_kappa_4_operator_gain_direction,4.0,False,1.4000000000000001,0.7658361886308848,0.05246361532704739,0.7676310954813286,3.365900013051177e-16
primary_kappa_4_operator_gain_direction,4.0,False,1.41,0.7602833012010072,0.051424766140447824,0.7620204752220908,3.365900013051177e-16
primary_kappa_4_operator_gain_direction,4.0,False,1.42,0.7547447304441782,0.050406487545977104,0.7564260850340753,2.2729511820139823e-16
primary_kappa_4_operator_gain_direction,4.0,False,1.43,0.7492211444839348,0.049408372218620246,0.7508485270592937,4.454424009010536e-16
primary_kappa_4_operator_gain_direction,4.0,False,1.44,0.7437131887453774,0.04843002089893791,0.7452883831364131,3.356589068483857e-16
primary_kappa_4_operator_gain_direction,4.0,False,1.45,0.738221486498844,0.04747104223335737,0.7397462152517471,3.3486903561235222e-16
primary_kappa_4_operator_gain_direction,4.0,False,1.46,0.7327466393918816,0.04653105261762585,0.7342225659824141,4.449557262054371e-16
primary_kappa_4_operator_gain_direction,4.0,False,1.47,0.7272892279697563,0.04560967604336368,0.7287179589317287,2.237726045655905e-16
primary_kappa_4_operator_gain_direction,4.0,False,1.48,0.7218498121847365,0.04470654394765598,0.723232899156892,4.449557262054371e-16
primary_kappa_4_operator_gain_direction,4.0,False,1.49,0.7164289318943832,0.04382129506562254,0.717767873589056,2.2473876566261383e-16
primary_kappa_4_operator_gain_direction,4.0,False,1.5,0.711027107349071,0.04295357528590708,0.712323351445837,3.3422138886441676e-16
primary_kappa_4_operator_gain_direction,4.0,False,1.51,0.7056448396689666,0.042103037509027955,0.7068997846363573,3.337167946540778e-16
primary_kappa_4_operator_gain_direction,4.0,False,1.52,0.7002826113106762,0.04126934150853375,0.7014976081588928,3.3422138886441676e-16
primary_kappa_4_operator_gain_direction,4.0,False,1.53,0.6949408865237814,0.04045215379490819,0.6961172404912165,4.445768331151997e-16
primary_kappa_4_operator_gain_direction,4.0,False,1.54,0.6896201117974684,0.039651147482169836,0.6907590839737148,2.2301825219878386e-16
primary_kappa_4_operator_gain_direction,4.0,False,1.55,0.6843207162974568,0.03886600215711336,0.6854235251853712,1.1295700899707568e-16
primary_kappa_4_operator_gain_direction,4.0,False,1.56,0.6790431122934282,0.03809640375114001,0.6801109353126997,3.3335590258932494e-16
primary_kappa_4_operator_gain_direction,4.0,False,1.57,0.6737876955771519,0.03734204441462593,0.6748216705117231,3.337167946540778e-16
primary_kappa_4_operator_gain_direction,4.0,False,1.58,0.668554845871499,0.03660262239377827,0.6695560722630819,2.237726045655905e-16
primary_kappa_4_operator_gain_direction,4.0,False,1.59,0.663344927230535,0.03587784190992959,0.6643144677203693,3.337167946540778e-16
primary_kappa_4_operator_gain_direction,4.0,False,1.6,0.6581582884308741,0.035167413041222485,0.6590971700517835,2.237726045655905e-16
primary_kappa_4_operator_gain_direction,4.0,False,1.61,0.6529952633544786,0.034471051606636965,0.6539044787751894,3.337167946540778e-16
primary_kappa_4_operator_gain_direction,4.0,False,1.62,0.6478561713630784,0.033788479052314246,0.648736680086686,2.2301825219878386e-16
primary_kappa_4_operator_gain_direction,4.0,False,1.6300000000000001,0.6427413176643861,0.033119422340131516,0.6435940471827682,2.2301825219878386e-16
primary_kappa_4_operator_gain_direction,4.0,False,1.6400000000000001,0.6376509936702773,0.03246361383848302,0.6384768405761843,3.3422138886441676e-16
primary_kappa_4_operator_gain_direction,4.0,False,1.6500000000000001,0.6325854773471036,0.03182079121522388,0.6333853084055753,2.2301825219878386e-16
primary_kappa_4_operator_gain_direction,4.0,False,1.6600000000000001,0.6275450335583008,0.0311906973327337,0.6283196867389969,2.2336880404788363e-16
primary_kappa_4_operator_gain_direction,4.0,False,1.67,0.6225299143994539,0.030573080145058135,0.6232801998714123,2.2336880404788363e-16
primary_kappa_4_operator_gain_direction,4.0,False,1.68,0.617540359525974,0.02996769259708709,0.618267060616254,2.2301825219878386e-16
primary_kappa_4_operator_gain_direction,4.0,False,1.69,0.6125765964735432,0.029374292525729435,0.6132804705911459,2.2301825219878386e-16
primary_kappa_4_operator_gain_direction,4.0,False,1.7,0.607638840971476,0.02879264256304453,0.6083206204978769,2.227212004505268e-16
primary_kappa_4_operator_gain_direction,4.0,False,1.71,0.6027272972491454,0.028222510041291865,0.6033876903967221,1.1295700899707568e-16
primary_kappa_4_operator_gain_direction,4.0,False,1.72,0.5978421583356193,0.027663666899860863,0.5984818499752003,1.1236938283130691e-16
primary_kappa_4_operator_gain_direction,4.0,False,1.73,0.5929836063526476,0.027115889594043617,0.5936032588113613,2.2301825219878386e-16
primary_kappa_4_operator_gain_direction,4.0,False,1.74,0.5881518128011396,0.026578959005614005,0.5887520666316925,1.1295700899707568e-16
primary_kappa_4_operator_gain_direction,4.0,False,1.75,0.5833469388412665,0.026052660355177483,0.5839284135637335,1.1295700899707568e-16
primary_kappa_4_operator_gain_direction,4.0,False,1.76,0.5785691355663242,0.02553678311625647,0.579132430383492,1.1236938283130691e-16
primary_kappa_4_operator_gain_direction,4.0,False,1.77,0.5738185442704844,0.02503112093107694,0.5743642387577451,2.227212004505268e-16
primary_kappa_4_operator_gain_direction,4.0,False,1.78,0.5690952967105646,0.02453547152802257,0.5696239514813154,2.227212004505268e-16
primary_kappa_4_operator_gain_direction,4.0,False,1.79,0.5643995153619391,0.02404963664072339,0.5649116727094091,2.227212004505268e-16
primary_kappa_4_operator_gain_direction,4.0,False,1.8,0.5597313136687169,0.023573421928746598,0.5602274981851018,2.227212004505268e-16
primary_kappa_4_operator_gain_direction,4.0,False,1.81,0.5550907962883036,0.02310663689985779,0.5555715154620553,2.227212004505268e-16
primary_kappa_4_operator_gain_direction,4.0,False,1.82,0.5504780593304686,0.02264909483382152,0.5509438041225533,2.227212004505268e-16
primary_kappa_4_operator_gain_direction,4.0,False,1.83,0.5458931905910287,0.022200612707710742,0.5463444359909333,2.2247786310271853e-16
primary_kappa_4_operator_gain_direction,4.0,False,1.84,0.541336269780265,0.02176101112269516,0.5417734753425032,2.227212004505268e-16
primary_kappa_4_operator_gain_direction,4.0,False,1.85,0.5368073687461812,0.02133011423227934,0.5372309791080189,4.444278938805073e-16
primary_kappa_4_operator_gain_direction,4.0,False,1.86,0.5323065516927138,0.02090774967196175,0.5327169970738058,3.3335590258932494e-16
primary_kappa_4_operator_gain_direction,4.0,False,1.87,0.5278338753929974,0.02049374849028665,0.5282315720776007,2.2301825219878386e-16
primary_kappa_4_operator_gain_direction,4.0,False,1.8800000000000001,0.5233893893977932,0.020087945081261296,0.5237747402001958,3.335183523443879e-16
primary_kappa_4_operator_gain_direction,4.0,False,1.8900000000000001,0.5189731362391794,0.019690177118111284,0.5193465309529587,2.2247786310271853e-16
primary_kappa_4_operator_gain_direction,4.0,False,1.9000000000000001,0.5145851516296039,0.01930028548834771,0.514946967461305,3.335183523443879e-16
primary_kappa_4_operator_gain_direction,4.0,False,1.9100000000000001,0.5102254646564002,0.018918114230120044,0.5105760666442007,3.335183523443879e-16
primary_kappa_4_operator_gain_direction,4.0,False,1.92,0.5058940979718564,0.018543510469829324,0.5062338393897655,2.227212004505268e-16
primary_kappa_4_operator_gain_direction,4.0,False,1.93,0.501591067978937,0.018176324360976628,0.5019202907270497,2.227212004505268e-16
primary_kappa_4_operator_gain_direction,4.0,False,1.94,0.49731638501274755,0.017816409024222546,0.4976354199940613,2.7833528704240246e-16
primary_kappa_4_operator_gain_direction,4.0,False,1.95,0.493070053517829,0.017463620488633442,0.49337922100210685,3.337167946540778e-16
primary_kappa_4_operator_gain_direction,4.0,False,1.96,0.4888520722213758,0.017117817634091172,0.48915168219652194,2.779024842816778e-16
primary_kappa_4_operator_gain_direction,4.0,False,1.97,0.4846624343024589,0.01677886213484315,0.4849527868138561,3.3335590258932494e-16
primary_kappa_4_operator_gain_direction,4.0,False,1.98,0.4805011275573424,0.016446618404170204,0.4807825130355823,2.7809732887839817e-16
primary_kappa_4_operator_gain_direction,4.0,False,1.99,0.47636813456097316,0.0161209535401501,0.47664083413839514,2.227212004505268e-16
primary_kappa_4_operator_gain_direction,4.0,False,2.0,0.47226343282472755,0.015801737272494967,0.472527718641166,3.3335590258932494e-16
primary_kappa_4_operator_gain_direction,4.0,False,2.0100000000000002,0.4681869949504936,0.015488841910441465,0.4684431304486172,2.2259280555512065e-16
primary_kappa_4_operator_gain_direction,4.0,False,2.02,0.46413878878116654,0.0151821422916728,0.46438702899178064,2.779945112481107e-16
primary_kappa_4_operator_gain_direction,4.0,False,2.0300000000000002,0.4601187775476333,0.014881515732252054,0.4603593693653011,2.779024842816778e-16
primary_kappa_4_operator_gain_direction,4.0,False,2.04,0.4561269200123237,0.014586841977547078,0.4563601024616489,2.779024842816778e-16
primary_kappa_4_operator_gain_direction,4.0,False,2.05,0.452163170609397,0.014298003154126937,0.4523891751022984,2.2247786310271853e-16
primary_kappa_4_operator_gain_direction,4.0,False,2.06,0.44822747958163983,0.014014883722611022,0.44844653016593594,3.332294980281256e-16
primary_kappa_4_operator_gain_direction,4.0,False,2.07,0.444319793114144,0.013737370431451767,0.44453210671375204,3.3335590258932494e-16
primary_kappa_4_operator_gain_direction,4.0,False,2.08,0.4404400534648313,0.013465352271632466,0.44064584011187785,2.7782125870216734e-16
primary_kappa_4_operator_gain_direction,4.0,False,2.09,0.4365881990918968,0.013198720432262253,0.4367876621510213,3.332881918221405e-16
primary_kappa_4_operator_gain_direction,4.0,False,2.1,0.4327641647782321,0.012937368257050219,0.43295750116335824,2.777508439858666e-16
primary_kappa_4_operator_gain_direction,4.0,False,2.11,0.42896788175289746,0.012681191201641559,0.42915528213673476,2.777508439858666e-16
primary_kappa_4_operator_gain_direction,4.0,False,2.12,0.42519927780970196,0.012430086791798347,0.4253809268262315,2.777508439858666e-16
primary_kappa_4_operator_gain_direction,4.0,False,2.13,0.4214582774229583,0.012183954582408568,0.421634353863147,2.2228841655759984e-16
primary_kappa_4_operator_gain_direction,4.0,False,2.14,0.4177448018604681,0.011942696117306636,0.4179154788614464,2.7769124835677133e-16
primary_kappa_4_operator_gain_direction,4.0,False,2.15,0.4140587692938019,0.011706214889889707,0.41422421452173236,2.7769124835677133e-16
primary_kappa_4_operator_gain_direction,4.0,False,2.16,0.41040009490592827,0.01147441630451367,0.41056047073278285,2.7769124835677133e-16
primary_kappa_4_operator_gain_direction,4.0,False,2.17,0.40676869099625235,0.011247207638653705,0.40692415467070964,2.777508439858666e-16
primary_kappa_4_operator_gain_direction,4.0,False,2.18,0.4031644670831163,0.011024498005813963,0.40331517089578145,2.776424787817943e-16
primary_kappa_4_operator_gain_direction,4.0,False,2.19,0.3995873300038207,0.01080619831917182,0.3997334214469633,2.2215299868541707e-16
primary_kappa_4_operator_gain_direction,4.0,False,2.2,0.39603718401221527,0.010592221255941902,0.3961788059342146,2.776424787817943e-16
primary_kappa_4_operator_gain_direction,4.0,False,2.21,0.3925139308739177,0.010382481222445871,0.3926512216285964,2.776424787817943e-16
primary_kappa_4_operator_gain_direction,4.0,False,2.22,0.3890174699592052,0.010176894319873736,0.3891505635502267,2.2221394694025363e-16
primary_kappa_4_operator_gain_direction,4.0,False,2.23,0.3855476983336354,0.009975378310723294,0.3856767245541348,2.776424787817943e-16
primary_kappa_4_operator_gain_direction,4.0,False,2.24,0.3821045108464408,0.00977785258590395,0.3822295954140515,2.776424787817943e-16
primary_kappa_4_operator_gain_direction,4.0,False,2.25,0.37868780021674997,0.009584238132492082,0.3788090649041829,2.7769124835677133e-16
primary_kappa_4_operator_gain_direction,4.0,False,2.2600000000000002,0.37529745711767726,0.00939445750212475,0.3754150198790054,3.331075624877762e-16
primary_kappa_4_operator_gain_direction,4.0,False,2.27,0.3719333702583334,0.009208434780019377,0.3720473453511265,3.331391796911832e-16
primary_kappa_4_operator_gain_direction,4.0,False,2.2800000000000002,0.36859542646379656,0.009026095554606772,0.3687059245672477,2.7769124835677133e-16
primary_kappa_4_operator_gain_direction,4.0,False,2.29,0.36528351075309345,0.008847366887765563,0.36539063908227326,2.7769124835677133e-16
primary_kappa_4_operator_gain_direction,4.0,False,2.3000000000000003,0.3619975064152296,0.008672177285645918,0.3621013688315992,3.331391796911832e-16
primary_kappa_4_operator_gain_direction,4.0,False,2.31,0.3587372950833153,0.008500456670071111,0.3588379922016249,3.331391796911832e-16
primary_kappa_4_operator_gain_direction,4.0,False,2.32,0.35550275680682525,0.008332136350505266,0.35560038609851946,2.776045409667003e-16
primary_kappa_4_operator_gain_direction,4.0,False,2.33,0.3522937701220357,0.00816714899657625,0.35238842601528503,2.2210558292432945e-16
primary_kappa_4_operator_gain_direction,4.0,False,2.34,0.34911021212067855,0.00800542861114264,0.34920198609714875,3.886129064117689e-16
primary_kappa_4_operator_gain_direction,4.0,False,2.35,0.3459519585168491,0.007846910503893953,0.34604093920531975,3.331075624877762e-16
primary_kappa_4_operator_gain_direction,4.0,False,2.36,0.3428188837122101,0.0076915312654737,0.3429051569791472,2.7758963540648016e-16
primary_kappa_4_operator_gain_direction,4.0,False,2.37,0.33971086085952495,0.007539228742114745,0.3397945098967101,3.331075624877762e-16
primary_kappa_4_operator_gain_direction,4.0,False,2.38,0.336627761924562,0.007389942010777034,0.3367088673338768,3.3309514062249233e-16
primary_kappa_4_operator_gain_direction,4.0,False,2.39,0.33356945774640023,0.0072436113547775,0.3336480976218605,2.7758963540648016e-16
primary_kappa_4_operator_gain_direction,4.0,False,2.4,0.3305358180961773,0.007100178239902657,0.3306120681033099,3.3309514062249233e-16
primary_kappa_4_operator_gain_direction,4.0,False,2.41,0.3275267117343096,0.006959585290994075,0.3276006451869595,2.7757743935277205e-16
primary_kappa_4_operator_gain_direction,4.0,False,2.42,0.3245420064662219,0.006821776268997603,0.32461369440087623,3.331075624877762e-16
primary_kappa_4_operator_gain_direction,4.0,False,2.43,0.3215815691966169,0.006686696048466954,0.3216510804443273,2.7758963540648016e-16
primary_kappa_4_operator_gain_direction,4.0,False,2.44,0.31864526598231957,0.006554290595512834,0.31871266723830355,3.3309514062249233e-16
primary_kappa_4_operator_gain_direction,4.0,False,2.45,0.31573296208372525,0.0064245069461886205,0.31579831797472374,2.776045409667003e-16
primary_kappa_4_operator_gain_direction,4.0,False,2.46,0.31284452201488583,0.0062972931853041226,0.31290789516435036,3.3309514062249233e-16
primary_kappa_4_operator_gain_direction,4.0,False,2.47,0.30997980959226096,0.006172598425658768,0.31004126068344323,3.331075624877762e-16
primary_kappa_4_operator_gain_direction,4.0,False,2.48,0.3071386879821678,0.006050372787686095,0.30719827581918063,3.3309514062249233e-16
primary_kappa_4_operator_gain_direction,4.0,False,2.49,0.3043210197469544,0.0059305673795012025,0.30437880131387113,2.7758963540648016e-16
primary_kappa_4_operator_gain_direction,4.0,False,2.5,0.3015266668899296,0.005813134277343401,0.3015826974079862,3.3309514062249233e-16
primary_kappa_4_operator_gain_direction,4.0,False,2.5100000000000002,0.2987554908990731,0.005698026506406023,0.2988098238820368,2.220717083251841e-16
primary_kappa_4_operator_gain_direction,4.0,False,2.52,0.29600735278955737,0.0055851980220459115,0.29606004009732034,2.2208695253419636e-16
primary_kappa_4_operator_gain_direction,4.0,False,2.5300000000000002,0.29328211314510383,0.005474603691364914,0.2933332050355619,2.7757743935277205e-16
primary_kappa_4_operator_gain_direction,4.0,False,2.54,0.29057963215820387,0.005366199275156156,0.29062917733747545,2.2208695253419636e-16
primary_kappa_4_operator_gain_direction,4.0,False,2.5500000000000003,0.28789976966922615,0.005259941410207734,0.28794781534026664,2.220717083251841e-16
primary_kappa_4_operator_gain_direction,4.0,False,2.56,0.2852423852044398,0.0051557875919568865,0.28528897711410334,2.220717083251841e-16
primary_kappa_4_operator_gain_direction,4.0,False,2.57,0.2826073380129733,0.005053696157487573,0.2826525204975734,2.220717083251841e-16
primary_kappa_4_operator_gain_direction,4.0,False,2.58,0.27999448710273755,0.004953626268864764,0.28003830313215483,2.220717083251841e-16
primary_kappa_4_operator_gain_direction,4.0,False,2.59,0.2774036912753343,0.004855537896798736,0.2774461824957198,2.220717083251841e-16
primary_kappa_4_operator_gain_direction,4.0,False,2.6,0.2748348091599725,0.004759391804632792,0.2748760159350912,2.220717083251841e-16
primary_kappa_4_operator_gain_direction,4.0,False,2.61,0.27228769924641816,0.004665149532648109,0.2723276606976784,2.220598509946676e-16
primary_kappa_4_operator_gain_direction,4.0,False,2.62,0.26976221991699556,0.004572773382679303,0.2698009739622057,2.220717083251841e-16
primary_kappa_4_operator_gain_direction,4.0,False,2.63,0.26725822947766625,0.004482226403034699,0.26729581286856136,2.220598509946676e-16
primary_kappa_4_operator_gain_direction,4.0,False,2.64,0.2647755861882025,0.0043934723737151194,0.26481203454677976,1.665537812438881e-16
primary_kappa_4_operator_gain_direction,4.0,False,2.65,0.26231414829147953,0.004306475791925443,0.26234949614518177,2.220598509946676e-16
primary_kappa_4_operator_gain_direction,4.0,False,2.66,0.25987377404190437,0.004221201857872976,0.25990805485768936,2.220598509946676e-16
primary_kappa_4_operator_gain_direction,4.0,False,2.67,0.25745432173300326,0.004137616460847103,0.2574875679503339,1.665695898455916e-16
primary_kappa_4_operator_gain_direction,4.0,False,2.68,0.2550556497241845,0.00405568616557452,0.2550878927869756,2.220717083251841e-16
primary_kappa_4_operator_gain_direction,4.0,False,2.69,0.25267761646669956,0.003975378198844708,0.2527088868542544,2.220717083251841e-16
primary_kappa_4_operator_gain_direction,4.0,False,2.7,0.2503200805288162,0.00389666043640018,0.2503504077857866,2.7756422635651865e-16
primary_kappa_4_operator_gain_direction,4.0,False,2.71,0.24798290062022724,0.00381950139008638,0.24801231338562682,2.2205519258444853e-16
primary_kappa_4_operator_gain_direction,4.0,False,2.72,0.2456659356157074,0.0037438701952559757,0.2456944616510104,2.220598509946676e-16
primary_kappa_4_operator_gain_direction,4.0,False,2.73,0.24336904457804112,0.003669736598422612,0.243396710794395,2.2205519258444853e-16
primary_kappa_4_operator_gain_direction,4.0,False,2.74,0.24109208678023325,0.0035970709451590877,0.2411189192648143,2.2205519258444853e-16
primary_kappa_4_operator_gain_direction,4.0,False,2.75,0.23883492172702397,0.003525844168235216,0.2388609457685629,2.220513810852149e-16
primary_kappa_4_operator_gain_direction,4.0,False,2.7600000000000002,0.23659740917572053,0.003456027775990517,0.23662264928922536,1.9430645320588444e-16
primary_kappa_4_operator_gain_direction,4.0,False,2.77,0.2343794091563649,0.003387593840937202,0.23440388910706636,2.220598509946676e-16
primary_kappa_4_operator_gain_direction,4.0,False,2.7800000000000002,0.23218078199125047,0.0033205149885887795,0.2322045248177951,1.9430645320588444e-16
primary_kappa_4_operator_gain_direction,4.0,False,2.79,0.2300013883138055,0.0032547643865099185,0.23002441635072057,2.220598509946676e-16
primary_kappa_4_operator_gain_direction,4.0,False,2.8000000000000003,0.22784108908685596,0.003190315733583096,0.22786342398630935,2.498137327002004e-16
primary_kappa_4_operator_gain_direction,4.0,False,2.81,0.22569974562028514,0.00312714324948782,0.22572140837316304,2.2205519258444853e-16
primary_kappa_4_operator_gain_direction,4.0,False,2.82,0.2235772195881013,0.0030652216643881377,0.22359823054442518,2.220598509946676e-16
primary_kappa_4_operator_gain_direction,4.0,False,2.83,0.22147337304493067,0.0030045262088243757,0.22149375193363477,2.2205519258444853e-16
primary_kappa_4_operator_gain_direction,4.0,False,2.84,0.2193880684419474,0.0029450326038050296,0.21940783439003736,2.2205519258444853e-16
primary_kappa_4_operator_gain_direction,4.0,False,2.85,0.21732116864225395,0.0028867170510948276,0.217340340193366,1.9430645320588444e-16
primary_kappa_4_operator_gain_direction,4.0,False,2.86,0.21527253693572723,0.0028295562236951405,0.21529113206810702,1.6654757031124616e-16
primary_kappa_4_operator_gain_direction,4.0,False,2.87,0.21324203705334013,0.002773527256512848,0.21326007319726004,1.943011294032876e-16
primary_kappa_4_operator_gain_direction,4.0,False,2.88,0.21122953318097462,0.0027186077372140195,0.21124702723560704,1.3879481770324008e-16
primary_kappa_4_operator_gain_direction,4.0,False,2.89,0.20923488997273537,0.002664775697258661,0.20925185832249943,1.9429677345629785e-16
primary_kappa_4_operator_gain_direction,4.0,False,2.9,0.20725797256377912,0.002612009603113024,0.2072744310941776,1.6654757031124616e-16
primary_kappa_4_operator_gain_direction,4.0,False,2.91,0.20529864658266866,0.00256028834763589,0.20531461069563103,1.942933854300115e-16
primary_kappa_4_operator_gain_direction,4.0,False,2.92,0.20335677816326597,0.002509591241635445,0.20337226279201365,1.6654248846680028e-16
primary_kappa_4_operator_gain_direction,4.0,False,2.93,0.20143223395617277,0.0024598980055933147,0.2014472535796213,1.9429677345629785e-16
primary_kappa_4_operator_gain_direction,4.0,False,2.94,0.1995248811397327,0.0024111887615525015,0.19953944979644578,1.9429677345629785e-16
primary_kappa_4_operator_gain_direction,4.0,False,2.95,0.19763458743060283,0.0023634440251659194,0.19764871873231227,1.3878871967638603e-16
primary_kappa_4_operator_gain_direction,4.0,False,2.96,0.19576122109390806,0.002316644697902413,0.19577492823861353,1.665385358139112e-16
primary_kappa_4_operator_gain_direction,4.0,False,2.97,0.19390465095298617,0.002270772059407073,0.19391794673764773,1.6654248846680028e-16
primary_kappa_4_operator_gain_direction,4.0,False,2.98,0.19206474639873594,0.0022258077600128623,0.1920776432315726,1.665385358139112e-16
primary_kappa_4_operator_gain_direction,4.0,False,2.99,0.19024137739857602,0.0021817338134004875,0.19025388731098236,1.3878397658136742e-16
primary_kappa_4_operator_gain_direction,4.0,False,3.0,0.18843441450502674,0.002138532589403647,0.18844654916311993,1.665385358139112e-16
primary_kappa_4_operator_gain_direction,4.0,False,3.0100000000000002,0.18664372886392167,0.002096186806956714,0.18665549957973046,1.6653571243298153e-16
primary_kappa_4_operator_gain_direction,4.0,False,3.02,0.1848691922222609,0.002054679527182095,0.18488060996456784,1.665385358139112e-16
primary_kappa_4_operator_gain_direction,4.0,False,3.0300000000000002,0.1831106769357124,0.00201399414661444,0.1831217523405601,1.3878397658136742e-16
primary_kappa_4_operator_gain_direction,4.0,False,3.04,0.1813680559757732,0.001974114390559046,0.18137879935664536,1.6653571243298153e-16
primary_kappa_4_operator_gain_direction,4.0,False,3.0500000000000003,0.17964120293659633,0.0019350243065817496,0.17965162429428366,1.3878211317825933e-16
primary_kappa_4_operator_gain_direction,4.0,False,3.06,0.1779299920414942,0.0018967082581277557,0.17794010107365524,1.6654037098584778e-16
primary_kappa_4_operator_gain_direction,4.0,False,3.0700000000000003,0.17623429814912517,0.0018591509182667922,0.17624410425955142,1.665385358139112e-16
primary_kappa_4_operator_gain_direction,4.0,False,3.08,0.17455399675937275,0.0018223372635621465,0.1745635090669676,1.3878211317825933e-16
primary_kappa_4_operator_gain_direction,4.0,False,3.09,0.17288896401892398,0.0017862525680610796,0.1728981913664041,1.665369829603233e-16
primary_kappa_4_operator_gain_direction,4.0,False,3.1,0.1712390767265561,0.0017508823974042539,0.17124802768888436,1.3878211317825933e-16
primary_kappa_4_operator_gain_direction,4.0,False,3.11,0.16960421233813844,0.0017162126030518018,0.1696128952306965,1.6653571243298153e-16
primary_kappa_4_operator_gain_direction,4.0,False,3.12,0.16798424897135633,0.0016822293166237083,0.1679926718578651,1.6653571243298153e-16
primary_kappa_4_operator_gain_direction,4.0,False,3.13,0.1663790654101662,0.0016489189443522892,0.16638723611036216,1.6653571243298153e-16
primary_kappa_4_operator_gain_direction,4.0,False,3.14,0.16478854110898636,0.0016162681616444885,0.16479646720606128,1.6653571243298153e-16
primary_kappa_4_operator_gain_direction,4.0,False,3.15,0.16321255619663322,0.0015842639077518767,0.16322024504444466,1.6653571243298153e-16
primary_kappa_4_operator_gain_direction,4.0,False,3.16,0.16165099148000697,0.0015528933805461647,0.16165845021006675,1.6653472423834763e-16
primary_kappa_4_operator_gain_direction,4.0,False,3.17,0.160103728447536,0.0015221440313981933,0.1601109639757836,1.3878058855710652e-16
primary_kappa_4_operator_gain_direction,4.0,False,3.18,0.15857064927238398,0.0014920035601583047,0.15857766830575146,1.6653472423834763e-16
primary_kappa_4_operator_gain_direction,4.0,False,3.19,0.15705163681542852,0.0014624599102361264,0.15705844585820372,1.3878058855710652e-16
primary_kappa_4_operator_gain_direction,4.0,False,3.2,0.15554657462801502,0.001433501263777767,0.1555531799880089,1.3878058855710652e-16
primary_kappa_4_operator_gain_direction,4.0,False,3.21,0.15405534695449438,0.001405116036938525,0.1540617547490191,1.3877940272907453e-16
primary_kappa_4_operator_gain_direction,4.0,False,3.22,0.1525778387345479,0.0013772928752491872,0.15258405489621094,1.1102569054260746e-16
primary_kappa_4_operator_gain_direction,4.0,False,3.23,0.15111393560530761,0.0013500206490741004,0.15111996588762844,1.3877940272907453e-16
primary_kappa_4_operator_gain_direction,4.0,False,3.24,0.14966352390327564,0.0013232884491591573,0.14966937388612955,1.6653472423834763e-16
primary_kappa_4_operator_gain_direction,4.0,False,3.25,0.14822649066604976,0.00129708558226796,0.14823216576094497,1.3877940272907453e-16
primary_kappa_4_operator_gain_direction,4.0,False,3.2600000000000002,0.146802723633859,0.0012714015669043743,0.14680822908905178,1.3877940272907453e-16
primary_kappa_4_operator_gain_direction,4.0,False,3.27,0.14539211125091642,0.001246226129119798,0.1453974521563695,1.6653472423834763e-16
primary_kappa_4_operator_gain_direction,4.0,False,3.2800000000000002,0.14399454266659226,0.0012215491984034386,0.14399972395878116,1.6653472423834763e-16
primary_kappa_4_operator_gain_direction,4.0,False,3.29,0.14260990773641427,0.0011973609036539815,0.14261493420298657,1.6653472423834763e-16
primary_kappa_4_operator_gain_direction,4.0,False,3.3000000000000003,0.14123809702289858,0.0011736515692310097,0.1412429733071903,1.3877940272907453e-16
primary_kappa_4_operator_gain_direction,4.0,False,3.31,0.13987900179621757,0.0011504117110846279,0.13988373240163146,1.665340183814476e-16
primary_kappa_4_operator_gain_direction,4.0,False,3.3200000000000003,0.13853251403470768,0.0011276320329617058,0.13853710332895747,1.6653472423834763e-16
primary_kappa_4_operator_gain_direction,4.0,False,3.33,0.13719852642522348,0.0011053034226872639,0.13720297864444836,1.3877855570284802e-16
primary_kappa_4_operator_gain_direction,4.0,False,3.34,0.13587693236334114,0.0010834169485194724,0.13588125161609427,1.3877855570284802e-16
primary_kappa_4_operator_gain_direction,4.0,False,3.35,0.13456762595341637,0.0010619638555768396,0.13457181622453168,1.665340183814476e-16
primary_kappa_4_operator_gain_direction,4.0,False,3.36,0.13327050200850146,0.0010409355623361453,0.13327456716284217,1.6653359486587152e-16
primary_kappa_4_operator_gain_direction,4.0,False,3.37,0.13198545605012416,0.0010203236571997105,0.13198939983621677,1.6653359486587152e-16
primary_kappa_4_operator_gain_direction,4.0,False,3.38,0.13071238430793464,0.0010001198951306532,0.130716210361492,1.6653359486587152e-16
primary_kappa_4_operator_gain_direction,4.0,False,3.39,0.12945118371922235,0.000980316194354757,0.12945489556655929,1.3877855570284802e-16
primary_kappa_4_operator_gain_direction,4.0,False,3.4,0.12820175192830865,0.0009609046331276606,0.12820535298965313,1.3877825924244738e-16
primary_kappa_4_operator_gain_direction,4.0,False,3.41,0.12696398728581723,0.0009418774465660471,0.12696748087852067,1.3877792042978546e-16
primary_kappa_4_operator_gain_direction,4.0,False,3.42,0.12573778884782771,0.000923227023541594,0.1257411781894774,1.6653359486587152e-16
primary_kappa_4_operator_gain_direction,4.0,False,3.43,0.12452305637491452,0.0009049459036364146,0.12452634458635108,1.5265570438745178e-16
primary_kappa_4_operator_gain_direction,4.0,False,3.44,0.12331969033107613,0.0008870267741587968,0.12332288043931908,1.249001373277072e-16
primary_kappa_4_operator_gain_direction,4.0,False,3.45,0.1221275918825566,0.000869462467218023,0.12213068682364071,1.3877804748463061e-16
primary_kappa_4_operator_gain_direction,4.0,False,3.46,0.12094666289656432,0.0008522459568571248,0.12094966551828966,1.3877792042978546e-16
primary_kappa_4_operator_gain_direction,4.0,False,3.47,0.11977680593988974,0.0008353703562423995,0.11977971900448796,1.3877804748463061e-16
primary_kappa_4_operator_gain_direction,4.0,False,3.48,0.11861792427742694,0.000818828914908592,0.11862075046414637,1.249001373277072e-16
primary_kappa_4_operator_gain_direction,4.0,False,3.49,0.11746992187060053,0.0008026150160586115,0.11747266377821265,1.3877792042978546e-16
primary_kappa_4_operator_gain_direction,4.0,False,3.5,0.11633270337570258,0.0007867221739167314,0.11633536352493223,1.2490027849973212e-16
primary_kappa_4_operator_gain_direction,4.0,False,3.5100000000000002,0.11520617414214102,0.0007711440311341862,0.11520875497802271,1.249001373277072e-16
primary_kappa_4_operator_gain_direction,4.0,False,3.52,0.1140902402106041,0.0007558743562461528,0.11409274410476669,1.1102235540206224e-16
primary_kappa_4_operator_gain_direction,4.0,False,3.5300000000000002,0.11298480831114195,0.0007409070411790765,0.11298723756402385,1.1102230246251565e-16
primary_kappa_4_operator_gain_direction,4.0,False,3.54,0.11188978586117002,0.0007262360988073645,0.11189214270416709,9.714457515703573e-17
primary_kappa_4_operator_gain_direction,4.0,False,3.5500000000000003,0.11080508096339506,0.0007118556605584521,0.11080736756094337,9.714457515703573e-17
primary_kappa_4_operator_gain_direction,4.0,False,3.56,0.10973060240366841,0.000697759974065299,0.10973282085526358,1.1102235540206224e-16
primary_kappa_4_operator_gain_direction,4.0,False,3.5700000000000003,0.1086662596487672,0.0006839434008653617,0.10866841199092253,1.1102230246251565e-16
primary_kappa_4_operator_gain_direction,4.0,False,3.58,0.10761196284410772,0.0006704004141451382,0.10761405105225297,9.71445146547012e-17
primary_kappa_4_operator_gain_direction,4.0,False,3.59,0.10656762281139213,0.0006571255965293641,0.10656964880171445,9.71445146547012e-17
primary_kappa_4_operator_gain_direction,4.0,False,3.6,0.10553315104619171,0.0006441136379139925,0.10553511667742099,1.1102230246251565e-16
primary_kappa_4_operator_gain_direction,4.0,False,3.61,0.10450845971546893,0.0006313593333420835,0.10451036679060882,9.71445146547012e-17
primary_kappa_4_operator_gain_direction,4.0,False,3.62,0.10349346165503988,0.0006188575809217474,0.10349531192304641,9.71445146547012e-17
primary_kappa_4_operator_gain_direction,4.0,False,3.63,0.10248807036698081,0.0006066033797853251,0.10248986552439014,8.326672684688674e-17
primary_kappa_4_operator_gain_direction,4.0,False,3.64,0.10149220001697908,0.0005945918280889692,0.10149394170948588,9.71445146547012e-17
primary_kappa_4_operator_gain_direction,4.0,False,3.65,0.10050576543163246,0.0005828181210518462,0.10050745525562048,9.71445146547012e-17
primary_kappa_4_operator_gain_direction,4.0,False,3.66,0.0995286820956975,0.0005712775490341554,0.0995303215997238,6.938902374231531e-17
primary_kappa_4_operator_gain_direction,4.0,False,3.67,0.09856086614928987,0.000559965495653214,0.09856245683552411,6.938902374231531e-17
primary_kappa_4_operator_gain_direction,4.0,False,3.68,0.097602234385038,0.0005488774359368398,0.09760377771065817,6.938893903907228e-17
primary_kappa_4_operator_gain_direction,4.0,False,3.69,0.09665270424519276,0.0005380089345133042,0.09665420162373863,5.551115123125783e-17
primary_kappa_4_operator_gain_direction,4.0,False,3.7,0.09571219381869395,0.0005273556438371215,0.09571364662137956,8.326672684688674e-17
primary_kappa_4_operator_gain_direction,4.0,False,3.71,0.09478062183819672,0.0005169133024499764,0.09478203139518324,6.938902374231531e-17
primary_kappa_4_operator_gain_direction,4.0,False,3.72,0.0938579076770584,0.0005066777332760801,0.09385927527868844,8.326679743293576e-17
primary_kappa_4_operator_gain_direction,4.0,False,3.73,0.09294397134628886,0.0004966448419512881,0.09294529824428345,6.938902374231531e-17
primary_kappa_4_operator_gain_direction,4.0,False,3.74,0.09203873349146453,0.0004868106151852955,0.09204002090008397,8.326674449340461e-17
primary_kappa_4_operator_gain_direction,4.0,False,3.75,0.09114211538960951,0.0004771711191562723,0.09114336448677902,8.326679743293576e-17
primary_kappa_4_operator_gain_direction,4.0,False,3.7600000000000002,0.09025403894604354,0.00046772249793727757,0.09025525087444508,9.71445146547012e-17
primary_kappa_4_operator_gain_direction,4.0,False,3.77,0.08937442669120019,0.0004584609719538412,0.08937560255933115,9.714452978028837e-17
primary_kappa_4_operator_gain_direction,4.0,False,3.7800000000000002,0.08850320177741515,0.00044938283647208047,0.08850434266061512,6.938896021489273e-17
primary_kappa_4_operator_gain_direction,4.0,False,3.79,0.08764028797568757,0.00044048446011676006,0.08764139491713406,6.938896021489273e-17
primary_kappa_4_operator_gain_direction,4.0,False,3.8000000000000003,0.08678560967241467,0.00043176228341869035,0.08678668368408887,9.714452978028837e-17
primary_kappa_4_operator_gain_direction,4.0,False,3.81,0.08593909186610212,0.00042321281739089576,0.08594013392972542,8.326674449340461e-17
primary_kappa_4_operator_gain_direction,4.0,False,3.8200000000000003,0.08510066016405046,0.00041483264213296997,0.08510167123199276,8.326672684688674e-17
primary_kappa_4_operator_gain_direction,4.0,False,3.83,0.08427024077902023,0.00040661840546307336,0.0842712217751808,8.326672684688674e-17
primary_kappa_4_operator_gain_direction,4.0,False,3.84,0.08344776052587559,0.00039856682157701296,0.08344871234653739,8.326672684688674e-17
primary_kappa_4_operator_gain_direction,4.0,False,3.85,0.082633146818209,0.00039067466973387814,0.08263407033286728,8.326672684688674e-17
primary_kappa_4_operator_gain_direction,4.0,False,3.86,0.08182632766494778,0.00038293879296770234,0.0818272237171136,6.938893903907228e-17
primary_kappa_4_operator_gain_direction,4.0,False,3.87,0.08102723166694308,0.0003753560968246319,0.08102810107492268,6.938893903907228e-17
primary_kappa_4_operator_gain_direction,4.0,False,3.88,0.08023578801354377,0.0003679235481251063,0.08023663157119446,6.938896021489273e-17
primary_kappa_4_operator_gain_direction,4.0,False,3.89,0.07945192647915496,0.0003606381737505432,0.07945274495661815,6.938896021489273e-17
primary_kappa_4_operator_gain_direction,4.0,False,3.9,0.07867557741978361,0.0003534970594540537,0.07867637156419585,6.938896021489273e-17
primary_kappa_4_operator_gain_direction,4.0,False,3.91,0.07790667176957097,0.0003464973486947025,0.07790744230575355,6.938893903907228e-17
primary_kappa_4_operator_gain_direction,4.0,False,3.92,0.07714514103731421,0.0003396362414948557,0.07714588866844194,5.551117770103112e-17
primary_kappa_4_operator_gain_direction,4.0,False,3.93,0.07639091730297712,0.00033291099332015016,0.076391642711227,6.938893903907228e-17
primary_kappa_4_operator_gain_direction,4.0,False,3.94,0.07564393321419192,0.00032631891398164544,0.07564463706137237,5.551117770103112e-17
primary_kappa_4_operator_gain_direction,4.0,False,3.95,0.07490412198275197,0.0003198573665597099,0.07490480491091295,6.938893903907228e-17
primary_kappa_4_operator_gain_direction,4.0,False,3.96,0.07417141738109768,0.00031352376634922026,0.07417208001312263,5.551115123125783e-17
primary_kappa_4_operator_gain_direction,4.0,False,3.97,0.07344575373879515,0.0003073155798256427,0.07344639667897497,8.326672684688674e-17
primary_kappa_4_operator_gain_direction,4.0,False,3.98,0.07272706593900975,0.00030123032363159135,0.07272768977359963,6.938893903907228e-17
primary_kappa_4_operator_gain_direction,4.0,False,3.99,0.07201528941497423,0.00029526556358345027,0.07201589471273365,6.938893903907228e-17
primary_kappa_4_operator_gain_direction,4.0,False,4.0,0.07131036014645341,0.00028941891369766944,0.07131094745916995,4.163339871646788e-17
primary_kappa_8_operator_gain_direction,8.0,False,0.0,0.24894911865638394,0.9685165648145672,1.0,0.0
primary_kappa_8_operator_gain_direction,8.0,False,0.01,0.3228001301067367,0.9493386519068548,1.0027182056795672,9.50197851991224e-16
primary_kappa_8_operator_gain_direction,8.0,False,0.02,0.3944049141393306,0.9305404871179227,1.0106734559010213,1.2412670766236366e-16
primary_kappa_8_operator_gain_direction,8.0,False,0.03,0.4638157487675755,0.9121145509312096,1.023268294644796,1.1102230246251565e-16
primary_kappa_8_operator_gain_direction,8.0,False,0.04,0.5310837992222454,0.8940534727265586,1.0398950013779051,2.220446049250313e-16
primary_kappa_8_operator_gain_direction,8.0,False,0.05,0.5962591407582651,0.8763500278318701,1.0599595908423605,6.753223014464259e-16
primary_kappa_8_operator_gain_direction,8.0,False,0.06,0.6593907810022189,0.8589971346331372,1.0828999396891,8.95090418262362e-16
primary_kappa_8_operator_gain_direction,8.0,False,0.07,0.7205266818497323,0.8419878517417052,1.1081977448713731,1.5700924586837752e-16
primary_kappa_8_operator_gain_direction,8.0,False,0.08,0.7797137809217268,0.8253153752176244,1.1353849782033683,0.0
primary_kappa_8_operator_gain_direction,8.0,False,0.09,0.8369980125883627,0.8089730358479823,1.1640459809672339,3.510833468576701e-16
primary_kappa_8_operator_gain_direction,8.0,False,0.1,0.8924243285692858,0.7929542964791305,1.193816442560184,2.220446049250313e-16
primary_kappa_8_operator_gain_direction,8.0,False,0.11,0.9460367181186659,0.7772527494017353,1.2243803773669737,3.3306690738754696e-16
primary_kappa_8_operator_gain_direction,8.0,False,0.12,0.9978782278032972,0.7618621137876088,1.2554659843853884,8.95090418262362e-16
primary_kappa_8_operator_gain_direction,8.0,False,0.13,1.0479909808819083,0.7467762331772945,1.286841030760324,0.0
primary_kappa_8_operator_gain_direction,8.0,False,0.14,1.0964161962936427,0.7319890730174001,1.3183081879863647,2.482534153247273e-16
primary_kappa_8_operator_gain_direction,8.0,False,0.15,1.1431942072635148,0.7174947182466973,1.349700583919546,0.0
primary_kappa_8_operator_gain_direction,8.0,False,0.16,1.1883644795325106,0.7032873709300169,1.3808777144715711,2.220446049250313e-16
primary_kappa_8_operator_gain_direction,8.0,False,0.17,1.231965629219813,0.6893613479389984,1.4117217784008442,4.440892098500626e-16
primary_kappa_8_operator_gain_direction,8.0,False,0.18,1.2740354403245246,0.6757110786787629,1.442134447633827,1.1102230246251565e-16
primary_kappa_8_operator_gain_direction,8.0,False,0.19,1.3146108818740863,0.6623311028595998,1.4720340555017661,4.440892098500626e-16
primary_kappa_8_operator_gain_direction,8.0,False,0.2,1.3537281247264468,0.6492160683127799,1.5013531693212248,4.440892098500626e-16
primary_kappa_8_operator_gain_direction,8.0,False,0.21,1.3914225580329243,0.6363607288496147,1.5300365068275004,2.482534153247273e-16
primary_kappa_8_operator_gain_direction,8.0,False,0.22,1.4277288053685253,0.6237599421629122,1.55803915455489,4.440892098500626e-16
primary_kappa_8_operator_gain_direction,8.0,False,0.23,1.4626807405363822,0.611408667769985,1.5853250479823775,2.482534153247273e-16
primary_kappa_8_operator_gain_direction,8.0,False,0.24,1.4963115030528271,0.59930196499639,1.6118656766048296,2.482534153247273e-16
primary_kappa_8_operator_gain_direction,8.0,False,0.25,1.5286535133194805,0.5874349909995931,1.6376389811050185,1.1102230246251565e-16
primary_kappa_8_operator_gain_direction,8.0,False,0.26,1.5597384874886275,0.5758029988317669,1.6626284139328809,6.753223014464259e-16
primary_kappa_8_operator_gain_direction,8.0,False,0.27,1.5895974520280076,0.564401335540949,1.686822138535756,2.482534153247273e-16
primary_kappa_8_operator_gain_direction,8.0,False,0.28,1.6182607579910373,0.553225440309799,1.7102123460727612,1.1102230246251565e-16
primary_kappa_8_operator_gain_direction,8.0,False,0.29,1.6457580949983597,0.5422708426312105,1.7327946716274818,0.0
primary_kappa_8_operator_gain_direction,8.0,False,0.3,1.6721185049364926,0.5315331605200488,1.754567694699604,6.661338147750939e-16
primary_kappa_8_operator_gain_direction,8.0,False,0.31,1.6973703953792478,0.5210080987602985,1.7755325111311606,2.482534153247273e-16
primary_kappa_8_operator_gain_direction,8.0,False,0.32,1.721541552737457,0.5106914471869195,1.7956923656438384,2.220446049250313e-16
primary_kappa_8_operator_gain_direction,8.0,False,0.33,1.7446591551424542,0.5005790790017255,1.8150523358726045,4.965068306494546e-16
primary_kappa_8_operator_gain_direction,8.0,False,0.34,1.7667497850686407,0.49066694912260866,1.8336190602198092,4.47545209131181e-16
primary_kappa_8_operator_gain_direction,8.0,False,0.35000000000000003,1.787839441700354,0.48095109256545426,1.8514005030623,1.1102230246251565e-16
primary_kappa_8_operator_gain_direction,8.0,False,0.36,1.8079535530481687,0.4714276228580928,1.8684057518572164,6.753223014464259e-16
primary_kappa_8_operator_gain_direction,8.0,False,0.37,1.8271169878196398,0.4620927304856599,1.884644841540922,2.482534153247273e-16
primary_kappa_8_operator_gain_direction,8.0,False,0.38,1.8453540670494095,0.4529426813667399,1.9001286023265607,4.47545209131181e-16
primary_kappa_8_operator_gain_direction,8.0,False,0.39,1.8626885754935025,0.4439738153596827,1.914868527601581,6.661338147750939e-16
primary_kappa_8_operator_gain_direction,8.0,False,0.4,1.8791437727925235,0.4351825447984994,1.9288766591262951,2.2887833992611187e-16
primary_kappa_8_operator_gain_direction,8.0,False,0.41000000000000003,1.8947424044084022,0.42656535305774673,1.9421654871541234,2.2887833992611187e-16
primary_kappa_8_operator_gain_direction,8.0,False,0.42,1.909506712339208,0.41811879314583106,1.954747863446899,6.684427777288335e-16
primary_kappa_8_operator_gain_direction,8.0,False,0.43,1.9234584456164938,0.40983948632616524,1.9666369254556149,2.2887833992611187e-16
primary_kappa_8_operator_gain_direction,8.0,False,0.44,1.9366188705895238,0.40172412076562924,1.9778460301874765,2.2887833992611187e-16
primary_kappa_8_operator_gain_direction,8.0,False,0.45,1.9490087810006547,0.39376945020979254,1.9883886964917548,4.47545209131181e-16
primary_kappa_8_operator_gain_direction,8.0,False,0.46,1.9606485078560654,0.3859722926843691,1.9982785546760602,2.482534153247273e-16
primary_kappa_8_operator_gain_direction,8.0,False,0.47000000000000003,1.9715579290959289,0.3783295292223852,2.0075293025165686,5.551115123125783e-17
primary_kappa_8_operator_gain_direction,8.0,False,0.48,1.981756479068056,0.37083810261655137,2.016154666854818,2.2887833992611187e-16
primary_kappa_8_operator_gain_direction,8.0,False,0.49,1.9912631578089504,0.363495016196338,2.0241683700835877,2.2887833992611187e-16
primary_kappa_8_operator_gain_direction,8.0,False,0.5,2.000096540136135,0.35629733262926805,2.031584100918116,4.47545209131181e-16
primary_kappa_8_operator_gain_direction,8.0,False,0.51,2.0082747845555438,0.3492421727459442,2.038415488929066,8.899114524108741e-16
primary_kappa_8_operator_gain_direction,8.0,False,0.52,2.0158156419876794,0.34232671438834317,2.0446760823822725,5.551115123125783e-17
primary_kappa_8_operator_gain_direction,8.0,False,0.53,2.022736464316183,0.33554819128091457,2.0503793289892056,1.6653345369377348e-16
primary_kappa_8_operator_gain_direction,8.0,False,0.54,2.0290542127623747,0.32890389192403374,2.0555385592227444,4.47545209131181e-16
primary_kappa_8_operator_gain_direction,8.0,False,0.55,2.034785466089259,0.3223911585093663,2.060166971896476,4.440892098500626e-16
primary_kappa_8_operator_gain_direction,8.0,False,0.56,2.039946428638423,0.31600738585670873,2.0642776217434142,4.47545209131181e-16
primary_kappa_8_operator_gain_direction,8.0,False,0.5700000000000001,2.044552938203175,0.30975002037188176,2.067883408762597,4.47545209131181e-16
primary_kappa_8_operator_gain_direction,8.0,False,0.58,2.0486204737412184,0.303616559025259,2.0709970691302373,4.47545209131181e-16
primary_kappa_8_operator_gain_direction,8.0,False,0.59,2.0521641629300844,0.297604548350521,2.0736311674966337,5.551115123125783e-17
primary_kappa_8_operator_gain_direction,8.0,False,0.6,2.0551987895684727,0.29171158346323683,2.0757980905112965,5.551115123125783e-17
primary_kappa_8_operator_gain_direction,8.0,False,0.61,2.057738800826611,0.28593530709887754,2.0775100414373617,4.47545209131181e-16
primary_kappa_8_operator_gain_direction,8.0,False,0.62,2.0597983143486513,0.28027340866987943,2.078779035732509,4.577566798522237e-16
primary_kappa_8_operator_gain_direction,8.0,False,0.63,2.06139112521009,0.27472362334137784,2.0796168974877887,4.440892098500626e-16
primary_kappa_8_operator_gain_direction,8.0,False,0.64,2.062530712733115,0.2692837311252433,2.080035256628143,4.440892098500626e-16
primary_kappa_8_operator_gain_direction,8.0,False,0.65,2.063230247162744,0.2639515559920565,2.0800455467892682,5.551115123125783e-17
primary_kappa_8_operator_gain_direction,8.0,False,0.66,2.063502596206548,0.25872496500066755,2.0796590037950353,8.95090418262362e-16
primary_kappa_8_operator_gain_direction,8.0,False,0.67,2.0633603314407027,0.253601867444991,2.078886664668056,4.47545209131181e-16
primary_kappa_8_operator_gain_direction,8.0,False,0.68,2.062815734585065,0.2485802140176958,2.077739367113403,8.899114524108741e-16
primary_kappa_8_operator_gain_direction,8.0,False,0.6900000000000001,2.061880803649893,0.2436579959904547,2.0762277494220167,8.899114524108741e-16
primary_kappa_8_operator_gain_direction,8.0,False,0.7000000000000001,2.060567258956807,0.23883324441042642,2.0743622507460886,4.47545209131181e-16
primary_kappa_8_operator_gain_direction,8.0,False,0.71,2.0588865490365187,0.23410402931264804,2.0721531117038436,8.899114524108741e-16
primary_kappa_8_operator_gain_direction,8.0,False,0.72,2.056849856405797,0.22946845894802337,2.0696103752756287,4.47545209131181e-16
primary_kappa_8_operator_gain_direction,8.0,False,0.73,2.054468103226121,0.22492467902659816,2.066743887957275,4.47545209131181e-16
primary_kappa_8_operator_gain_direction,8.0,False,0.74,2.0517519568463833,0.22047087197581927,2.0635633011402246,4.47545209131181e-16
primary_kappa_8_operator_gain_direction,8.0,False,0.75,2.0487118352319915,0.21610525621348156,2.0600780726911125,4.518280359883027e-16
primary_kappa_8_operator_gain_direction,8.0,False,0.76,2.0453579122826477,0.2118260854350711,2.0562974687063096,1.1102230246251565e-16
primary_kappa_8_operator_gain_direction,8.0,False,0.77,2.041700123041054,0.20763164791522004,2.0522305654194524,4.47545209131181e-16
primary_kappa_8_operator_gain_direction,8.0,False,0.78,2.0377481687947343,0.20352026582299404,2.0478862512422307,4.577566798522237e-16
primary_kappa_8_operator_gain_direction,8.0,False,0.79,2.0335115220731366,0.1994902945507369,2.0432732289207296,8.326672684688674e-17
primary_kappa_8_operator_gain_direction,8.0,False,0.8,2.0289994315421147,0.19554012205620616,2.0384000177914,4.518280359883027e-16
primary_kappa_8_operator_gain_direction,8.0,False,0.81,2.0242209267978644,0.19166816821773427,2.0332749561223507,4.518280359883027e-16
primary_kappa_8_operator_gain_direction,8.0,False,0.8200000000000001,2.0191848230623424,0.18787288420215914,2.027906203527111,8.326672684688674e-17
primary_kappa_8_operator_gain_direction,8.0,False,0.8300000000000001,2.01389972578215,0.18415275184527005,2.022301743439293,8.326672684688674e-17
primary_kappa_8_operator_gain_direction,8.0,False,0.84,2.0083740351328294,0.18050628304452188,2.016469385637747,8.326672684688674e-17
primary_kappa_8_operator_gain_direction,8.0,False,0.85,2.0026159504304846,0.17693201916377402,2.0104167688128656,8.326672684688674e-17
primary_kappa_8_operator_gain_direction,8.0,False,0.86,1.9966334744525924,0.17342853044981674,2.0041513631656205,1.3877787807814457e-16
primary_kappa_8_operator_gain_direction,8.0,False,0.87,1.990434417669837,0.16999441546045055,1.9976804730317617,1.1102230246251565e-16
primary_kappa_8_operator_gain_direction,8.0,False,0.88,1.9840264023907648,0.166628300503891,1.991011239524392,8.326672684688674e-17
primary_kappa_8_operator_gain_direction,8.0,False,0.89,1.97741686682102,0.1633288390892733,1.984150643188795,8.326672684688674e-17
primary_kappa_8_operator_gain_direction,8.0,False,0.9,1.970613069038883,0.16009471138803819,1.9771055066640386,8.326672684688674e-17
primary_kappa_8_operator_gain_direction,8.0,False,0.91,1.9636220908888067,0.15692462370598292,1.9698824973464264,8.326672684688674e-17
primary_kappa_8_operator_gain_direction,8.0,False,0.92,1.9564508417945998,0.15381730796576626,1.9624881300503791,2.3714374201337736e-16
primary_kappa_8_operator_gain_direction,8.0,False,0.93,1.9491060624938896,0.1507715211996607,1.9549287696627962,2.3714374201337736e-16
primary_kappa_8_operator_gain_direction,8.0,False,0.9400000000000001,1.941594328695447,0.1477860450523487,1.9472106337873512,2.2887833992611187e-16
primary_kappa_8_operator_gain_direction,8.0,False,0.9500000000000001,1.9339220546609375,0.14485968529356458,1.9393397953755636,2.2887833992611187e-16
primary_kappa_8_operator_gain_direction,8.0,False,0.96,1.9260954967126251,0.14199127134038614,1.9313221853418228,2.3714374201337736e-16
primary_kappa_8_operator_gain_direction,8.0,False,0.97,1.9181207566685263,0.13917965578898597,1.9231635951598556,2.2887833992611187e-16
primary_kappa_8_operator_gain_direction,8.0,False,0.98,1.9100037852064795,0.13642371395565495,1.9148696794384035,8.326672684688674e-17
primary_kappa_8_operator_gain_direction,8.0,False,0.99,1.9017503851585726,0.13372234342691322,1.9064459584741353,2.237726045655905e-16
primary_kappa_8_operator_gain_direction,8.0,False,1.0,1.8933662147373327,0.13107446361853067,1.8978978207800494,5.551115123125783e-17
primary_kappa_8_operator_gain_direction,8.0,False,1.01,1.8848567906950626,0.12847901534327832,1.8892305255878303,2.3714374201337736e-16
primary_kappa_8_operator_gain_direction,8.0,False,1.02,1.876227491417676,0.12593496038723967,1.8804492053228135,8.326672684688674e-17
primary_kappa_8_operator_gain_direction,8.0,False,1.03,1.8674835599543573,0.12344128109451111,1.8715588680503892,2.2887833992611187e-16
primary_kappa_8_operator_gain_direction,8.0,False,1.04,1.858630106984348,0.12099697996012601,1.8625643998928252,4.163336342344337e-17
primary_kappa_8_operator_gain_direction,8.0,False,1.05,1.849672113722129,0.11860107923103959,1.8534705674156404,4.460365043975677e-16
primary_kappa_8_operator_gain_direction,8.0,False,1.06,1.8406144347622524,0.11625262051501437,1.844282019982783,4.460365043975677e-16
primary_kappa_8_operator_gain_direction,8.0,False,1.07,1.8314618008650416,0.11395066439725077,1.8350032920799888,4.460365043975677e-16
primary_kappa_8_operator_gain_direction,8.0,False,1.08,1.8222188216843611,0.11169429006460851,1.8256388056058017,6.674335893081556e-16
primary_kappa_8_operator_gain_direction,8.0,False,1.09,1.8128899884386294,0.10948259493726915,1.816192872129833,2.237726045655905e-16
primary_kappa_8_operator_gain_direction,8.0,False,1.1,1.803479676526226,0.10731469430769211,1.8066696951179246,2.7755575615628914e-17
primary_kappa_8_operator_gain_direction,8.0,False,1.11,1.793992148086422,0.10518972098671982,1.7970733721239651,2.2591401799415137e-16
primary_kappa_8_operator_gain_direction,8.0,False,1.12,1.7844315545069374,0.1031068249566905,1.7874078969481741,2.237726045655905e-16
primary_kappa_8_operator_gain_direction,8.0,False,1.1300000000000001,1.7748019388792118,0.10106517303141989,1.7776771617617413,2.2591401799415137e-16
primary_kappa_8_operator_gain_direction,8.0,False,1.1400000000000001,1.7651072384024467,0.09906394852291543,1.767884959197759,6.667118051786499e-16
primary_kappa_8_operator_gain_direction,8.0,False,1.1500000000000001,1.7553512867374605,0.09710235091469041,1.7580349844084497,2.2591401799415137e-16
primary_kappa_8_operator_gain_direction,8.0,False,1.16,1.74553781631138,0.09517959554154659,1.7481308370887327,6.684427777288335e-16
primary_kappa_8_operator_gain_direction,8.0,False,1.17,1.7356704605741573,0.09329491327569751,1.738176023466216,2.237726045655905e-16
primary_kappa_8_operator_gain_direction,8.0,False,1.18,1.7257527562079054,0.0914475502191075,1.7281739582577496,2.2591401799415137e-16
primary_kappa_8_operator_gain_direction,8.0,False,1.19,1.7157881452899975,0.08963676740192204,1.718127966592697,2.237726045655905e-16
primary_kappa_8_operator_gain_direction,8.0,False,1.2,1.70577997741088,0.08786184048687021,1.7080412859031255,4.163336342344337e-17
primary_kappa_8_operator_gain_direction,8.0,False,1.21,1.6957315117475158,0.08612205947951992,1.6979170677811415,2.7755575615628914e-17
primary_kappa_8_operator_gain_direction,8.0,False,1.22,1.6856459190933635,0.08441672844427091,1.687758379803621,4.163336342344337e-17
primary_kappa_8_operator_gain_direction,8.0,False,1.23,1.675526283845773,0.08274516522597099,1.6775682073246079,4.163336342344337e-17
primary_kappa_8_operator_gain_direction,8.0,False,1.24,1.665375605951669,0.081106701177045,1.6673494552356776,4.449557262054371e-16
primary_kappa_8_operator_gain_direction,8.0,False,1.25,1.655196802812369,0.07950068089002697,1.657104949694577,2.237726045655905e-16
primary_kappa_8_operator_gain_direction,8.0,False,1.26,1.64499271114837,0.07792646193538814,1.6468374398224714,2.7755575615628914e-17
primary_kappa_8_operator_gain_direction,8.0,False,1.27,1.6347660888249176,0.07638341460455682,1.6365495993701413,2.7755575615628914e-17
primary_kappa_8_operator_gain_direction,8.0,False,1.28,1.624519616639158,0.07487092165802645,1.6262440283534816,2.2591401799415137e-16
primary_kappa_8_operator_gain_direction,8.0,False,1.29,1.6142559000696568,0.07338837807845153,1.6159232546586744,2.7755575615628914e-17
primary_kappa_8_operator_gain_direction,8.0,False,1.3,1.6039774709890515,0.07193519082863274,1.6055897356174103,4.449557262054371e-16
primary_kappa_8_operator_gain_direction,8.0,False,1.31,1.593686789340589,0.0705107786142941,1.5952458595525358,4.460365043975677e-16
primary_kappa_8_operator_gain_direction,8.0,False,1.32,1.5833862447792864,0.0691145716515574,1.5848939472945274,2.237726045655905e-16
primary_kappa_8_operator_gain_direction,8.0,False,1.33,1.573078158278437,0.06774601143902124,1.5745362536691796,2.7755575615628914e-17
primary_kappa_8_operator_gain_direction,8.0,False,1.34,1.5627647837021688,0.06640455053435289,1.5641749689569118,2.237726045655905e-16
primary_kappa_8_operator_gain_direction,8.0,False,1.35,1.5524483093447483,0.06508965233530409,1.5538122203240963,2.7755575615628914e-17
primary_kappa_8_operator_gain_direction,8.0,False,1.36,1.5421308594373127,0.06380079086506302,1.5434500732268188,2.237726045655905e-16
primary_kappa_8_operator_gain_direction,8.0,False,1.37,1.5318144956226896,0.06253745056185651,1.5330905327874709,2.237726045655905e-16
primary_kappa_8_operator_gain_direction,8.0,False,1.3800000000000001,1.521501218398964,0.06129912607271855,1.5227355451445963,4.445768331151997e-16
primary_kappa_8_operator_gain_direction,8.0,False,1.3900000000000001,1.5111929685324272,0.060085322051342246,1.5123869987763923,1.3877787807814457e-17
primary_kappa_8_operator_gain_direction,8.0,False,1.4000000000000001,1.5008916284405358,0.0588955529599348,1.5020467257982821,4.443059973708341e-16
primary_kappa_8_operator_gain_direction,8.0,False,1.41,1.4905990235454942,0.05772934287499586,1.4917165032349677,2.2247786310271853e-16
primary_kappa_8_operator_gain_direction,8.0,False,1.42,1.4803169235990619,0.05658622529694173,1.4813980542673693,2.2247786310271853e-16
primary_kappa_8_operator_gain_direction,8.0,False,1.43,1.4700470439791766,0.05546574296349944,1.471093049454863,1.3877787807814457e-17
primary_kappa_8_operator_gain_direction,8.0,False,1.44,1.459791046958968,0.05436744766679564,1.4608031079332224,2.2215299868541707e-16
primary_kappa_8_operator_gain_direction,8.0,False,1.45,1.449550542948731,0.05329090007406754,1.4505297985886623,1.3877787807814457e-17
primary_kappa_8_operator_gain_direction,8.0,False,1.46,1.4393270917114094,0.05223566955192387,1.4402746412083918,2.2247786310271853e-16
primary_kappa_8_operator_gain_direction,8.0,False,1.47,1.4291222035521371,0.05120133399408585,1.4300391076080716,2.2215299868541707e-16
primary_kappa_8_operator_gain_direction,8.0,False,1.48,1.4189373404823686,0.050187479652539016,1.4198246227365727,2.2215299868541707e-16
primary_kappa_8_operator_gain_direction,8.0,False,1.49,1.4087739173591156,0.04919370097202852,1.4096325657584226,2.2215299868541707e-16
primary_kappa_8_operator_gain_direction,8.0,False,1.5,1.3986333029998088,0.0482196004278316,1.3994642711143341,4.443059973708341e-16
primary_kappa_8_operator_gain_direction,8.0,False,1.51,1.3885168212732792,0.04726478836674238,1.3893210295601965,2.2215299868541707e-16
primary_kappa_8_operator_gain_direction,8.0,False,1.52,1.378425752167353,0.04632888285120544,1.3792040891849089,2.2215299868541707e-16
primary_kappa_8_operator_gain_direction,8.0,False,1.53,1.3683613328335396,0.04541150950653566,1.3691146564074328,2.2247786310271853e-16
primary_kappa_8_operator_gain_direction,8.0,False,1.54,1.358324758609284,0.044512301371163354,1.3590538969534383,2.2215299868541707e-16
primary_kappa_8_operator_gain_direction,8.0,False,1.55,1.3483171840182473,0.04363089874984479,1.3490229368119044,1.3877787807814457e-17
primary_kappa_8_operator_gain_direction,8.0,False,1.56,1.3383397237490633,0.04276694906977923,1.339022863172043,1.3877787807814457e-17
primary_kappa_8_operator_gain_direction,8.0,False,1.57,1.3283934536130186,0.04192010673957517,1.329054725340902,2.2215299868541707e-16
primary_kappa_8_operator_gain_direction,8.0,False,1.58,1.3184794114810894,0.04109003301100916,1.319119535642,2.2215299868541707e-16
primary_kappa_8_operator_gain_direction,8.0,False,1.59,1.3085985982007575,0.04027639584352195,1.3092182702953437,1.3877787807814457e-17
primary_kappa_8_operator_gain_direction,8.0,False,1.6,1.2987519784930275,0.03947886977139793,1.2993518702791713,2.2215299868541707e-16
primary_kappa_8_operator_gain_direction,8.0,False,1.61,1.2889404818300503,0.03869713577357442,1.2895212421737614,1.3877787807814457e-17
primary_kappa_8_operator_gain_direction,8.0,False,1.62,1.2791650032937523,0.03793088114602902,1.2797272589876405,6.938893903907228e-18
primary_kappa_8_operator_gain_direction,8.0,False,1.6300000000000001,1.2694264044158665,0.03717979937669387,1.2699707609665218,1.3877787807814457e-17
primary_kappa_8_operator_gain_direction,8.0,False,1.6400000000000001,1.259725513999745,0.03644359002284665,1.2602525563852964,2.2215299868541707e-16
primary_kappa_8_operator_gain_direction,8.0,False,1.6500000000000001,1.2500631289243334,0.035721958590929595,1.2505734223234022,2.2215299868541707e-16
primary_kappa_8_operator_gain_direction,8.0,False,1.6600000000000001,1.2404400149306727,0.03501461641874804,1.2409341054238776,6.938893903907228e-18
primary_kappa_8_operator_gain_direction,8.0,False,1.67,1.2308569073912934,0.03432128056000178,1.2313353226364203,2.2247786310271853e-16
primary_kappa_8_operator_gain_direction,8.0,False,1.68,1.2213145120628504,0.03364167367110267,1.2217777619447454,2.2215299868541707e-16
primary_kappa_8_operator_gain_direction,8.0,False,1.69,1.2118135058223538,0.03297552390023364,1.2122620830785558,2.2215299868541707e-16
primary_kappa_8_operator_gain_direction,8.0,False,1.7,1.2023545373873283,0.032322564778604214,1.202788918210408,1.3877787807814457e-17
primary_kappa_8_operator_gain_direction,8.0,False,1.71,1.1929382280202367,0.03168253511385951,1.193358872637776,2.2215299868541707e-16
primary_kappa_8_operator_gain_direction,8.0,False,1.72,1.1835651722174947,0.031055178885599777,1.1839725254505886,2.2228841655759984e-16
primary_kappa_8_operator_gain_direction,8.0,False,1.73,1.174235938383395,0.030440245142968864,1.174630430184531,2.2247786310271853e-16
primary_kappa_8_operator_gain_direction,8.0,False,1.74,1.1649510694892566,0.029837487904270477,1.165333115460382,2.2215299868541707e-16
primary_kappa_8_operator_gain_direction,8.0,False,1.75,1.1557110837181022,0.029246666058572283,1.1560810856096608,1.0408340855860843e-17
primary_kappa_8_operator_gain_direction,8.0,False,1.76,1.146516475095167,0.02866754326925826,1.146874821286849,1.0408340855860843e-17
primary_kappa_8_operator_gain_direction,8.0,False,1.77,1.1373677141045344,0.02809988787949095,1.1377147800684555,2.2228841655759984e-16
primary_kappa_8_operator_gain_direction,8.0,False,1.78,1.128265248292183,0.027543472819545604,1.1286013970391773,1.3877787807814457e-17
primary_kappa_8_operator_gain_direction,8.0,False,1.79,1.1192095028557323,0.02699807551597927,1.1195350853654127,2.2215299868541707e-16
primary_kappa_8_operator_gain_direction,8.0,False,1.8,1.110200881221161,0.026463477802598476,1.110516236856378,2.2228841655759984e-16
primary_kappa_8_operator_gain_direction,8.0,False,1.81,1.1012397656067714,0.025939465833189797,1.1015452225130695,1.0408340855860843e-17
primary_kappa_8_operator_gain_direction,8.0,False,1.82,1.0923265175746628,0.025425829995978543,1.0926223930653145,6.938893903907228e-18
primary_kappa_8_operator_gain_direction,8.0,False,1.83,1.0834614785699777,0.024922364829781274,1.0837480794971452,2.2247786310271853e-16
primary_kappa_8_operator_gain_direction,8.0,False,1.84,1.0746449704481744,0.02442886894181854,1.0749225935607336,6.938893903907228e-18
primary_kappa_8_operator_gain_direction,8.0,False,1.85,1.065877295990575,0.023945144927155132,1.0661462282791052,2.2215299868541707e-16
primary_kappa_8_operator_gain_direction,8.0,False,1.86,1.0571587394084354,0.023470999289735443,1.057419258437868,2.2228841655759984e-16
primary_kappa_8_operator_gain_direction,8.0,False,1.87,1.048489566835777,0.023006242364982474,1.048741941066167,6.938893903907228e-18
primary_kappa_8_operator_gain_direction,8.0,False,1.8800000000000001,1.0398700268112142,0.022550688243929494,1.0401145159070853,1.0408340855860843e-17
primary_kappa_8_operator_gain_direction,8.0,False,1.8900000000000001,1.0313003507490077,0.022104154698853927,1.0315372058777024,3.469446951953614e-18
primary_kappa_8_operator_gain_direction,8.0,False,1.9000000000000001,1.0227807533995723,0.021666463110383904,1.0230102175190188,2.2215299868541707e-16
primary_kappa_8_operator_gain_direction,8.0,False,1.9100000000000001,1.0143114332996555,0.021237438396048056,1.01453374143595,6.938893903907228e-18
primary_kappa_8_operator_gain_direction,8.0,False,1.92,1.005892573212407,0.02081690894024026,1.006107952727591,6.938893903907228e-18
primary_kappa_8_operator_gain_direction,8.0,False,1.93,0.9975243405575497,0.020404706525571033,0.9977330114079462,1.1107649934270853e-16
primary_kappa_8_operator_gain_direction,8.0,False,1.94,0.9892068878318605,0.020000666265578417,0.9894090628173274,1.1107649934270853e-16
primary_kappa_8_operator_gain_direction,8.0,False,1.95,0.9809403530201644,0.019604626538771142,0.9811362380245923,3.469446951953614e-18
primary_kappa_8_operator_gain_direction,8.0,False,1.96,0.9727248599970401,0.01921642892397788,0.9729146542204262,6.938893903907228e-18
primary_kappa_8_operator_gain_direction,8.0,False,1.97,0.9645605189194348,0.018835918136976677,0.9647444151018405,6.938893903907228e-18
primary_kappa_8_operator_gain_direction,8.0,False,1.98,0.9564474266103778,0.01846294196837919,0.9566256112480691,6.938893903907228e-18
primary_kappa_8_operator_gain_direction,8.0,False,1.99,0.9483856669339799,0.018097351222744893,0.9485583204880389,1.1107649934270853e-16
primary_kappa_8_operator_gain_direction,8.0,False,2.0,0.9403753111619042,0.01773899965890093,0.9405426082595868,1.1123893155135927e-16
primary_kappa_8_operator_gain_direction,8.0,False,2.0100000000000002,0.9324164183314871,0.01738774393144367,0.9325785279605917,6.938893903907228e-18
primary_kappa_8_operator_gain_direction,8.0,False,2.02,0.9245090355956856,0.017043443533398674,0.9246661212921888,3.469446951953614e-18
primary_kappa_8_operator_gain_direction,8.0,False,2.0300000000000002,0.9166531985650218,0.016705960740015974,0.916805418594225,1.1123893155135927e-16
primary_kappa_8_operator_gain_direction,8.0,False,2.04,0.9088489316416996,0.0163751605536784,0.9089964391731231,0.0
primary_kappa_8_operator_gain_direction,8.0,False,2.05,0.9010962483460503,0.01605091064990069,0.9012391916223006,1.1107649934270853e-16
primary_kappa_8_operator_gain_direction,8.0,False,2.06,0.893395151635478,0.015733081324397918,0.8935336741353058,3.469446951953614e-18
primary_kappa_8_operator_gain_direction,8.0,False,2.07,0.8857456342160592,0.015421545441202134,0.885879874811819,1.734723475976807e-18
primary_kappa_8_operator_gain_direction,8.0,False,2.08,0.8781476788469507,0.015116178381806166,0.8782777719566617,1.1107649934270853e-16
primary_kappa_8_operator_gain_direction,8.0,False,2.09,0.8706012586377639,0.014816857995314663,0.8707273343719675,1.1103585416259206e-16
primary_kappa_8_operator_gain_direction,8.0,False,2.1,0.8631063373390488,0.014523464549582019,0.8632285216426476,1.1107649934270853e-16
primary_kappa_8_operator_gain_direction,8.0,False,2.11,0.8556628696260398,0.014235880683317994,0.855781284415299,1.1107649934270853e-16
primary_kappa_8_operator_gain_direction,8.0,False,2.12,0.8482708013757999,0.013953991359141556,0.8483855646706825,1.1114420827879992e-16
primary_kappa_8_operator_gain_direction,8.0,False,2.13,0.840930069937912,0.013677683817564486,0.8410412959899144,1.1107649934270853e-16
primary_kappa_8_operator_gain_direction,8.0,False,2.14,0.8336406043988451,0.013406847531885977,0.8337484038144931,1.1103585416259206e-16
primary_kappa_8_operator_gain_direction,8.0,False,2.15,0.8264023258401414,0.013141374163980589,0.8265068057002998,1.1107649934270853e-16
primary_kappa_8_operator_gain_direction,8.0,False,2.16,0.8192151475905428,0.01288115752096144,0.8193164115656872,5.204170427930421e-18
primary_kappa_8_operator_gain_direction,8.0,False,2.17,0.8120789754722011,0.01262609351270174,0.8121771239337953,3.469446951953614e-18
primary_kappa_8_operator_gain_direction,8.0,False,2.18,0.8049937080410835,0.01237608011019727,0.8050888381691969,5.204170427930421e-18
primary_kappa_8_operator_gain_direction,8.0,False,2.19,0.7979592368217109,0.01213101730475349,0.7980514427090121,1.1107649934270853e-16
primary_kappa_8_operator_gain_direction,8.0,False,2.2,0.7909754465363382,0.011890807067980657,0.7910648192885887,5.204170427930421e-18
primary_kappa_8_operator_gain_direction,8.0,False,2.21,0.7840422153287074,0.011655353312581235,0.7841288431618801,1.1114420827879992e-16
primary_kappa_8_operator_gain_direction,8.0,False,2.22,0.777159414982478,0.011424561853913617,0.7772433833166168,1.1107649934270853e-16
primary_kappa_8_operator_gain_direction,8.0,False,2.23,0.7703269111344606,0.011198340372317097,0.770408302684397,2.2210558292432945e-16
primary_kappa_8_operator_gain_direction,8.0,False,2.24,0.7635445634827542,0.010976598376182688,0.7636234583457882,1.1107649934270853e-16
primary_kappa_8_operator_gain_direction,8.0,False,2.25,0.7568122259899077,0.01075924716575536,0.7568887017305602,2.220717083251841e-16
primary_kappa_8_operator_gain_direction,8.0,False,2.2600000000000002,0.7501297470812012,0.010546199797652867,0.7502038788131389,1.1107649934270853e-16
primary_kappa_8_operator_gain_direction,8.0,False,2.27,0.7434969698381643,0.010337371050087316,0.7435688303033952,1.1107649934270853e-16
primary_kappa_8_operator_gain_direction,8.0,False,2.2800000000000002,0.736913732187422,0.010132677388775243,0.7369833918328557,2.220717083251841e-16
primary_kappa_8_operator_gain_direction,8.0,False,2.29,0.7303798670849805,0.009932036933522854,0.7304473941364447,3.3308497693360055e-16
primary_kappa_8_operator_gain_direction,8.0,False,2.3000000000000003,0.723895202696041,0.009735369425472791,0.7239606632298421,1.1107649934270853e-16
primary_kappa_8_operator_gain_direction,8.0,False,2.31,0.7174595625704479,0.009542596194999583,0.7175230205825589,3.3308497693360055e-16
primary_kappa_8_operator_gain_direction,8.0,False,2.32,0.7110727658138556,0.009353640130240686,0.7111342832868152,2.220717083251841e-16
primary_kappa_8_operator_gain_direction,8.0,False,2.33,0.7047346272547175,0.009168425646250743,0.7047942642223164,2.220717083251841e-16
primary_kappa_8_operator_gain_direction,8.0,False,2.34,0.6984449576071794,0.008986878654766613,0.6985027722170114,1.1107649934270853e-16
primary_kappa_8_operator_gain_direction,8.0,False,2.35,0.6922035636299694,0.008808926534571028,0.6922596122039192,2.220717083251841e-16
primary_kappa_8_operator_gain_direction,8.0,False,2.36,0.6860102482813729,0.008634498102443199,0.6860645853741119,3.3308497693360055e-16
primary_kappa_8_operator_gain_direction,8.0,False,2.37,0.6798648108703735,0.008463523584684515,0.6799174893259309,2.220717083251841e-16
primary_kappa_8_operator_gain_direction,8.0,False,2.38,0.6737670472040501,0.0082959345892082,0.6738181182105251,3.3308497693360055e-16
primary_kappa_8_operator_gain_direction,8.0,False,2.39,0.6677167497313019,0.008131664078181493,0.6677662628737802,2.220513810852149e-16
primary_kappa_8_operator_gain_direction,8.0,False,2.4,0.6617137076829942,0.007970646341209704,0.6617617109947294,2.220717083251841e-16
primary_kappa_8_operator_gain_direction,8.0,False,2.41,0.6557577072085897,0.007812816969051091,0.6558042472205089,1.1107649934270853e-16
primary_kappa_8_operator_gain_direction,8.0,False,2.42,0.6498485315093546,0.007658112827852387,0.6498936532979445,2.220513810852149e-16
primary_kappa_8_operator_gain_direction,8.0,False,2.43,0.6439859609682036,0.007506472033894351,0.6440297082018316,2.220598509946676e-16
primary_kappa_8_operator_gain_direction,8.0,False,2.44,0.6381697732762673,0.007357833928837506,0.6382121882599915,2.220513810852149e-16
primary_kappa_8_operator_gain_direction,8.0,False,2.45,0.6323997435562455,0.007212139055457953,0.632440867275163,2.220598509946676e-16
primary_kappa_8_operator_gain_direction,8.0,False,2.46,0.6266756444826239,0.007069329133863723,0.6267155166438078,1.1103585416259206e-16
primary_kappa_8_operator_gain_direction,8.0,False,2.47,0.6209972463988177,0.006929347038182012,0.6210359054718894,1.1103585416259206e-16
primary_kappa_8_operator_gain_direction,8.0,False,2.48,0.615364317431315,0.006792136773708105,0.6154018006876979,1.1103585416259206e-16
primary_kappa_8_operator_gain_direction,8.0,False,2.49,0.6097766236008805,0.006657643454506707,0.6098129671517795,1.1103585416259206e-16
primary_kappa_8_operator_gain_direction,8.0,False,2.5,0.6042339289308907,0.0065258132814568805,0.6042691677640396,2.6020852139652106e-18
primary_kappa_8_operator_gain_direction,8.0,False,2.5100000000000002,0.5987359955528577,0.006396593520731634,0.5987701635680766,1.1103585416259206e-16
primary_kappa_8_operator_gain_direction,8.0,False,2.52,0.5932825838092105,0.006269932482703737,0.5933157138528109,2.220513810852149e-16
primary_kappa_8_operator_gain_direction,8.0,False,2.5300000000000002,0.5878734523533873,0.006145779501269132,0.5879055762514662,2.6020852139652106e-18
primary_kappa_8_operator_gain_direction,8.0,False,2.54,0.5825083582473062,0.006024084913579857,0.5825395068379637,1.1102569054260746e-16
primary_kappa_8_operator_gain_direction,8.0,False,2.5500000000000003,0.5771870570562654,0.005904800040178212,0.5772172602207829,2.220462989844635e-16
primary_kappa_8_operator_gain_direction,8.0,False,2.56,0.5719093029413365,0.005787877165524362,0.5719385896343493,1.1103585416259206e-16
primary_kappa_8_operator_gain_direction,8.0,False,2.57,0.5666748487493014,0.005673269518909445,0.5667032470279995,2.220462989844635e-16
primary_kappa_8_operator_gain_direction,8.0,False,2.58,0.5614834461001913,0.00556093125574669,0.5615109831525805,2.220598509946676e-16
primary_kappa_8_operator_gain_direction,8.0,False,2.59,0.5563348454724811,0.0054508174392329765,0.5563615476447356,2.220513810852149e-16
primary_kappa_8_operator_gain_direction,8.0,False,2.6,0.5512287962859884,0.005342884022373486,0.5512546891089238,1.1102569054260746e-16
primary_kappa_8_operator_gain_direction,8.0,False,2.61,0.5461650469825338,0.005237087830362354,0.5461901551972319,1.1102569054260746e-16
primary_kappa_8_operator_gain_direction,8.0,False,2.62,0.5411433451044073,0.00513338654331213,0.541167692687018,1.1102569054260746e-16
primary_kappa_8_operator_gain_direction,8.0,False,2.63,0.536163437370696,0.0050317386793253035,0.5361870475564449,2.220513810852149e-16
primary_kappa_8_operator_gain_direction,8.0,False,2.64,0.5312250697515146,0.004932103577900944,0.5312479650579424,3.330680367628952e-16
primary_kappa_8_operator_gain_direction,8.0,False,2.65,0.5263279875401933,0.004834441383670009,0.5263501897896513,1.1103585416259206e-16
primary_kappa_8_operator_gain_direction,8.0,False,2.66,0.5214719354234623,0.0047387130304526156,0.5214934657648901,2.220513810852149e-16
primary_kappa_8_operator_gain_direction,8.0,False,2.67,0.5166566575496842,0.00464488022563109,0.5166775364796906,2.220513810852149e-16
primary_kappa_8_operator_gain_direction,8.0,False,2.68,0.5118818975951734,0.004552905434832374,0.5119021449784461,3.3307142486596306e-16
primary_kappa_8_operator_gain_direction,8.0,False,2.69,0.5071473988286516,0.004462751866913811,0.5071670339177153,2.220513810852149e-16
primary_kappa_8_operator_gain_direction,8.0,False,2.7,0.5024529041738746,0.004374383459246161,0.5024719456282204,2.220513810852149e-16
primary_kappa_8_operator_gain_direction,8.0,False,2.71,0.49779815627048063,0.004287764863288104,0.4978166221750864,2.220513810852149e-16
primary_kappa_8_operator_gain_direction,8.0,False,2.72,0.49318289753309236,0.004202861430446318,0.4932008054163539,2.7755711140569604e-16
primary_kappa_8_operator_gain_direction,8.0,False,2.73,0.4886068702087196,0.004119639198215615,0.4886242370598127,2.220598509946676e-16
primary_kappa_8_operator_gain_direction,8.0,False,2.74,0.48406981643249586,0.004038064876593448,0.48408665871818635,2.7755711140569604e-16
primary_kappa_8_operator_gain_direction,8.0,False,2.75,0.4795714782817925,0.0039581058347635065,0.4795878119627134,2.7756117711421305e-16
primary_kappa_8_operator_gain_direction,8.0,False,2.7600000000000002,0.47511159782874174,0.0038797300880429146,0.47512743837515437,2.7755711140569604e-16
primary_kappa_8_operator_gain_direction,8.0,False,2.77,0.470689917191212,0.0038029062850879676,0.4707052795982675,2.7755711140569604e-16
primary_kappa_8_operator_gain_direction,8.0,False,2.7800000000000002,0.4663061785822639,0.0037276036953531456,0.466321077384782,3.3306944847669525e-16
primary_kappa_8_operator_gain_direction,8.0,False,2.79,0.4619601243581296,0.003653792196798513,0.46197457364490957,2.7755880545814905e-16
primary_kappa_8_operator_gain_direction,8.0,False,2.8000000000000003,0.4576514970647423,0.003581442263840476,0.45766551049242177,2.7755880545814905e-16
primary_kappa_8_operator_gain_direction,8.0,False,2.81,0.4533800394828567,0.0035105249555411784,0.4533936302893328,2.2204841654057886e-16
primary_kappa_8_operator_gain_direction,8.0,False,2.82,0.4491454946717867,0.0034410119040317205,0.4491586756892131,2.7755711140569604e-16
primary_kappa_8_operator_gain_direction,8.0,False,2.83,0.4449476060117971,0.0033728753031646427,0.44496038967917145,2.7755711140569604e-16
primary_kappa_8_operator_gain_direction,8.0,False,2.84,0.44078611724517996,0.0033060878973911042,0.44079851562053474,2.7755711140569604e-16
primary_kappa_8_operator_gain_direction,8.0,False,2.85,0.43666077251604296,0.003240622970858279,0.4366727972882518,2.7755711140569604e-16
primary_kappa_8_operator_gain_direction,8.0,False,2.86,0.43257131640884605,0.0031764543367226827,0.4325829789090589,2.7755711140569604e-16
primary_kappa_8_operator_gain_direction,8.0,False,2.87,0.42851749398570915,0.0031135563266750615,0.4285288051984273,2.7755880545814905e-16
primary_kappa_8_operator_gain_direction,8.0,False,2.88,0.4244990508225261,0.003051903780672751,0.42451002139632943,3.330680367628952e-16
primary_kappa_8_operator_gain_direction,8.0,False,2.89,0.4205157330439072,0.0029914720368753,0.4205263733018442,2.7755880545814905e-16
primary_kappa_8_operator_gain_direction,8.0,False,2.9,0.41656728735698395,0.0029322369217794275,0.4165776073066356,3.3306944847669525e-16
primary_kappa_8_operator_gain_direction,8.0,False,2.91,0.41265346108409673,0.0028741747405492775,0.41266347042732454,2.7755880545814905e-16
primary_kappa_8_operator_gain_direction,8.0,False,2.92,0.4087740021943983,0.0028172622675381905,0.40878371033678684,3.3306944847669525e-16
primary_kappa_8_operator_gain_direction,8.0,False,2.93,0.404928659334393,0.0027614767369981146,0.4049380753943964,2.7755880545814905e-16
primary_kappa_8_operator_gain_direction,8.0,False,2.94,0.40111718185744266,0.00270679583397302,0.40112631467524484,2.7755711140569604e-16
primary_kappa_8_operator_gain_direction,8.0,False,2.95,0.3973393198522584,0.0026531976853726054,0.3973481779983557,2.7755711140569604e-16
primary_kappa_8_operator_gain_direction,8.0,False,2.96,0.39359482417040836,0.002600660851222783,0.39360341595392406,3.330680367628952e-16
primary_kappa_8_operator_gain_direction,8.0,False,2.97,0.3898834464528593,0.0025491643160893878,0.38989177992959795,2.220462989844635e-16
primary_kappa_8_operator_gain_direction,8.0,False,2.98,0.3862049391555811,0.0024986874806717414,0.3862130221358313,2.7755880545814905e-16
primary_kappa_8_operator_gain_direction,8.0,False,2.99,0.38255905557423087,0.002449210153562638,0.38256689563032475,2.7755711140569604e-16
primary_kappa_8_operator_gain_direction,8.0,False,3.0,0.37894554986794554,0.0024007125431715335,0.3789531543415816,2.220462989844635e-16
primary_kappa_8_operator_gain_direction,8.0,False,3.0100000000000002,0.37536417708225767,0.0023531752498076224,0.3753715530915959,2.7755711140569604e-16
primary_kappa_8_operator_gain_direction,8.0,False,3.02,0.37181469317116234,0.002306579257919725,0.37182184761769804,2.7755711140569604e-16
primary_kappa_8_operator_gain_direction,8.0,False,3.0300000000000002,0.36829685501835036,0.002260905928489794,0.3683037945935736,2.7755880545814905e-16
primary_kappa_8_operator_gain_direction,8.0,False,3.04,0.36481042045763334,0.002216136991577074,0.3648171516494813,2.7755609496926123e-16
primary_kappa_8_operator_gain_direction,8.0,False,3.0500000000000003,0.36135514829257503,0.0021722545390098712,0.3613616773916835,2.220462989844635e-16
primary_kappa_8_operator_gain_direction,8.0,False,3.06,0.35793079831535435,0.002129241017222054,0.3579371314211146,3.3306718973174304e-16
primary_kappa_8_operator_gain_direction,8.0,False,3.0700000000000003,0.35453713132487324,0.0020870792202313825,0.35454327435130106,2.7755711140569604e-16
primary_kappa_8_operator_gain_direction,8.0,False,3.08,0.351173909144134,0.0020457522827568996,0.3511798678255559,2.7755711140569604e-16
primary_kappa_8_operator_gain_direction,8.0,False,3.09,0.3478408946368983,0.0020052436734725797,0.34784667453346135,2.7755609496926123e-16
primary_kappa_8_operator_gain_direction,8.0,False,3.1,0.3445378517236511,0.0019655371883945862,0.34454345822666194,2.7755711140569604e-16
primary_kappa_8_operator_gain_direction,8.0,False,3.11,0.3412645453968836,0.0019266169443994644,0.34126998373398165,2.7755711140569604e-16
primary_kappa_8_operator_gain_direction,8.0,False,3.12,0.3380207417357127,0.0018884673728706688,0.3380260169758828,3.330680367628952e-16
primary_kappa_8_operator_gain_direction,8.0,False,3.13,0.3348062079198562,0.001851073213470924,0.33481132497828625,2.775578737305794e-16
primary_kappa_8_operator_gain_direction,8.0,False,3.14,0.3316207122429754,0.001814419508037871,0.33162567588576347,2.7755651848489477e-16
primary_kappa_8_operator_gain_direction,8.0,False,3.15,0.32846402412540676,0.0017784915946006175,0.32846883897412227,2.2204555783505224e-16
primary_kappa_8_operator_gain_direction,8.0,False,3.16,0.32533591412629276,0.0017432751015147403,0.3253405846623967,2.2204555783505224e-16
primary_kappa_8_operator_gain_direction,8.0,False,3.17,0.3222361539551321,0.0017087559417134483,0.32224068452426047,2.220462989844635e-16
primary_kappa_8_operator_gain_direction,8.0,False,3.18,0.31916451648275973,0.0016749203070725565,0.31916891129887454,2.2204555783505224e-16
primary_kappa_8_operator_gain_direction,8.0,False,3.19,0.3161207757517758,0.0016417546628870636,0.316125038901188,2.2204502844110104e-16
primary_kappa_8_operator_gain_direction,8.0,False,3.2,0.313104706986433,0.0016092457424570785,0.3131088424317009,2.2204555783505224e-16
primary_kappa_8_operator_gain_direction,8.0,False,3.21,0.31011608660200174,0.0015773805417809736,0.31012009818570907,2.220462989844635e-16
primary_kappa_8_operator_gain_direction,8.0,False,3.22,0.30715469221362096,0.0015461463143536002,0.3071585836620387,2.7755609496926123e-16
primary_kappa_8_operator_gain_direction,8.0,False,3.23,0.30422030264465355,0.001515530566067529,0.3042240775712884,2.7755609496926123e-16
primary_kappa_8_operator_gain_direction,8.0,False,3.24,0.30131269793455445,0.001485521050215227,0.3013163598435881,2.2204502844110104e-16
primary_kappa_8_operator_gain_direction,8.0,False,3.25,0.29843165934626903,0.001456105762590224,0.2984352116358916,2.7755609496926123e-16
primary_kappa_8_operator_gain_direction,8.0,False,3.2600000000000002,0.2955769693731691,0.001427272936685258,0.2955804153388095,2.2204471080412447e-16
primary_kappa_8_operator_gain_direction,8.0,False,3.27,0.2927484117455443,0.001399011038985527,0.29275175458300146,2.2204471080412447e-16
primary_kappa_8_operator_gain_direction,8.0,False,3.2800000000000002,0.28994577143665506,0.0013713087643551184,0.2899490142451328,2.2204471080412447e-16
primary_kappa_8_operator_gain_direction,8.0,False,3.29,0.2871688346683647,0.0013441550315148134,0.2871719804534128,2.2204471080412447e-16
primary_kappa_8_operator_gain_direction,8.0,False,3.3000000000000003,0.28441738891635615,0.0013175389786094195,0.28442044059272176,2.775558408595709e-16
primary_kappa_8_operator_gain_direction,8.0,False,3.31,0.2816912229149503,0.001291449958862891,0.28169418330934076,3.3306718973174304e-16
primary_kappa_8_operator_gain_direction,8.0,False,3.3200000000000003,0.2789901266615311,0.0012658775363194688,0.27899299851529274,1.6653359486587152e-16
primary_kappa_8_operator_gain_direction,8.0,False,3.33,0.27631389142059415,0.0012408114816691677,0.2763166773923082,3.3306697797361844e-16
primary_kappa_8_operator_gain_direction,8.0,False,3.34,0.27366230972742267,0.0012162417681559079,0.2736650123954219,2.7755575615628914e-16
primary_kappa_8_operator_gain_direction,8.0,False,3.35,0.27103517539140703,0.0011921585675666827,0.2710377972562148,2.7755575615628914e-16
primary_kappa_8_operator_gain_direction,8.0,False,3.36,0.2684322834990144,0.0011685522463001446,0.2684348269857091,2.7755575615628914e-16
primary_kappa_8_operator_gain_direction,8.0,False,3.37,0.2658534304164178,0.00114541336151303,0.2658558978769247,2.2204471080412447e-16
primary_kappa_8_operator_gain_direction,8.0,False,3.38,0.2632984137917977,0.0011227326573429034,0.2633008075071107,2.220446049250313e-16
primary_kappa_8_operator_gain_direction,8.0,False,3.39,0.2607670325573203,0.0011005010612056814,0.26076935473965546,3.3306697797361844e-16
primary_kappa_8_operator_gain_direction,8.0,False,3.4,0.2582590869308068,0.0010787096801664856,0.2582613397256897,3.3306690738754696e-16
primary_kappa_8_operator_gain_direction,8.0,False,3.41,0.25577437841709794,0.001057349797382343,0.2557765639053876,3.3306697797361844e-16
primary_kappa_8_operator_gain_direction,8.0,False,3.42,0.2533127098091268,0.0010364128686153396,0.2533148300089774,2.220446049250313e-16
primary_kappa_8_operator_gain_direction,8.0,False,3.43,0.2508738851887037,0.001015890518814804,0.2508759420574661,2.2204471080412447e-16
primary_kappa_8_operator_gain_direction,8.0,False,3.44,0.24845770992702615,0.0009957745387671826,0.24845970536309167,2.775558408595709e-16
primary_kappa_8_operator_gain_direction,8.0,False,3.45,0.24606399068491813,0.0009760568818122381,0.2460659265295055,2.2204463139480933e-16
primary_kappa_8_operator_gain_direction,8.0,False,3.46,0.24369253541280933,0.0009567296606242847,0.24369441345169743,2.498002040693521e-16
primary_kappa_8_operator_gain_direction,8.0,False,3.47,0.24134315335045967,0.0009377851440571457,0.24134497531566698,2.498002040693521e-16
primary_kappa_8_operator_gain_direction,8.0,False,3.48,0.23901565502643957,0.000919215754051599,0.2390174225978526,2.498002040693521e-16
primary_kappa_8_operator_gain_direction,8.0,False,3.49,0.23670985225736976,0.0009010140626040454,0.23671156706432162,2.220446049250313e-16
primary_kappa_8_operator_gain_direction,8.0,False,3.5,0.23442555814693178,0.0008831727887952156,0.23442722176973255,2.220446049250313e-16
primary_kappa_8_operator_gain_direction,8.0,False,3.5100000000000002,0.23216258708465204,0.0008656847958776971,0.2321642010560725,2.2204463139480933e-16
primary_kappa_8_operator_gain_direction,8.0,False,3.52,0.22992075474447055,0.0008485430884211482,0.22992232055118067,2.498001805406602e-16
primary_kappa_8_operator_gain_direction,8.0,False,3.5300000000000002,0.22769987808309694,0.000831740809514026,0.22770139716706048,2.498002040693521e-16
primary_kappa_8_operator_gain_direction,8.0,False,3.54,0.22549977533816423,0.0008152712380207352,0.22550124909799077,2.498001805406602e-16
primary_kappa_8_operator_gain_direction,8.0,False,3.5500000000000003,0.2233202660261828,0.0007991277858930802,0.22332169581843866,2.220446049250313e-16
primary_kappa_8_operator_gain_direction,8.0,False,3.56,0.2211611709403049,0.0007833039955349625,0.22116255808078408,2.2204463139480933e-16
primary_kappa_8_operator_gain_direction,8.0,False,3.5700000000000003,0.21902231214790172,0.0007677935372192503,0.2190236579128581,2.220446049250313e-16
primary_kappa_8_operator_gain_direction,8.0,False,3.58,0.2169035129879629,0.0007525902065558105,0.21690481861530506,2.498002040693521e-16
primary_kappa_8_operator_gain_direction,8.0,False,3.59,0.21480459806832056,0.0007376879220096626,0.2148058647587701,1.9428905956057674e-16
primary_kappa_8_operator_gain_direction,8.0,False,3.6,0.21272539326270679,0.0007230807224682882,0.21272662218092134,2.2204463139480933e-16
primary_kappa_8_operator_gain_direction,8.0,False,3.61,0.2106657257076481,0.0007087627648571065,0.21066691798331053,2.2204463139480933e-16
primary_kappa_8_operator_gain_direction,8.0,False,3.62,0.20862542379920251,0.0006947283218021632,0.20862658052807645,1.942890293094024e-16
primary_kappa_8_operator_gain_direction,8.0,False,3.63,0.20660431718954592,0.0006809717793391092,0.20660543943449977,2.498002040693521e-16
primary_kappa_8_operator_gain_direction,8.0,False,3.64,0.20460223678341047,0.0006674876346675351,0.20460332557540994,1.9428905956057674e-16
primary_kappa_8_operator_gain_direction,8.0,False,3.65,0.20261901473438299,0.0006542704939497824,0.20262007107345353,1.9428905956057674e-16
primary_kappa_8_operator_gain_direction,8.0,False,3.66,0.20065448444106515,0.0006413150701533319,0.20065550929722528,2.2204463139480933e-16
primary_kappa_8_operator_gain_direction,8.0,False,3.67,0.19870848054310336,0.0006286161809359248,0.1987094748572695,1.942890293094024e-16
primary_kappa_8_operator_gain_direction,8.0,False,3.68,0.19678083891709003,0.0006161687465725525,0.19678180360195396,2.2204463139480933e-16
primary_kappa_8_operator_gain_direction,8.0,False,3.69,0.19487139667234352,0.0006039677879235026,0.19487233261322323,2.2204463139480933e-16
primary_kappa_8_operator_gain_direction,8.0,False,3.7,0.1929799921465689,0.0005920084244426327,0.19298090020223352,1.9428915031407146e-16
primary_kappa_8_operator_gain_direction,8.0,False,3.71,0.1911064649014059,0.0005802858722250914,0.19110734590487563,2.2204463139480933e-16
primary_kappa_8_operator_gain_direction,8.0,False,3.72,0.18925065571786612,0.0005687954420936875,0.1892515104771881,1.9428905956057674e-16
primary_kappa_8_operator_gain_direction,8.0,False,3.73,0.18741240659166625,0.0005575325377231621,0.1874132358906666,2.2204463139480933e-16
primary_kappa_8_operator_gain_direction,8.0,False,3.74,0.18559156072845842,0.0005464926538015916,0.18559236532747173,1.942890293094024e-16
primary_kappa_8_operator_gain_direction,8.0,False,3.75,0.18378796253896454,0.0005356713742282084,0.18378874317554109,2.220446049250313e-16
primary_kappa_8_operator_gain_direction,8.0,False,3.7600000000000002,0.18200145763401557,0.0005250643703468959,0.18200221502360725,1.942890293094024e-16
primary_kappa_8_operator_gain_direction,8.0,False,3.77,0.18023189281950244,0.0005146673992146745,0.18023262765612788,1.6653345369377348e-16
primary_kappa_8_operator_gain_direction,8.0,False,3.7800000000000002,0.17847911609123937,0.000504476301904462,0.1784798290481288,1.9428905956057674e-16
primary_kappa_8_operator_gain_direction,8.0,False,3.79,0.1767429766297457,0.000494487001841452,0.1767436683599665,1.942890293094024e-16
primary_kappa_8_operator_gain_direction,8.0,False,3.8000000000000003,0.1750233247949474,0.00048469550317242603,0.17502399593201054,1.38777888666056e-16
primary_kappa_8_operator_gain_direction,8.0,False,3.81,0.17332001212080408,0.0004750978891673624,0.17332066327925233,1.6653345369377348e-16
primary_kappa_8_operator_gain_direction,8.0,False,3.8200000000000003,0.17163289130986217,0.00046569032065268826,0.1716335230858404,1.942890293094024e-16
primary_kappa_8_operator_gain_direction,8.0,False,3.83,0.16996181622773993,0.00045646903447556274,0.16996242919954832,1.942890293094024e-16
primary_kappa_8_operator_gain_direction,8.0,False,3.84,0.16830664189754552,0.00044743034199856225,0.1683072366261759,1.6653346251703312e-16
primary_kappa_8_operator_gain_direction,8.0,False,3.85,0.1666672244942323,0.0004385706276241783,0.16666780152388835,1.6653345369377348e-16
primary_kappa_8_operator_gain_direction,8.0,False,3.86,0.16504342133889444,0.0004298863473485308,0.1650439811974962,1.6653345369377348e-16
primary_kappa_8_operator_gain_direction,8.0,False,3.87,0.16343509089300418,0.00042137402734371667,0.16343563409267717,1.942890293094024e-16
primary_kappa_8_operator_gain_direction,8.0,False,3.88,0.161842092752596,0.0004130302625682357,0.16184261979014578,1.942890368721964e-16
primary_kappa_8_operator_gain_direction,8.0,False,3.89,0.16026428764239814,0.0004048517154049252,0.16026479899977036,1.942890368721964e-16
primary_kappa_8_operator_gain_direction,8.0,False,3.9,0.15870153740991588,0.0003968351143258719,0.15870203355464255,1.9428905956057674e-16
primary_kappa_8_operator_gain_direction,8.0,False,3.91,0.15715370501946782,0.00038897725258375403,0.15715418640510004,1.6653346251703312e-16
primary_kappa_8_operator_gain_direction,8.0,False,3.92,0.15562065454617915,0.0003812749869291025,0.15562112161270683,2.2204463139480933e-16
primary_kappa_8_operator_gain_direction,8.0,False,3.93,0.1541022511699327,0.0003737252363529566,0.15410270434419154,1.942890293094024e-16
primary_kappa_8_operator_gain_direction,8.0,False,3.94,0.15259836116928197,0.00036632498085442173,0.1525988008653483,1.9428905956057674e-16
primary_kappa_8_operator_gain_direction,8.0,False,3.95,0.15110885191532675,0.00035907126023262655,0.15110927853490028,1.6653346251703312e-16
primary_kappa_8_operator_gain_direction,8.0,False,3.96,0.14963359186555542,0.0003519611729026054,0.1496340057983306,1.6653346251703312e-16
primary_kappa_8_operator_gain_direction,8.0,False,3.97,0.14817245055765407,0.00034499187473462317,0.14817285218168028,1.6653346251703312e-16
primary_kappa_8_operator_gain_direction,8.0,False,3.98,0.146725298603287,0.0003381605779164881,0.14672568828531762,1.6653346251703312e-16
primary_kappa_8_operator_gain_direction,8.0,False,3.99,0.14529200768184813,0.0003314645498383871,0.14529238577767942,1.6653346251703312e-16
primary_kappa_8_operator_gain_direction,8.0,False,4.0,0.14387245053418807,0.0003249011119998081,0.1438728173889876,1.942890368721964e-16
primary_kappa_8_coordinate_e2,8.0,False,0.0,0.0,1.0,1.0,0.0
primary_kappa_8_coordinate_e2,8.0,False,0.01,0.07880928353930197,0.9801986733067553,0.9833617555733501,8.604228440844963e-16
primary_kappa_8_coordinate_e2,8.0,False,0.02,0.15527387323545666,0.9607894391523232,0.9732555276473781,5.551115123125783e-17
primary_kappa_8_coordinate_e2,8.0,False,0.03,0.2294479997140755,0.9417645335842488,0.9693125508781716,1.1443916996305594e-16
primary_kappa_8_coordinate_e2,8.0,False,0.04,0.3013847421254993,0.9231163463866358,0.9710697975698065,5.551115123125783e-17
primary_kappa_8_coordinate_e2,8.0,False,0.05,0.3711360517180351,0.9048374180359596,0.9779942341153316,8.95090418262362e-16
primary_kappa_8_coordinate_e2,8.0,False,0.06,0.4387527749367297,0.8869204367171575,0.989510918879238,2.220446049250313e-16
primary_kappa_8_coordinate_e2,8.0,False,0.07,0.5042846760571391,0.8693582353988059,1.0050307338394082,2.220446049250313e-16
primary_kappa_8_coordinate_e2,8.0,False,0.08,0.5677804593633954,0.8521437889662115,1.0239744562774011,1.5700924586837752e-16
primary_kappa_8_coordinate_e2,8.0,False,0.09,0.6292877908796491,0.835270211411272,1.0457913031868358,3.3306690738754696e-16
primary_kappa_8_coordinate_e2,8.0,False,0.1,0.6888533196638215,0.8187307530779818,1.0699714678660859,1.1102230246251565e-16
primary_kappa_8_coordinate_e2,8.0,False,0.11,0.7465226986723983,0.8025187979624784,1.0960531742193267,4.577566798522237e-16
primary_kappa_8_coordinate_e2,8.0,False,0.12,0.8023406052048325,0.7866278610665534,1.1236253105758154,4.577566798522237e-16
primary_kappa_8_coordinate_e2,8.0,False,0.13,0.85635076093596,0.7710515858035663,1.1523268519503447,4.440892098500626e-16
primary_kappa_8_coordinate_e2,8.0,False,0.14,0.9085959515446425,0.7557837414557255,1.1818441805128665,6.661338147750939e-16
primary_kappa_8_coordinate_e2,8.0,False,0.15,0.9591180459467188,0.7408182206817179,1.211907200306475,6.661338147750939e-16
primary_kappa_8_coordinate_e2,8.0,False,0.16,1.007958015140163,0.7261490370736908,1.2422849046528521,2.482534153247273e-16
primary_kappa_8_coordinate_e2,8.0,False,0.17,1.0551559506701913,0.7117703227626097,1.2727808423292302,1.1102230246251565e-15
primary_kappa_8_coordinate_e2,8.0,False,0.18,1.100751082721927,0.697676326071031,1.303228760453615,8.881784197001252e-16
primary_kappa_8_coordinate_e2,8.0,False,0.19,1.144781797848051,0.6838614092123558,1.3334885795139473,6.661338147750939e-16
primary_kappa_8_coordinate_e2,8.0,False,0.2,1.1872856563387397,0.6703200460356392,1.363442772493563,2.482534153247273e-16
primary_kappa_8_coordinate_e2,8.0,False,0.21,1.228299409241042,0.6570468198150566,1.3929931665916284,6.753223014464259e-16
primary_kappa_8_coordinate_e2,8.0,False,0.22,1.2678590150346962,0.6440364210831413,1.4220581541154818,4.577566798522237e-16
primary_kappa_8_coordinate_e2,8.0,False,0.23,1.3059996559712634,0.631283645506926,1.4505702818138708,1.3322676295501878e-15
primary_kappa_8_coordinate_e2,8.0,False,0.24,1.3427557540832995,0.6187833918061408,1.4784741800582526,1.5543122344752192e-15
primary_kappa_8_coordinate_e2,8.0,False,0.25,1.3781609868701705,0.6065306597126334,1.5057247912226208,1.1102230246251565e-15
primary_kappa_8_coordinate_e2,8.0,False,0.26,1.412248302666975,0.5945205479701943,1.5322858579078944,1.1102230246251565e-16
primary_kappa_8_coordinate_e2,8.0,False,0.27,1.4450499357029074,0.5827482523739896,1.5581286347153485,6.661338147750939e-16
primary_kappa_8_coordinate_e2,8.0,False,0.28,1.476597420855284,0.5712090638488148,1.583230791103911,8.95090418262362e-16
primary_kappa_8_coordinate_e2,8.0,False,0.29,1.5069216081053045,0.559898366565402,1.6075754768773012,1.3322676295501878e-15
primary_kappa_8_coordinate_e2,8.0,False,0.3,1.5360526767015306,0.5488116360940264,1.6311505257069745,4.577566798522237e-16
primary_kappa_8_coordinate_e2,8.0,False,0.31,1.5640201490369177,0.5379444375946744,1.653947775636375,4.577566798522237e-16
primary_kappa_8_coordinate_e2,8.0,False,0.32,1.5908529042451383,0.5272924240430484,1.6759624886608846,8.95090418262362e-16
primary_kappa_8_coordinate_e2,8.0,False,0.33,1.6165791915218146,0.5168513344916992,1.6971928542234598,1.3322676295501878e-15
primary_kappa_8_coordinate_e2,8.0,False,0.34,1.6412266431761602,0.5066169923655895,1.7176395638273017,6.661338147750939e-16
primary_kappa_8_coordinate_e2,8.0,False,0.35000000000000003,1.6648222874184304,0.4965853037914094,1.7373054459785535,1.3334236103572998e-15
primary_kappa_8_coordinate_e2,8.0,False,0.36,1.6873925608884746,0.4867522559599716,1.756195152374555,2.2887833992611187e-16
primary_kappa_8_coordinate_e2,8.0,False,0.37,1.7089633209305612,0.4771139155210344,1.77431488768759,1.1102230246251565e-15
primary_kappa_8_coordinate_e2,8.0,False,0.38,1.729559857619572,0.46766642700990924,1.7916721764991634,6.661338147750939e-16
primary_kappa_8_coordinate_e2,8.0,False,0.39,1.7492069055435284,0.4584060113052235,1.8082756619503375,6.661338147750939e-16
primary_kappa_8_coordinate_e2,8.0,False,0.4,1.7679286553473408,0.4493289641172216,1.8241349315203939,1.3334236103572998e-15
primary_kappa_8_coordinate_e2,8.0,False,0.41000000000000003,1.7857487650425603,0.4404316545059992,1.8392603660553122,8.899114524108741e-16
primary_kappa_8_coordinate_e2,8.0,False,0.42,1.802690371087816,0.43171052342907973,1.8536630087618777,2.220446049250313e-16
primary_kappa_8_coordinate_e2,8.0,False,0.43,1.8187760992445412,0.4231620823177488,1.8673544513816016,4.440892098500626e-16
primary_kappa_8_coordinate_e2,8.0,False,0.44,1.8340280752124793,0.4147829116815814,1.8803467351769572,8.881784197001252e-16
primary_kappa_8_coordinate_e2,8.0,False,0.45,1.8484679350493927,0.40656965974059917,1.8926522647140844,1.1116099371267112e-15
primary_kappa_8_coordinate_e2,8.0,False,0.46,1.862116835379294,0.39851904108451414,1.9042837327220745,4.440892098500626e-16
primary_kappa_8_coordinate_e2,8.0,False,0.47000000000000003,1.874995463393437,0.3906278353585211,1.9152540545585206,6.661338147750939e-16
primary_kappa_8_coordinate_e2,8.0,False,0.48,1.88712404664823,0.382892885975112,1.9255763110218045,2.2887833992611187e-16
primary_kappa_8_coordinate_e2,8.0,False,0.49,1.8985223626641317,0.3753110988513995,1.9352636984289355,6.684427777288335e-16
primary_kappa_8_coordinate_e2,8.0,False,0.5,1.9092097483295283,0.36787944117144233,1.944329485028994,4.440892098500626e-16
primary_kappa_8_coordinate_e2,8.0,False,0.51,1.9192051091135007,0.36059494017307825,1.952786972950657,5.551115123125783e-17
primary_kappa_8_coordinate_e2,8.0,False,0.52,1.928526928091313,0.35345468195878016,1.960649464991613,6.661338147750939e-16
primary_kappa_8_coordinate_e2,8.0,False,0.53,1.9371932747863816,0.34645581033005746,1.967930235650909,6.684427777288335e-16
primary_kappa_8_coordinate_e2,8.0,False,0.54,1.9452218138324038,0.33959552564493917,1.9746425058849233,4.47545209131181e-16
primary_kappa_8_coordinate_e2,8.0,False,0.55,1.9526298134592566,0.33287108369807955,1.980799421135887,2.220446049250313e-16
primary_kappa_8_coordinate_e2,8.0,False,0.56,1.959434153806203,0.32627979462303947,1.9864140322403796,2.220446049250313e-16
primary_kappa_8_coordinate_e2,8.0,False,0.5700000000000001,1.9656513350658653,0.31981902181630384,1.9914992788755301,6.661338147750939e-16
primary_kappa_8_coordinate_e2,8.0,False,0.58,1.9712974854623733,0.3134861808826053,1.996067975243989,4.440892098500626e-16
primary_kappa_8_coordinate_e2,8.0,False,0.59,1.9763883690670059,0.30727873860113125,2.000132797736101,8.881784197001252e-16
primary_kappa_8_coordinate_e2,8.0,False,0.6,1.9809393934545942,0.3011942119122021,2.003706274340046,6.684427777288335e-16
primary_kappa_8_coordinate_e2,8.0,False,0.61,1.9849656172038843,0.29523016692401416,2.0068007755987085,4.47545209131181e-16
primary_kappa_8_coordinate_e2,8.0,False,0.62,1.9884817572449904,0.2893842179390506,2.009428506936318,4.440892098500626e-16
primary_kappa_8_coordinate_e2,8.0,False,0.63,1.991502196057014,0.28365402649977034,2.0116015021990417,2.2887833992611187e-16
primary_kappa_8_coordinate_e2,8.0,False,0.64,1.9940409887188348,0.2780373004531941,2.0133316182720837,4.47545209131181e-16
primary_kappa_8_coordinate_e2,8.0,False,0.65,1.996111869816027,0.2725317930340126,2.0146305306519032,6.661338147750939e-16
primary_kappa_8_coordinate_e2,8.0,False,0.66,1.9977282602067905,0.26713530196585034,2.0155097298661784,2.220446049250313e-16
primary_kappa_8_coordinate_e2,8.0,False,0.67,1.9989032736497312,0.26184566858032593,2.0159805186464204,4.47545209131181e-16
primary_kappa_8_coordinate_e2,8.0,False,0.68,1.999649723296269,0.2566607769535558,2.0160540097688973,2.2887833992611187e-16
primary_kappa_8_coordinate_e2,8.0,False,0.6900000000000001,1.9999801280503915,0.25157855305975646,2.0157411244889807,4.440892098500626e-16
primary_kappa_8_coordinate_e2,8.0,False,0.7000000000000001,1.9999067187984236,0.24659696394160643,2.01505259150234,6.661338147750939e-16
primary_kappa_8_coordinate_e2,8.0,False,0.71,1.9994414445114286,0.24171401689703642,2.013998946373719,6.667118051786499e-16
primary_kappa_8_coordinate_e2,8.0,False,0.72,1.9985959782227984,0.23692775868212176,2.012590531380509,8.881784197001252e-16
primary_kappa_8_coordinate_e2,8.0,False,0.73,1.9973817228835482,0.23223627472975883,2.01083749572401,6.661338147750939e-16
primary_kappa_8_coordinate_e2,8.0,False,0.74,1.9958098170977725,0.2276376883838127,2.008749796066342,6.667118051786499e-16
primary_kappa_8_coordinate_e2,8.0,False,0.75,1.9938911407406783,0.22313016014842982,2.0063371973554265,6.661338147750939e-16
primary_kappa_8_coordinate_e2,8.0,False,0.76,1.991636320461555,0.21871188695221472,2.0036092739044307,8.886119947416683e-16
primary_kappa_8_coordinate_e2,8.0,False,0.77,1.9890557350740001,0.21438110142697794,2.0005754106955864,8.881784197001252e-16
primary_kappa_8_coordinate_e2,8.0,False,0.78,1.9861595208356697,0.21013607120076472,1.9972448048814322,6.661338147750939e-16
primary_kappa_8_coordinate_e2,8.0,False,0.79,1.982957576619778,0.2059750982048834,1.9936264674593118,1.1105699151271772e-15
primary_kappa_8_coordinate_e2,8.0,False,0.8,1.9794595689805288,0.20189651799465538,1.989729225097462,6.661338147750939e-16
primary_kappa_8_coordinate_e2,8.0,False,0.81,1.9756749371146112,0.19789869908361463,1.9855617220932242,4.449557262054371e-16
primary_kappa_8_coordinate_e2,8.0,False,0.8200000000000001,1.9716128977208582,0.19398004229089183,1.981132422445914,6.684427777288335e-16
primary_kappa_8_coordinate_e2,8.0,False,0.8300000000000001,1.9672824497601198,0.19013898010152044,1.9764496120286559,6.684427777288335e-16
primary_kappa_8_coordinate_e2,8.0,False,0.84,1.9626923791173572,0.18637397603940992,1.9715214008450657,8.899114524108741e-16
primary_kappa_8_coordinate_e2,8.0,False,0.85,1.9578512631679355,0.18268352405273464,1.966355725358107,8.886119947416683e-16
primary_kappa_8_coordinate_e2,8.0,False,0.86,1.9527674752500441,0.17906614791149317,1.9609603508797144,6.684427777288335e-16
primary_kappa_8_coordinate_e2,8.0,False,0.87,1.9474491890451362,0.17552040061699684,1.9553428740109264,8.886119947416683e-16
primary_kappa_8_coordinate_e2,8.0,False,0.88,1.9419043828682458,0.17204486382305048,1.949510725123305,8.899114524108741e-16
primary_kappa_8_coordinate_e2,8.0,False,0.89,1.936140843869999,0.16863814726859547,1.9434711708733465,1.1105699151271772e-15
primary_kappa_8_coordinate_e2,8.0,False,0.9,1.9301661721520997,0.1652988882215865,1.9372313167424229,8.886119947416683e-16
primary_kappa_8_coordinate_e2,8.0,False,0.91,1.923987784798041,0.16202575093388072,1.9307981095955529,8.886119947416683e-16
primary_kappa_8_coordinate_e2,8.0,False,0.92,1.917612919820747,0.15881742610692065,1.9241783402529709,6.667118051786499e-16
primary_kappa_8_coordinate_e2,8.0,False,0.93,1.9110486400288298,0.15567263036799728,1.9173786460690885,4.449557262054371e-16
primary_kappa_8_coordinate_e2,8.0,False,0.9400000000000001,1.904301836813097,0.1525901057568838,1.910405513513985,6.684427777288335e-16
primary_kappa_8_coordinate_e2,8.0,False,0.9500000000000001,1.8973792338549285,0.149568619222635,1.9032652807530748,6.667118051786499e-16
primary_kappa_8_coordinate_e2,8.0,False,0.96,1.8902873907580944,0.14660696213035013,1.895964140221047,8.886119947416683e-16
primary_kappa_8_coordinate_e2,8.0,False,0.97,1.8830327066055665,0.14370394977770293,1.8885081411865818,6.661338147750939e-16
primary_kappa_8_coordinate_e2,8.0,False,0.98,1.8756214234428357,0.140858420921045,1.8809031923047235,8.881784197001252e-16
primary_kappa_8_coordinate_e2,8.0,False,0.99,1.8680596296892222,0.1380692373108928,1.8731550641541255,8.886119947416683e-16
primary_kappa_8_coordinate_e2,8.0,False,1.0,1.8603532634786364,0.1353352832366127,1.8652693917566832,6.661338147750939e-16
primary_kappa_8_coordinate_e2,8.0,False,1.01,1.8525081159312122,0.1326554650801217,1.857251677077351,6.667118051786499e-16
primary_kappa_8_coordinate_e2,8.0,False,1.02,1.8445298343572183,0.13002871087842588,1.849107291502192,8.886119947416683e-16
primary_kappa_8_coordinate_e2,8.0,False,1.03,1.8364239253946122,0.12745396989482072,1.8408414782929317,8.886119947416683e-16
primary_kappa_8_coordinate_e2,8.0,False,1.04,1.828195758081581,0.12493021219858239,1.8324593550164954,8.886119947416683e-16
primary_kappa_8_coordinate_e2,8.0,False,1.05,1.8198505668653868,0.12245642825298188,1.8239659159481976,4.449557262054371e-16
primary_kappa_8_coordinate_e2,8.0,False,1.06,1.8113934545488048,0.1200316285114567,1.8153660344474238,6.667118051786499e-16
primary_kappa_8_coordinate_e2,8.0,False,1.07,1.802829395175419,0.11765484302177916,1.8066644653047912,4.449557262054371e-16
primary_kappa_8_coordinate_e2,8.0,False,1.08,1.7941632368550122,0.11532512103806249,1.797865847059924,4.449557262054371e-16
primary_kappa_8_coordinate_e2,8.0,False,1.09,1.7853997045302672,0.11304153064044982,1.788974704289108,6.667118051786499e-16
primary_kappa_8_coordinate_e2,8.0,False,1.1,1.7765434026859646,0.11080315836233383,1.7799954498621882,8.891536662303994e-16
primary_kappa_8_coordinate_e2,8.0,False,1.11,1.767598818001848,0.10860910882495792,1.7709323871682063,8.891536662303994e-16
primary_kappa_8_coordinate_e2,8.0,False,1.12,1.7585703219502926,0.10645850437925276,1.761789712309339,6.674335893081556e-16
primary_kappa_8_coordinate_e2,8.0,False,1.1300000000000001,1.7494621733399025,0.10435048475476495,1.7525715162628113,6.674335893081556e-16
primary_kappa_8_coordinate_e2,8.0,False,1.1400000000000001,1.7402785208061307,0.1022842067155374,1.7432817870105226,4.460365043975677e-16
primary_kappa_8_coordinate_e2,8.0,False,1.1500000000000001,1.731023405249995,0.10025884372280368,1.7339244116361943,6.667118051786499e-16
primary_kappa_8_coordinate_e2,8.0,False,1.16,1.7217007622259495,0.0982735856043615,1.724503178389925,6.674335893081556e-16
primary_kappa_8_coordinate_e2,8.0,False,1.17,1.7123144242799353,0.09632763823049299,1.7150217787200812,6.674335893081556e-16
primary_kappa_8_coordinate_e2,8.0,False,1.18,1.7028681232386305,0.09442022319630232,1.705483809272517,8.886119947416683e-16
primary_kappa_8_coordinate_e2,8.0,False,1.19,1.6933654924508854,0.09255057751034325,1.6958927738571585,8.891536662303994e-16
primary_kappa_8_coordinate_e2,8.0,False,1.2,1.683810068982316,0.09071795328941248,1.6862520853820322,8.886119947416683e-16
primary_kappa_8_coordinate_e2,8.0,False,1.21,1.6742052957640077,0.08892161745938632,1.6765650677548551,6.667118051786499e-16
primary_kappa_8_coordinate_e2,8.0,False,1.22,1.6645545236962627,0.08716085146198127,1.6668349577523471,6.667118051786499e-16
primary_kappa_8_coordinate_e2,8.0,False,1.23,1.6548610137083046,0.08543495096732122,1.657064906857443,8.882868333007365e-16
primary_kappa_8_coordinate_e2,8.0,False,1.24,1.6451279387748368,0.08374322559219594,1.6472579830646226,4.449557262054371e-16
primary_kappa_8_coordinate_e2,8.0,False,1.25,1.6353583858903298,0.08208499862389879,1.6374171726536004,6.662783593823664e-16
primary_kappa_8_coordinate_e2,8.0,False,1.26,1.6255553580019029,0.08045960674953241,1.6275453819316326,6.667118051786499e-16
primary_kappa_8_coordinate_e2,8.0,False,1.27,1.615721775901638,0.07886639979067493,1.6176454389447292,6.662783593823664e-16
primary_kappa_8_coordinate_e2,8.0,False,1.28,1.6058604800791545,0.07730474044329973,1.6077200951580652,6.662783593823664e-16
primary_kappa_8_coordinate_e2,8.0,False,1.29,1.5959742325352542,0.07577400402284545,1.597772027105916,6.667118051786499e-16
primary_kappa_8_coordinate_e2,8.0,False,1.3,1.5860657185574292,0.07427357821433385,1.5878038380114388,4.449557262054371e-16
primary_kappa_8_coordinate_e2,8.0,False,1.31,1.5761375484580096,0.07280286282743556,1.577818059376649,2.237726045655905e-16
primary_kappa_8_coordinate_e2,8.0,False,1.32,1.5661922592757138,0.07136126955638604,1.5678171525429436,4.443059973708341e-16
primary_kappa_8_coordinate_e2,8.0,False,1.33,1.5562323164413483,0.06994822174465534,1.5578035102225325,4.443059973708341e-16
primary_kappa_8_coordinate_e2,8.0,False,1.34,1.546260115408384,0.06856315415427788,1.5477794580011495,6.667118051786499e-16
primary_kappa_8_coordinate_e2,8.0,False,1.35,1.5362779832491333,0.06720551273974974,1.537747255812423,6.662783593823664e-16
primary_kappa_8_coordinate_e2,8.0,False,1.36,1.5262881802172226,0.06587475442640292,1.527709099384284,8.886119947416683e-16
primary_kappa_8_coordinate_e2,8.0,False,1.37,1.5162929012770539,0.06457034689316846,1.517667121657806,4.443059973708341e-16
primary_kappa_8_coordinate_e2,8.0,False,1.3800000000000001,1.5062942776009256,0.06329176835964069,1.5076233941788595,4.443059973708341e-16
primary_kappa_8_coordinate_e2,8.0,False,1.3900000000000001,1.4962943780344782,0.062038507377358276,1.4975799284629843,8.882868333007365e-16
primary_kappa_8_coordinate_e2,8.0,False,1.4000000000000001,1.4862952105311074,0.06081006262521794,1.4875386773338675,4.443059973708341e-16
primary_kappa_8_coordinate_e2,8.0,False,1.41,1.4762987235559812,0.05960594270893935,1.477501536235831,6.664589960562512e-16
primary_kappa_8_coordinate_e2,8.0,False,1.42,1.4663068074602843,0.058425665964500814,1.467470344520722,6.662783593823664e-16
primary_kappa_8_coordinate_e2,8.0,False,1.43,1.4563212958262968,0.05726876026546735,1.4574468867096075,8.882055243408597e-16
primary_kappa_8_coordinate_e2,8.0,False,1.44,1.4463439667839035,0.05613476283413371,1.4474328937296685,6.662783593823664e-16
primary_kappa_8_coordinate_e2,8.0,False,1.45,1.4363765442991228,0.055023220056407224,1.4374300441266925,6.661699538672011e-16
primary_kappa_8_coordinate_e2,8.0,False,1.46,1.4264206994352218,0.053933687300356,1.4274399652535583,6.664589960562512e-16
primary_kappa_8_coordinate_e2,8.0,False,1.47,1.416478051586987,0.052865728738350354,1.417464234435107,6.662783593823664e-16
primary_kappa_8_coordinate_e2,8.0,False,1.48,1.4065501696886944,0.051818917172725826,1.4075043801097917,8.882055243408597e-16
primary_kappa_8_coordinate_e2,8.0,False,1.49,1.396638573396321,0.05079283386489849,1.397561882948493,8.882868333007365e-16
primary_kappa_8_coordinate_e2,8.0,False,1.5,1.3867447342445265,0.04978706836786393,1.3876381769508896,4.443059973708341e-16
primary_kappa_8_coordinate_e2,8.0,False,1.51,1.3768700767789213,0.04880121836201294,1.3777346505197614,6.664589960562512e-16
primary_kappa_8_coordinate_e2,8.0,False,1.52,1.3670159796641304,0.047834889494198354,1.3678526475136144,6.662783593823664e-16
primary_kappa_8_coordinate_e2,8.0,False,1.53,1.3571837767681478,0.04688769521998847,1.3579934682779944,8.882868333007365e-16
primary_kappa_8_coordinate_e2,8.0,False,1.54,1.3473747582234692,0.04595925664904419,1.348158370655868,6.662783593823664e-16
primary_kappa_8_coordinate_e2,8.0,False,1.55,1.3375901714654812,0.045049202393557794,1.3383485709774383,6.661699538672011e-16
primary_kappa_8_coordinate_e2,8.0,False,1.56,1.3278312222485742,0.044157168419692854,1.3285652450297605,6.661699538672011e-16
primary_kappa_8_coordinate_e2,8.0,False,1.57,1.3180990756404358,0.04328279790196589,1.318809529006518,6.661699538672011e-16
primary_kappa_8_coordinate_e2,8.0,False,1.58,1.308394856994976,0.04242574108051137,1.309082520438316,4.443059973708341e-16
primary_kappa_8_coordinate_e2,8.0,False,1.59,1.2987196529043215,0.041585655121173154,1.2993852791038454,6.661699538672011e-16
primary_kappa_8_coordinate_e2,8.0,False,1.6,1.2890745121303129,0.0407622039783662,1.289718827922264,4.443059973708341e-16
primary_kappa_8_coordinate_e2,8.0,False,1.61,1.279460446515924,0.03995505826065389,1.2800841538271381,6.661699538672011e-16
primary_kappa_8_coordinate_e2,8.0,False,1.62,1.26987843187702,0.03916389509898706,1.2704822086222867,6.661699538672011e-16
primary_kappa_8_coordinate_e2,8.0,False,1.6300000000000001,1.2603294088748576,0.03838839801755205,1.2609139098198583,6.661699538672011e-16
primary_kappa_8_coordinate_e2,8.0,False,1.6400000000000001,1.2508142838697247,0.03762825680717619,1.2513801414609707,8.882055243408597e-16
primary_kappa_8_coordinate_e2,8.0,False,1.6500000000000001,1.2413339297561121,0.03688316740123999,1.2418817549192436,4.441434166503682e-16
primary_kappa_8_coordinate_e2,8.0,False,1.6600000000000001,1.231889186779792,0.0361528317540464,1.232419569687537,6.662783593823664e-16
primary_kappa_8_coordinate_e2,8.0,False,1.67,1.2224808633371846,0.03543695772159863,1.2229943741482177,6.661699538672011e-16
primary_kappa_8_coordinate_e2,8.0,False,1.68,1.2131097367573707,0.034735258944738556,1.2136069263272582,6.661699538672011e-16
primary_kappa_8_coordinate_e2,8.0,False,1.69,1.2037765540671188,0.03404745473459934,1.204257954632483,4.441434166503682e-16
primary_kappa_8_coordinate_e2,8.0,False,1.7,1.194482032739268,0.03337326996032608,1.1949481585762531,6.661338147750939e-16
primary_kappa_8_coordinate_e2,8.0,False,1.71,1.1852268614248176,0.032712434939019805,1.1856782094828948,6.662783593823664e-16
primary_kappa_8_coordinate_e2,8.0,False,1.72,1.1760117006690591,0.03206468532786076,1.1764487511811585,4.441434166503682e-16
primary_kappa_8_coordinate_e2,8.0,False,1.73,1.16683718361208,0.0314297620183677,1.1672604006819998,6.661699538672011e-16
primary_kappa_8_coordinate_e2,8.0,False,1.74,1.1577039166739658,0.030807411032751066,1.1581137488419613,4.442111658486589e-16
primary_kappa_8_coordinate_e2,8.0,False,1.75,1.1486124802250124,0.030197383422318494,1.149009361012437,6.661699538672011e-16
primary_kappa_8_coordinate_e2,8.0,False,1.76,1.1395634292412675,0.02959943516789199,1.1399477776750897,6.662151249755524e-16
primary_kappa_8_coordinate_e2,8.0,False,1.77,1.1305572939456985,0.029013327082197046,1.1309295150636927,4.441434166503682e-16
primary_kappa_8_coordinate_e2,8.0,False,1.78,1.1215945804352874,0.028438824714184498,1.1219550657726594,4.441434166503682e-16
primary_kappa_8_coordinate_e2,8.0,False,1.79,1.112675771294349,0.02787569825524701,1.113024899352522,4.441434166503682e-16
primary_kappa_8_coordinate_e2,8.0,False,1.8,1.1038013261943513,0.027323722447292555,1.104139462892612,4.441027621704298e-16
primary_kappa_8_coordinate_e2,8.0,False,1.81,1.0949716824805265,0.026782676492638168,1.095299181591196,4.441434166503682e-16
primary_kappa_8_coordinate_e2,8.0,False,1.82,1.0861872557455419,0.026252343965687958,1.0865044593133173,4.441027621704298e-16
primary_kappa_8_coordinate_e2,8.0,False,1.83,1.077448440390502,0.02573251272635994,1.0777556791365737,4.440892098500626e-16
primary_kappa_8_coordinate_e2,8.0,False,1.84,1.0687556101735471,0.025222974835227206,1.069053203885087,6.661699538672011e-16
primary_kappa_8_coordinate_e2,8.0,False,1.85,1.0601091187463052,0.024723526470339385,1.060397376651884,6.661428497319261e-16
primary_kappa_8_coordinate_e2,8.0,False,1.86,1.051509300178449,0.02423396784569111,1.0517885213099245,4.441027621704298e-16
primary_kappa_8_coordinate_e2,8.0,False,1.87,1.0429564694706108,0.023754103131304993,1.0432269430120054,4.441027621704298e-16
primary_kappa_8_coordinate_e2,8.0,False,1.8800000000000001,1.0344509230558943,0.023283740374896996,1.0347129286797558,6.661428497319261e-16
primary_kappa_8_coordinate_e2,8.0,False,1.8900000000000001,1.0259929392902223,0.022822691425092967,1.0262467474819468,6.661428497319261e-16
primary_kappa_8_coordinate_e2,8.0,False,1.9000000000000001,1.017582778931755,0.022370771856165587,1.017828651302327,4.441027621704298e-16
primary_kappa_8_coordinate_e2,8.0,False,1.9100000000000001,1.009220685609606,0.021927800894261607,1.0094588751971927,6.661428497319261e-16
primary_kappa_8_coordinate_e2,8.0,False,1.92,1.0009068862820814,0.021493601345089916,1.0011376378429058,4.441434166503682e-16
primary_kappa_8_coordinate_e2,8.0,False,1.93,0.9926415916846579,0.021067999523041427,0.9928651419735482,4.441434166503682e-16
primary_kappa_8_coordinate_e2,8.0,False,1.94,0.9844249967679223,0.02065082518171256,0.9846415748089299,5.551548787055441e-16
primary_kappa_8_coordinate_e2,8.0,False,1.95,0.976257281125673,0.020241911445804388,0.9764671084731278,5.551223542284261e-16
primary_kappa_8_coordinate_e2,8.0,False,1.96,0.9681386094133972,0.01984109474437028,0.968341900403758,4.441434166503682e-16
primary_kappa_8_coordinate_e2,8.0,False,1.97,0.9600691317573239,0.019448214745385387,0.9602660937521663,5.551223542284261e-16
primary_kappa_8_coordinate_e2,8.0,False,1.98,0.9520489841542489,0.019063114291611633,0.9522398177747201,5.551223542284261e-16
primary_kappa_8_coordinate_e2,8.0,False,1.99,0.9440782888623281,0.018685639337732766,0.9442631882153838,4.441434166503682e-16
primary_kappa_8_coordinate_e2,8.0,False,2.0,0.9361571547830276,0.01831563888873418,0.9363363076797546,5.551115123125783e-16
primary_kappa_8_coordinate_e2,8.0,False,2.0100000000000002,0.9282856778344162,0.017952964939502845,0.9284592660007333,4.441027621704298e-16
primary_kappa_8_coordinate_e2,8.0,False,2.02,0.9204639413159861,0.017597472415623393,0.9206321405960025,4.440892098500626e-16
primary_kappa_8_coordinate_e2,8.0,False,2.0300000000000002,0.9126920162651738,0.017249019115346265,0.9128549968174736,3.3306690738754696e-16
primary_kappa_8_coordinate_e2,8.0,False,2.04,0.9049699618057646,0.01690746565270528,0.9051278882928779,4.440892098500626e-16
primary_kappa_8_coordinate_e2,8.0,False,2.05,0.8972978254883435,0.016572675401761255,0.8974508572596507,3.3306690738754696e-16
primary_kappa_8_coordinate_e2,8.0,False,2.06,0.8896756436229665,0.01624451444194987,0.8898239348912763,5.551115123125783e-16
primary_kappa_8_coordinate_e2,8.0,False,2.07,0.882103441604216,0.015922851504511695,0.8822471416162465,5.551223542284261e-16
primary_kappa_8_coordinate_e2,8.0,False,2.08,0.8745812342287962,0.01560755791998283,0.8747204874297789,4.440892098500626e-16
primary_kappa_8_coordinate_e2,8.0,False,2.09,0.8671090260058341,0.015298507566725518,0.8672439721984554,4.440892098500626e-16
primary_kappa_8_coordinate_e2,8.0,False,2.1,0.8596868114600331,0.014995576820477705,0.8598175859579155,4.44092597968927e-16
primary_kappa_8_coordinate_e2,8.0,False,2.11,0.8523145754278387,0.014698644504901784,0.8524413092037589,4.440892098500626e-16
primary_kappa_8_coordinate_e2,8.0,False,2.12,0.8449922933467545,0.014407591843112352,0.8451151131757882,4.44092597968927e-16
primary_kappa_8_coordinate_e2,8.0,False,2.13,0.8377199315379652,0.014122302410163962,0.8378389601357394,3.3306690738754696e-16
primary_kappa_8_coordinate_e2,8.0,False,2.14,0.8304974474823971,0.013842662086479501,0.8306128036386252,4.440892098500626e-16
primary_kappa_8_coordinate_e2,8.0,False,2.15,0.8233247900903679,0.013568559012200936,0.8234365887978357,4.44092597968927e-16
primary_kappa_8_coordinate_e2,8.0,False,2.16,0.8162018999649495,0.013299883542443767,0.8163102525441145,4.440892098500626e-16
primary_kappa_8_coordinate_e2,8.0,False,2.17,0.8091287096591897,0.013036528203437736,0.8092337238785494,4.440892098500626e-16
primary_kappa_8_coordinate_e2,8.0,False,2.18,0.8021051439273124,0.012778387649535762,0.8022069241196914,3.3307142486596306e-16
primary_kappa_8_coordinate_e2,8.0,False,2.19,0.7951311199700356,0.012525358621074385,0.7952297671449363,3.3306690738754696e-16
primary_kappa_8_coordinate_e2,8.0,False,2.2,0.7882065476741231,0.012277339903068438,0.7883021596262788,3.3307142486596306e-16
primary_kappa_8_coordinate_e2,8.0,False,2.21,0.7813313298463007,0.012034232284723775,0.781424001260565,3.3306690738754696e-16
primary_kappa_8_coordinate_e2,8.0,False,2.22,0.7745053624416508,0.01179593851975156,0.7745951849943521,3.3307142486596306e-16
primary_kappa_8_coordinate_e2,8.0,False,2.23,0.767728534786611,0.011562363287468534,0.767815597243497,3.3307142486596306e-16
primary_kappa_8_coordinate_e2,8.0,False,2.24,0.7610007297966829,0.011333413154667387,0.761085118107573,4.440892098500626e-16
primary_kappa_8_coordinate_e2,8.0,False,2.25,0.7543218241889759,0.011108996538242308,0.7544036215792385,3.3307142486596306e-16
primary_kappa_8_coordinate_e2,8.0,False,2.2600000000000002,0.747691688689684,0.010889023668554442,0.7477709757486485,3.3307142486596306e-16
primary_kappa_8_coordinate_e2,8.0,False,2.27,0.7411101882366179,0.010673406553522925,0.7411870430030277,3.3306690738754696e-16
primary_kappa_8_coordinate_e2,8.0,False,2.2800000000000002,0.7345771821768848,0.010462058943426795,0.7346516802214965,3.3306690738754696e-16
primary_kappa_8_coordinate_e2,8.0,False,2.29,0.7280925244598347,0.010254896296404022,0.7281647389652599,2.220446049250313e-16
primary_kappa_8_coordinate_e2,8.0,False,2.3000000000000003,0.7216560638253607,0.010051835744633577,0.7217260656632475,3.3307142486596306e-16
primary_kappa_8_coordinate_e2,8.0,False,2.31,0.7152676439876668,0.009852796061187255,0.7153355017933132,3.3307142486596306e-16
primary_kappa_8_coordinate_e2,8.0,False,2.32,0.7089271038145898,0.009657697627537777,0.7089928840590765,3.3306690738754696e-16
primary_kappa_8_coordinate_e2,8.0,False,2.33,0.7026342775025792,0.009466462401710323,0.7026980445625094,2.220446049250313e-16
primary_kappa_8_coordinate_e2,8.0,False,2.34,0.696388994747426,0.009279013887064742,0.6964508109723521,3.3307142486596306e-16
primary_kappa_8_coordinate_e2,8.0,False,2.35,0.69019108091083,0.009095277101695816,0.6902510066884485,3.3306690738754696e-16
primary_kappa_8_coordinate_e2,8.0,False,2.36,0.684040357182902,0.008915178548439552,0.6840984510020928,3.3307142486596306e-16
primary_kappa_8_coordinate_e2,8.0,False,2.37,0.677936640740681,0.008738646185473289,0.6779929592524646,3.3307142486596306e-16
primary_kappa_8_coordinate_e2,8.0,False,2.38,0.6718797449027615,0.008565609397498059,0.6719343429792455,3.3307142486596306e-16
primary_kappa_8_coordinate_e2,8.0,False,2.39,0.6658694792801066,0.008395998967491469,0.6659224100714907,3.3307142486596306e-16
primary_kappa_8_coordinate_e2,8.0,False,2.4,0.6599056499231395,0.008229747049020028,0.6599569649128434,3.3307142486596306e-16
primary_kappa_8_coordinate_e2,8.0,False,2.41,0.6539880594651838,0.008066787139099613,0.6540378085231651,3.3307142486596306e-16
primary_kappa_8_coordinate_e2,8.0,False,2.42,0.6481165072623428,0.00790705405159344,0.6481647386966629,3.3307142486596306e-16
primary_kappa_8_coordinate_e2,8.0,False,2.43,0.6422907895298865,0.00775048389113669,0.6423375501365864,3.3307142486596306e-16
primary_kappa_8_coordinate_e2,8.0,False,2.44,0.6365106994752295,0.007597014027577566,0.6365560345865721,3.330680367628952e-16
primary_kappa_8_coordinate_e2,8.0,False,2.45,0.630776027427569,0.007446583070924337,0.6308199809587023,2.220462989844635e-16
primary_kappa_8_coordinate_e2,8.0,False,2.46,0.6250865609642609,0.007299130846788581,0.6251291754583569,3.3307142486596306e-16
primary_kappa_8_coordinate_e2,8.0,False,2.47,0.6194420850340006,0.007154598372314578,0.6194834017059208,3.330680367628952e-16
primary_kappa_8_coordinate_e2,8.0,False,2.48,0.6138423820768839,0.007012927832585423,0.61388244085542,4.44092597968927e-16
primary_kappa_8_coordinate_e2,8.0,False,2.49,0.608287232141411,0.006874062557496247,0.6083260717101505,3.3307142486596306e-16
primary_kappa_8_coordinate_e2,8.0,False,2.5,0.6027764129985063,0.006737946999085466,0.6028140708353682,4.440900568822021e-16
primary_kappa_8_coordinate_e2,8.0,False,2.5100000000000002,0.5973097002526145,0.006604526709314803,0.5973462126680994,4.44092597968927e-16
primary_kappa_8_coordinate_e2,8.0,False,2.52,0.5918868674499438,0.006473748318289404,0.5919222696241424,4.440900568822021e-16
primary_kappa_8_coordinate_e2,8.0,False,2.5300000000000002,0.5865076861839107,0.006345559512909109,0.5865420122023115,5.551121899385225e-16
primary_kappa_8_coordinate_e2,8.0,False,2.54,0.5811719261978585,0.006219909015942572,0.5812052090859954,4.440900568822021e-16
primary_kappa_8_coordinate_e2,8.0,False,2.5500000000000003,0.5758793554850995,0.006096746565515633,0.5759116272420776,4.440892098500626e-16
primary_kappa_8_coordinate_e2,8.0,False,2.56,0.57062974038635,0.005976022895005942,0.5706610320172868,4.440900568822021e-16
primary_kappa_8_coordinate_e2,8.0,False,2.57,0.5654228456846067,0.005857689713335622,0.5654531872320256,4.440900568822021e-16
primary_kappa_8_coordinate_e2,8.0,False,2.58,0.5602584346975298,0.005741699685654202,0.5602878552717402,4.440892098500626e-16
primary_kappa_8_coordinate_e2,8.0,False,2.59,0.5551362693673828,0.0056280064144040645,0.55516479717588,4.440900568822021e-16
primary_kappa_8_coordinate_e2,8.0,False,2.6,0.5500561103485844,0.005516564420760771,0.5500837727245027,4.440900568822021e-16
primary_kappa_8_coordinate_e2,8.0,False,2.61,0.5450177170929287,0.005407329126440958,0.5450445405225791,4.44092597968927e-16
primary_kappa_8_coordinate_e2,8.0,False,2.62,0.540020847932521,0.005300256835870401,0.540046858082042,4.440900568822021e-16
primary_kappa_8_coordinate_e2,8.0,False,2.63,0.5350652601604866,0.005195304718705229,0.5350904819016401,3.3307142486596306e-16
primary_kappa_8_coordinate_e2,8.0,False,2.64,0.5301507101094944,0.0050924307926991895,0.5301751675446329,4.440900568822021e-16
primary_kappa_8_coordinate_e2,8.0,False,2.65,0.5252769532281546,0.004991593906910216,0.5253006697143878,4.440900568822021e-16
primary_kappa_8_coordinate_e2,8.0,False,2.66,0.5204437441553267,0.004892753725239474,0.5204667423279137,3.3307142486596306e-16
primary_kappa_8_coordinate_e2,8.0,False,2.67,0.5156508367923962,0.00479587071029642,0.5156731385873888,3.3307142486596306e-16
primary_kappa_8_coordinate_e2,8.0,False,2.68,0.5108979843735567,0.004700906107583274,0.5109196110497182,3.3307142486596306e-16
primary_kappa_8_coordinate_e2,8.0,False,2.69,0.5061849395341492,0.00460782192999275,0.506205911694173,3.3307142486596306e-16
primary_kappa_8_coordinate_e2,8.0,False,2.7,0.5015114543770964,0.004516580942612665,0.5015317919881467,3.330680367628952e-16
primary_kappa_8_coordinate_e2,8.0,False,2.71,0.4968772805374824,0.00442714664783151,0.4968970029510798,3.3307142486596306e-16
primary_kappa_8_coordinate_e2,8.0,False,2.72,0.49228216924531215,0.004339483270738893,0.492301295216585,2.7756117711421305e-16
primary_kappa_8_coordinate_e2,8.0,False,2.73,0.4877258713864989,0.004253555744815124,0.4877444190928215,2.7756117711421305e-16
primary_kappa_8_coordinate_e2,8.0,False,2.74,0.4832081375621146,0.00416932969790411,0.48322612462115216,2.7756117711421305e-16
primary_kappa_8_coordinate_e2,8.0,False,2.75,0.47872871814594775,0.004086771438464066,0.4787461616331274,2.7755711140569604e-16
primary_kappa_8_coordinate_e2,8.0,False,2.7600000000000002,0.47428736334040206,0.004005847942090414,0.47430427980582857,2.220598509946676e-16
primary_kappa_8_coordinate_e2,8.0,False,2.77,0.46988382323077993,0.003926526838305622,0.4699002287156145,2.7756795316273483e-16
primary_kappa_8_coordinate_e2,8.0,False,2.7800000000000002,0.4655178478379817,0.0038487763976105373,0.4655337578903007,2.7756422635651865e-16
primary_kappa_8_coordinate_e2,8.0,False,2.79,0.46118918716966306,0.003772565518792203,0.4612046168598143,3.330739659206466e-16
primary_kappa_8_coordinate_e2,8.0,False,2.8000000000000003,0.4568975912698799,0.003697863716482927,0.45691255520535207,2.7756422635651865e-16
primary_kappa_8_coordinate_e2,8.0,False,2.81,0.452642810267262,0.0036246411089657536,0.4526573226070836,2.7756422635651865e-16
primary_kappa_8_coordinate_e2,8.0,False,2.82,0.4484245944217437,0.0035528684062213598,0.44843866889042616,3.330739659206466e-16
primary_kappa_8_coordinate_e2,8.0,False,2.83,0.44424269416988915,0.003482516898211661,0.4442563440709294,2.7756422635651865e-16
primary_kappa_8_coordinate_e2,8.0,False,2.84,0.4400968601688429,0.003413558443395428,0.44011009839779924,2.7756422635651865e-16
primary_kappa_8_coordinate_e2,8.0,False,2.85,0.4359868433389372,0.0033459654574712703,0.4359996823960926,2.220513810852149e-16
primary_kappa_8_coordinate_e2,8.0,False,2.86,0.43191239490499006,0.0032797109023435704,0.43192484690761546,2.220598509946676e-16
primary_kappa_8_coordinate_e2,8.0,False,2.87,0.42787326643632007,0.003214768275306868,0.4278853431305518,2.2205519258444853e-16
primary_kappa_8_coordinate_e2,8.0,False,2.88,0.4238692098855141,0.003151111598444439,0.4238809226578566,1.665537812438881e-16
primary_kappa_8_coordinate_e2,8.0,False,2.89,0.4198999776259701,0.0030887154082367666,0.4199113375144368,2.2205519258444853e-16
primary_kappa_8_coordinate_e2,8.0,False,2.9,0.41596532248825113,0.003027554745375813,0.4159763401931545,1.6654757031124616e-16
primary_kappa_8_coordinate_e2,8.0,False,2.91,0.4120649977952711,0.002967605144780942,0.41207568368967384,2.2205519258444853e-16
primary_kappa_8_coordinate_e2,8.0,False,2.92,0.40819875739634726,0.0029088426258125823,0.4082091215361848,2.220513810852149e-16
primary_kappa_8_coordinate_e2,8.0,False,2.93,0.4043663557001394,0.00285124368267963,0.40437640783402495,2.2205519258444853e-16
primary_kappa_8_coordinate_e2,8.0,False,2.94,0.400567547706508,0.002794785275036842,0.40057729728522945,2.220513810852149e-16
primary_kappa_8_coordinate_e2,8.0,False,2.95,0.3968020890373119,0.0027394448187683666,0.39681154522303136,2.220513810852149e-16
primary_kappa_8_coordinate_e2,8.0,False,2.96,0.3930697359661759,0.0026852001769538184,0.39307890764134057,2.2205519258444853e-16
primary_kappa_8_coordinate_e2,8.0,False,2.97,0.3893702454472471,0.002632029651013196,0.3893791412232212,2.2205519258444853e-16
primary_kappa_8_coordinate_e2,8.0,False,2.98,0.3857033751429704,0.0025799119720271786,0.38571200336839706,2.2204841654057886e-16
primary_kappa_8_coordinate_e2,8.0,False,2.99,0.3820688834509006,0.002528826292229254,0.382077252219802,2.7756117711421305e-16
primary_kappa_8_coordinate_e2,8.0,False,3.0,0.3784665295295805,0.0024787521766663568,0.37847464668920444,2.220513810852149e-16
primary_kappa_8_coordinate_e2,8.0,False,3.0100000000000002,0.3748960733235002,0.002429669595024593,0.37490394648192255,2.2205519258444853e-16
primary_kappa_8_coordinate_e2,8.0,False,3.02,0.3713572755871685,0.002381558913616869,0.3713649121206569,2.220513810852149e-16
primary_kappa_8_coordinate_e2,8.0,False,3.0300000000000002,0.3678498979083089,0.0023344008875291313,0.3678573049684578,1.6654248846680028e-16
primary_kappa_8_coordinate_e2,8.0,False,3.04,0.3643737027302094,0.0022881766529221676,0.3643808872508518,1.6654248846680028e-16
primary_kappa_8_coordinate_e2,8.0,False,3.0500000000000003,0.3609284533732407,0.0022428677194857994,0.36093542207714485,1.6654248846680028e-16
primary_kappa_8_coordinate_e2,8.0,False,3.06,0.3575139140555675,0.002198455963042529,0.3575206734609247,1.6654757031124616e-16
primary_kappa_8_coordinate_e2,8.0,False,3.0700000000000003,0.35412984991306895,0.0021549236182976115,0.3541364063397795,1.6654248846680028e-16
primary_kappa_8_coordinate_e2,8.0,False,3.08,0.35077602701849175,0.0021122532717327124,0.3507823865942553,1.6654248846680028e-16
primary_kappa_8_coordinate_e2,8.0,False,3.09,0.3474522123998503,0.002070427854640259,0.3474583810660666,1.6654248846680028e-16
primary_kappa_8_coordinate_e2,8.0,False,3.1,0.3441581740580964,0.0020294306362957323,0.3441641575755827,1.1103585416259206e-16
primary_kappa_8_coordinate_e2,8.0,False,3.11,0.3408936809840748,0.0019892452172651618,0.34089948493860556,1.6654248846680028e-16
primary_kappa_8_coordinate_e2,8.0,False,3.12,0.3376585031747818,0.001949855522845119,0.33766413298245657,1.1103267813128674e-16
primary_kappa_8_coordinate_e2,8.0,False,3.13,0.3344524116489463,0.0019112457966326364,0.33445787256139053,1.110299254973338e-16
primary_kappa_8_coordinate_e2,8.0,False,3.14,0.3312751784619476,0.0018734005942224218,0.33128047557135276,1.6654037098584778e-16
primary_kappa_8_coordinate_e2,8.0,False,3.15,0.32812657672009005,0.0018363047770289056,0.3281317149640968,1.6654037098584778e-16
primary_kappa_8_coordinate_e2,8.0,False,3.16,0.3250063805942462,0.0017999435062305894,0.32501136476067666,1.6654248846680028e-16
primary_kappa_8_coordinate_e2,8.0,False,3.17,0.3219143653328896,0.001764302236834334,0.3219192000643329,1.6654037098584778e-16
primary_kappa_8_coordinate_e2,8.0,False,3.18,0.3188503072745279,0.0017293667118571541,0.31885499707278375,1.6654037098584778e-16
primary_kappa_8_coordinate_e2,8.0,False,3.19,0.3158139838595557,0.001695122956623249,0.3158185330899404,1.6654037098584778e-16
primary_kappa_8_coordinate_e2,8.0,False,3.2,0.31280517364153804,0.0016615572731739326,0.3128095865370574,1.665385358139112e-16
primary_kappa_8_coordinate_e2,8.0,False,3.21,0.3098236562979428,0.0016286562347882791,0.309827936963336,1.6654037098584778e-16
primary_kappa_8_coordinate_e2,8.0,False,3.22,0.30686921264033307,0.001596406680612246,0.30687336505599155,1.1103267813128674e-16
primary_kappa_8_coordinate_e2,8.0,False,3.23,0.30394162462403634,0.0015647957103941653,0.30394565264980167,1.110299254973338e-16
primary_kappa_8_coordinate_e2,8.0,False,3.24,0.30104067535730067,0.0015338106793244617,0.3010445827361451,1.665385358139112e-16
primary_kappa_8_coordinate_e2,8.0,False,3.25,0.29816614910995537,0.0015034391929775713,0.29816993947154885,1.1102759629222426e-16
primary_kappa_8_coordinate_e2,8.0,False,3.2600000000000002,0.2953178313215844,0.0014736691023539933,0.2953215081857517,5.553189966089031e-17
primary_kappa_8_coordinate_e2,8.0,False,3.27,0.29249550860923007,0.001444488499020542,0.292499075389301,1.110299254973338e-16
primary_kappa_8_coordinate_e2,8.0,False,3.2800000000000002,0.2896989687746351,0.0014158857103468009,0.2897024287806917,1.110299254973338e-16
primary_kappa_8_coordinate_e2,8.0,False,3.29,0.2869280008110389,0.0013878492948359276,0.28693135725306274,1.110299254973338e-16
primary_kappa_8_coordinate_e2,8.0,False,3.3000000000000003,0.28418239490953673,0.0013603680375478915,0.28418565090045883,5.552639573108236e-17
primary_kappa_8_coordinate_e2,8.0,False,3.31,0.2814619424650162,0.001333430945613358,0.28146510102367367,1.110299254973338e-16
primary_kappa_8_coordinate_e2,8.0,False,3.3200000000000003,0.27876643608168006,0.001307027243836385,0.2787695001356812,1.665385358139112e-16
primary_kappa_8_coordinate_e2,8.0,False,3.33,0.2760956695781686,0.00128114637038421,0.27609864196667033,5.552639573108236e-17
primary_kappa_8_coordinate_e2,8.0,False,3.34,0.2734494379922901,0.0012557779725623681,0.27345232146868986,5.552639573108236e-17
primary_kappa_8_coordinate_e2,8.0,False,3.35,0.27082753758537226,0.00123091190267348,0.27083033481991703,1.1102759629222426e-16
primary_kappa_8_coordinate_e2,8.0,False,3.36,0.26822976584624414,0.001206538213958039,0.2682324794285597,5.552639573108236e-17
primary_kappa_8_coordinate_e2,8.0,False,3.37,0.265655921494857,0.0011826471566155716,0.26565855393639914,1.1102759629222426e-16
primary_kappa_8_coordinate_e2,8.0,False,3.38,0.263105804485558,0.0011592291739045903,0.26310835822198864,5.552173813354909e-17
primary_kappa_8_coordinate_e2,8.0,False,3.39,0.260579216010021,0.0011362748983197648,0.2605816934035116,5.552173813354909e-17
primary_kappa_8_coordinate_e2,8.0,False,3.4,0.25807595849985016,0.0011137751478448022,0.2580783618413143,5.552173813354909e-17
primary_kappa_8_coordinate_e2,8.0,False,3.41,0.25559583562885935,0.0010917209222795095,0.2555981671401167,1.3010426069826053e-18
primary_kappa_8_coordinate_e2,8.0,False,3.42,0.2531386523150416,0.001070103399639603,0.25314091415091605,1.110299254973338e-16
primary_kappa_8_coordinate_e2,8.0,False,3.43,0.2507042147222339,0.0010489139326277871,0.25070640897258695,1.1102759629222426e-16
primary_kappa_8_coordinate_e2,8.0,False,3.44,0.24829233026148828,0.0010281440451747287,0.2482944589531905,2.7776743367531704e-17
primary_kappa_8_coordinate_e2,8.0,False,3.45,0.24590280759215535,0.0010077854290485094,0.24590487269099726,8.327378515562308e-17
primary_kappa_8_coordinate_e2,8.0,False,3.46,0.2435354566226918,0.0009878299405312284,0.2435374600352365,5.552173813354909e-17
primary_kappa_8_coordinate_e2,8.0,False,3.47,0.2411900885111956,0.0009682695971614005,0.24119203208657447,5.552396112656294e-17
primary_kappa_8_coordinate_e2,8.0,False,3.48,0.23886651566568157,0.0009490965745408717,0.2388684011973352,5.552173813354909e-17
primary_kappa_8_coordinate_e2,8.0,False,3.49,0.2365645517441002,0.0009303032032049479,0.23656638097146634,5.552173813354909e-17
primary_kappa_8_coordinate_e2,8.0,False,3.5,0.23428401165411183,0.0009118819655545153,0.23428578626426128,5.551972677745941e-17
primary_kappa_8_coordinate_e2,8.0,False,3.5100000000000002,0.23202471155261928,0.0008938254928488917,0.23202643318184213,5.551972677745941e-17
primary_kappa_8_coordinate_e2,8.0,False,3.52,0.22978646884507,0.0008761265622582408,0.22978813908041343,5.551792708129603e-17
primary_kappa_8_coordinate_e2,8.0,False,3.5300000000000002,0.22756910218453122,0.0008587780939743355,0.22757072256529023,5.551972677745941e-17
primary_kappa_8_coordinate_e2,8.0,False,3.54,0.225372431470548,0.000841773148378548,0.22537400348971082,2.777272273614995e-17
primary_kappa_8_coordinate_e2,8.0,False,3.5500000000000003,0.2231962778477881,0.000825104923265903,0.22319780295343727,5.551792708129603e-17
primary_kappa_8_coordinate_e2,8.0,False,3.56,0.2210404637044831,0.0008087667511241104,0.22104194330115412,5.551972677745941e-17
primary_kappa_8_coordinate_e2,8.0,False,3.5700000000000003,0.21890481267066897,0.0007927520964664675,0.21890624812066722,5.551792708129603e-17
primary_kappa_8_coordinate_e2,8.0,False,3.58,0.21678914961623544,0.0007770545532175806,0.21679054224091326,2.777272273614995e-17
primary_kappa_8_coordinate_e2,8.0,False,3.59,0.21469330064878747,0.0007616678421508463,0.21469465172978208,5.551972677745941e-17
primary_kappa_8_coordinate_e2,8.0,False,3.6,0.212617093111327,0.0007465858083766783,0.2126184038917609,2.7769124835677133e-17
primary_kappa_8_coordinate_e2,8.0,False,3.61,0.2105603555797595,0.0007318024188804718,0.21056162726540426,5.551972677745941e-17
primary_kappa_8_coordinate_e2,8.0,False,3.62,0.20852291786023086,0.0007173117601093126,0.2085241516206355,2.7769124835677133e-17
primary_kappa_8_coordinate_e2,8.0,False,3.63,0.20650461098630155,0.0007031080356064821,0.2065058079558865,2.7765949830445153e-17
primary_kappa_8_coordinate_e2,8.0,False,3.64,0.2045052672159613,0.0006891855636927922,0.2045064284950792,5.551792708129603e-17
primary_kappa_8_coordinate_e2,8.0,False,3.65,0.20252472002849198,0.0006755387751938436,0.20252584668445617,5.551633906564337e-17
primary_kappa_8_coordinate_e2,8.0,False,3.66,0.2005628041211813,0.0006621622112122755,0.2005638971892631,8.673617379884035e-19
primary_kappa_8_coordinate_e2,8.0,False,3.67,0.19861935540589498,0.0006490505209441402,0.1986204158902905,2.7769124835677133e-17
primary_kappa_8_coordinate_e2,8.0,False,3.68,0.1966942110055096,0.0006361984595385044,0.19669523988027737,5.551633906564337e-17
primary_kappa_8_coordinate_e2,8.0,False,3.69,0.19478720925021364,0.0006236008859994437,0.19478820746018363,2.7765949830445153e-17
primary_kappa_8_coordinate_e2,8.0,False,3.7,0.19289818967367847,0.0006112527611295716,0.19289915813533356,5.55149627486669e-17
primary_kappa_8_coordinate_e2,8.0,False,3.71,0.19102699300910694,0.0005991491455142973,0.19102793261143763,2.7765949830445153e-17
primary_kappa_8_coordinate_e2,8.0,False,3.72,0.18917346118516093,0.00058728519754599,0.18917437279049412,5.551633906564337e-17
primary_kappa_8_coordinate_e2,8.0,False,3.73,0.18733743732177516,0.0005756561714872754,0.18733832176657772,2.7765949830445153e-17
primary_kappa_8_coordinate_e2,8.0,False,3.74,0.18551876572585854,0.000564257415572673,0.18551962382151657,2.7765949830445153e-17
primary_kappa_8_coordinate_e2,8.0,False,3.75,0.18371729188689015,0.0005530843701478329,0.18371812442046456,2.7765949830445153e-17
primary_kappa_8_coordinate_e2,8.0,False,3.7600000000000002,0.18193286247241108,0.0005421325658456079,0.18193367020737033,5.551633906564337e-17
primary_kappa_8_coordinate_e2,8.0,False,3.77,0.1801653253234185,0.0005313976217982523,0.1801661090003491,5.55149627486669e-17
primary_kappa_8_coordinate_e2,8.0,False,3.7800000000000002,0.17841452944966363,0.0005208752438850115,0.17841528978695906,2.776319786554118e-17
primary_kappa_8_coordinate_e2,8.0,False,3.79,0.1766803250248595,0.0005105612230144211,0.17668106271938835,2.776319786554118e-17
primary_kappa_8_coordinate_e2,8.0,False,3.8000000000000003,0.17496256338179983,0.0005004514334406097,0.1749632791095536,2.776319786554118e-17
primary_kappa_8_coordinate_e2,8.0,False,3.81,0.1732610970073949,0.0004905418311129498,0.1732617914241163,2.7765949830445153e-17
primary_kappa_8_coordinate_e2,8.0,False,3.8200000000000003,0.17157577953762584,0.00048082845205837965,0.17157645327941798,6.505213034913027e-19
primary_kappa_8_coordinate_e2,8.0,False,3.83,0.16990646575242246,0.0004713074107957648,0.16990711943633963,2.776198056328147e-17
primary_kappa_8_coordinate_e2,8.0,False,3.84,0.16825301157046618,0.0004619748987816507,0.1682536457950868,5.963111948670274e-19
primary_kappa_8_coordinate_e2,8.0,False,3.85,0.16661527404392296,0.0004528271828867964,0.16661588938990515,2.7760869066774545e-17
primary_kappa_8_coordinate_e2,8.0,False,3.86,0.16499311135310846,0.0004438606039028734,0.16499370838372882,2.776198056328147e-17
primary_kappa_8_coordinate_e2,8.0,False,3.87,0.1633863828010879,0.0004350715750787316,0.16338696206276396,5.421010862427522e-19
primary_kappa_8_coordinate_e2,8.0,False,3.88,0.1617949488082153,0.00042645658068565323,0.1617955108310123,5.963111948670274e-19
primary_kappa_8_coordinate_e2,8.0,False,3.89,0.16021867090661313,0.0004180121746110124,0.16021921620473534,5.421010862427522e-19
primary_kappa_8_coordinate_e2,8.0,False,3.9,0.15865741173459683,0.00040973497897978627,0.15865794080686407,5.421010862427522e-19
primary_kappa_8_coordinate_e2,8.0,False,3.91,0.15711103503104523,0.00040162168280335754,0.15711154836135507,2.7760869066774545e-17
primary_kappa_8_coordinate_e2,8.0,False,3.92,0.15557940562972167,0.00039366904065507775,0.15557990368749763,5.421010862427522e-19
primary_kappa_8_coordinate_e2,8.0,False,3.93,0.15406238945354592,0.00038587387137205015,0.15406287269417204,2.7759863388729704e-17
primary_kappa_8_coordinate_e2,8.0,False,3.94,0.1525598535088221,0.00037823305678262527,0.15256032237406456,2.7759863388729704e-17
primary_kappa_8_coordinate_e2,8.0,False,3.95,0.15107166587942264,0.0003707435404590878,0.15107212079783847,2.7758963540648015e-17
primary_kappa_8_coordinate_e2,8.0,False,3.96,0.14959769572093268,0.00036340232649504734,0.14959813710826636,2.7759863388729704e-17
primary_kappa_8_coordinate_e2,8.0,False,3.97,0.14813781325475558,0.0003562064783070336,0.14813824151432348,2.7758963540648015e-17
primary_kappa_8_coordinate_e2,8.0,False,3.98,0.14669188976218353,0.000349153117459826,0.14669230528524677,2.7758963540648015e-17
primary_kappa_8_coordinate_e2,8.0,False,3.99,0.1452597975784336,0.000342239422515039,0.14526020074455984,2.7758169532821685e-17
primary_kappa_8_coordinate_e2,8.0,False,4.0,0.14384141008665333,0.0003354626279025114,0.1438418012640675,4.336808689942018e-19
tight_kappa_4_operator_gain_direction,4.0,True,0.0,0.505638201731562,0.8627456223880084,0.9999999999999999,0.0
tight_kappa_4_operator_gain_direction,4.0,True,0.005,0.5202423232068741,0.8541611600130703,1.0001216736630396,2.220446049250313e-16
tight_kappa_4_operator_gain_direction,4.0,True,0.01,0.5346031997500954,0.8456621144659368,1.0004723849392545,3.3306690738754696e-16
tight_kappa_4_operator_gain_direction,4.0,True,0.015,0.5487237401241113,0.8372476358349706,1.0010401324058096,0.0
tight_kappa_4_operator_gain_direction,4.0,True,0.02,0.5626068217130511,0.8289168826652967,1.0018131733040918,1.5700924586837752e-16
tight_kappa_4_operator_gain_direction,4.0,True,0.025,0.5762552908466623,0.8206690218746556,1.0027800375423692,2.220446049250313e-16
tight_kappa_4_operator_gain_direction,4.0,True,0.03,0.5896719631213959,0.8125032286700952,1.0039295397042414,2.220446049250313e-16
tight_kappa_4_operator_gain_direction,4.0,True,0.035,0.6028596237182372,0.80441868646549,1.0052507891290405,3.3306690738754696e-16
tight_kappa_4_operator_gain_direction,4.0,True,0.04,0.6158210277173135,0.7964145867998825,1.0067331981445906,1.5700924586837752e-16
tight_kappa_4_operator_gain_direction,4.0,True,0.045,0.6285589004093125,0.7884901292566361,1.0083664885441754,2.482534153247273e-16
tight_kappa_4_operator_gain_direction,4.0,True,0.05,0.641075937603742,0.7806445213833926,1.0101406964083879,2.482534153247273e-16
tight_kappa_4_operator_gain_direction,4.0,True,0.055,0.6533748059340633,0.7728769786128267,1.0120461753789036,1.5700924586837752e-16
tight_kappa_4_operator_gain_direction,4.0,True,0.06,0.6654581431597301,0.7651867241841883,1.0140735984953582,1.1102230246251565e-16
tight_kappa_4_operator_gain_direction,4.0,True,0.065,0.6773285584651629,0.7575729890656262,1.0162139587086585,1.5700924586837752e-16
tight_kappa_4_operator_gain_direction,4.0,True,0.07,0.6889886327556914,0.7500350118772835,1.018458568184447,1.1102230246251565e-16
tight_kappa_4_operator_gain_direction,4.0,True,0.075,0.700440918950493,0.7425720388151598,1.0207990565093181,1.1102230246251565e-16
tight_kappa_4_operator_gain_direction,4.0,True,0.08,0.7116879422725593,0.7351833235757297,1.02322736790999,1.1102230246251565e-16
tight_kappa_4_operator_gain_direction,4.0,True,0.085,0.7227322005357208,0.727868127281312,1.025735757592183,0.0
tight_kappa_4_operator_gain_direction,4.0,True,0.09,0.733576164428758,0.7206257184061813,1.0283167873016725,0.0
tight_kappa_4_operator_gain_direction,4.0,True,0.095,0.7442222777966278,0.7134553727034145,1.030963320205025,0.0
tight_kappa_4_operator_gain_direction,4.0,True,0.1,0.7546729579188372,0.7063563731324662,1.033668515182125,2.220446049250313e-16
tight_kappa_4_operator_gain_direction,4.0,True,0.105,0.7649305957849892,0.6993280097874636,1.036425820616832,1.1102230246251565e-16
tight_kappa_4_operator_gain_direction,4.0,True,0.11,0.7749975563675324,0.6923695798262148,1.0392289677661877,2.482534153247273e-16
tight_kappa_4_operator_gain_direction,4.0,True,0.115,0.7848761788917387,0.6854803873999253,1.0420719637825635,2.482534153247273e-16
tight_kappa_4_operator_gain_direction,4.0,True,0.12,0.7945687771029426,0.6786597435836115,1.0449490844571514,3.3306690738754696e-16
tight_kappa_4_operator_gain_direction,4.0,True,0.125,0.8040776395310638,0.6719069663072075,1.0478548667473002,2.482534153247273e-16
tight_kappa_4_operator_gain_direction,4.0,True,0.13,0.8134050297524436,0.6652213802873587,1.0507841011444703,0.0
tight_kappa_4_operator_gain_direction,4.0,True,0.135,0.8225531866490217,0.6586023169598916,1.0537318239340585,1.1102230246251565e-16
tight_kappa_4_operator_gain_direction,4.0,True,0.14,0.83152432466488,0.6520491144129575,1.0566933093930835,1.1102230246251565e-16
tight_kappa_4_operator_gain_direction,4.0,True,0.145,0.8403206340601789,0.645561117320841,1.059664061966732,1.1102230246251565e-16
tight_kappa_4_operator_gain_direction,4.0,True,0.15,0.8489442811625143,0.6391376768784258,1.0626398084600865,1.5700924586837752e-16
tight_kappa_4_operator_gain_direction,4.0,True,0.155,0.8573974086157189,0.6327781507363149,1.065616490276976,2.482534153247273e-16
tight_kappa_4_operator_gain_direction,4.0,True,0.16,0.8656821356261355,0.6264819029365946,1.068590255733826,2.220446049250313e-16
tight_kappa_4_operator_gain_direction,4.0,True,0.165,0.8738005582063867,0.6202483038492379,1.071557452472638,3.510833468576701e-16
tight_kappa_4_operator_gain_direction,4.0,True,0.17,0.881754749416666,0.6140767301091414,1.0745146199937825,5.661048867003676e-16
tight_kappa_4_operator_gain_direction,4.0,True,0.17500000000000002,0.8895467596035762,0.6079665645537882,1.0774584823261444,2.220446049250313e-16
tight_kappa_4_operator_gain_direction,4.0,True,0.18,0.8971786166365389,0.6019171961615308,1.080385940849293,2.220446049250313e-16
tight_kappa_4_operator_gain_direction,4.0,True,0.185,0.9046523261417992,0.5959280199904889,1.0832940672797728,1.1102230246251565e-16
tight_kappa_4_operator_gain_direction,4.0,True,0.19,0.9119698717340518,0.5899984371180544,1.086180096831262,2.220446049250313e-16
tight_kappa_4_operator_gain_direction,4.0,True,0.195,0.9191332152457091,0.5841278545809988,1.0890414215562765,4.440892098500626e-16
tight_kappa_4_operator_gain_direction,4.0,True,0.2,0.9261442969538389,0.578315685316176,1.0918755838752139,1.1102230246251565e-16
tight_kappa_4_operator_gain_direction,4.0,True,0.20500000000000002,0.9330050358047917,0.5725613481018162,1.094680270296889,1.5700924586837752e-16
tight_kappa_4_operator_gain_direction,4.0,True,0.21,0.9397173296365425,0.5668642674994027,1.097453305333247,2.482534153247273e-16
tight_kappa_4_operator_gain_direction,4.0,True,0.215,0.9462830553987711,0.5612238737961275,1.100192645609652,4.002966042486721e-16
tight_kappa_4_operator_gain_direction,4.0,True,0.22,0.9527040693707007,0.55563960294792,1.1028963741710347,3.3306690738754696e-16
tight_kappa_4_operator_gain_direction,4.0,True,0.225,0.9589822073767205,0.550110896523042,1.1055626949831983,2.220446049250313e-16
tight_kappa_4_operator_gain_direction,4.0,True,0.23,0.9651192849998121,0.5446372016462435,1.1081899276277507,3.1401849173675503e-16
tight_kappa_4_operator_gain_direction,4.0,True,0.23500000000000001,0.9711170977928044,0.5392179709434755,1.1107765021884097,3.1401849173675503e-16
tight_kappa_4_operator_gain_direction,4.0,True,0.24,0.9769774214874755,0.5338526624871516,1.113320954325812,4.002966042486721e-16
tight_kappa_4_operator_gain_direction,4.0,True,0.245,0.9827020122015264,0.5285407397419551,1.1158219205374584,4.710277376051325e-16
tight_kappa_4_operator_gain_direction,4.0,True,0.25,0.9882926066434466,0.523281671511185,1.1182781335989889,3.510833468576701e-16
tight_kappa_4_operator_gain_direction,4.0,True,0.255,0.9937509223152923,0.5180749318836354,1.1206884181826489,4.002966042486721e-16
tight_kappa_4_operator_gain_direction,4.0,True,0.26,0.9990786577133988,0.5129200001810048,1.1230516866485214,4.710277376051325e-16
tight_kappa_4_operator_gain_direction,4.0,True,0.265,1.0042774925270483,0.507816360905827,1.1253669350038915,3.3306690738754696e-16
tight_kappa_4_operator_gain_direction,4.0,True,0.27,1.0093490878351141,0.5027635036899216,1.1276332390259445,3.3306690738754696e-16
tight_kappa_4_operator_gain_direction,4.0,True,0.275,1.0142950863006979,0.49776092324335613,1.1298497505428846,2.7755575615628914e-16
tight_kappa_4_operator_gain_direction,4.0,True,0.28,1.0191171123637854,0.49280811930391716,1.1320156938684924,3.554447978966673e-16
tight_kappa_4_operator_gain_direction,4.0,True,0.28500000000000003,1.0238167724319391,0.48790459658708335,1.1341303623850996,3.554447978966673e-16
tight_kappa_4_operator_gain_direction,4.0,True,0.29,1.028395655069044,0.48304986473649686,1.136193115269951,2.220446049250313e-16
tight_kappa_4_operator_gain_direction,4.0,True,0.295,1.0328553311821311,0.4782434382749268,1.1382033743599487,2.7755575615628914e-16
tight_kappa_4_operator_gain_direction,4.0,True,0.3,1.0371973542062938,0.4734848365557218,1.1401606211498163,3.554447978966673e-16
tight_kappa_4_operator_gain_direction,4.0,True,0.305,1.0414232602877205,0.46877358371474437,1.1420643939187798,3.554447978966673e-16
tight_kappa_4_operator_gain_direction,4.0,True,0.31,1.0455345684648583,0.4641092086227844,1.143914284980944,3.1401849173675503e-16
tight_kappa_4_operator_gain_direction,4.0,True,0.315,1.0495327808477293,0.4594912448384456,1.1457099380546336,2.220446049250313e-16
tight_kappa_4_operator_gain_direction,4.0,True,0.32,1.0534193827954181,0.45491923056150135,1.1474510457460694,2.220446049250313e-16
tight_kappa_4_operator_gain_direction,4.0,True,0.325,1.0571958430917465,0.4503927085867139,1.1491373471428667,2.220446049250313e-16
tight_kappa_4_operator_gain_direction,4.0,True,0.33,1.0608636141191563,0.4459112262581136,1.1507686255129537,1.6653345369377348e-16
tight_kappa_4_operator_gain_direction,4.0,True,0.335,1.0644241320308174,0.441474335423733,1.1523447061046386,2.220446049250313e-16
tight_kappa_4_operator_gain_direction,4.0,True,0.34,1.067878816920979,0.4370815923907913,1.1538654540436764,2.7755575615628914e-16
tight_kappa_4_operator_gain_direction,4.0,True,0.34500000000000003,1.0712290729935805,0.4327325578813246,1.1553307723233204,1.1102230246251565e-16
tight_kappa_4_operator_gain_direction,4.0,True,0.35000000000000003,1.0744762887291415,0.42842679698825764,1.1567405998834688,1.6653345369377348e-16
tight_kappa_4_operator_gain_direction,4.0,True,0.355,1.077621837049948,0.42416387913191306,1.1580949097751605,2.220446049250313e-16
tight_kappa_4_operator_gain_direction,4.0,True,0.36,1.0806670754835508,0.41994337801695275,1.1593937074067893,4.965068306494546e-16
tight_kappa_4_operator_gain_direction,4.0,True,0.365,1.0836133463245927,0.4157648715897481,1.1606370288685526,1.6653345369377348e-16
tight_kappa_4_operator_gain_direction,4.0,True,0.37,1.0864619767949844,0.4116279419961743,1.16182493933177,2.7755575615628914e-16
tight_kappa_4_operator_gain_direction,4.0,True,0.375,1.0892142792024417,0.40753217553982457,1.1629575315198388,2.7755575615628914e-16
tight_kappa_4_operator_gain_direction,4.0,True,0.38,1.0918715510974046,0.4034771626406401,1.1640349242477193,2.7755575615628914e-16
tight_kappa_4_operator_gain_direction,4.0,True,0.385,1.0944350754283507,0.39946249779395177,1.1650572610269603,2.7755575615628914e-16
tight_kappa_4_operator_gain_direction,4.0,True,0.39,1.0969061206955217,0.39548777952992936,1.166024708733401,6.753223014464259e-16
tight_kappa_4_operator_gain_direction,4.0,True,0.395,1.0992859411030778,0.3915526103734342,1.1669374563347985,4.742874840267547e-16
tight_kappa_4_operator_gain_direction,4.0,True,0.4,1.1015757767096976,0.3876565968042713,1.167795713675745,2.7755575615628914e-16
tight_kappa_4_operator_gain_direction,4.0,True,0.405,1.1037768535776367,0.38379934921783704,1.168599710317345,4.742874840267547e-16
tight_kappa_4_operator_gain_direction,4.0,True,0.41000000000000003,1.1058903839202612,0.37998048188615846,1.1693496944292328,4.742874840267547e-16
tight_kappa_4_operator_gain_direction,4.0,True,0.41500000000000004,1.1079175662480731,0.37619961291931997,1.1700459317316136,4.577566798522237e-16
tight_kappa_4_operator_gain_direction,4.0,True,0.42,1.1098595855132416,0.3724563642272742,1.1706887044851095,6.753223014464259e-16
tight_kappa_4_operator_gain_direction,4.0,True,0.425,1.1117176132526547,0.3687503614820324,1.1712783105262852,4.577566798522237e-16
tight_kappa_4_operator_gain_direction,4.0,True,0.43,1.1134928077295076,0.3650812340802318,1.1718150623468224,4.47545209131181e-16
tight_kappa_4_operator_gain_direction,4.0,True,0.435,1.1151863140734415,0.3614486151060746,1.1722992862144068,2.2887833992611187e-16
tight_kappa_4_operator_gain_direction,4.0,True,0.44,1.116799264419247,0.3578521412946362,1.172731321333462,5.551115123125783e-17
tight_kappa_4_operator_gain_direction,4.0,True,0.445,1.1183327780441494,0.3542914529955384,1.173111519043963,4.47545209131181e-16
tight_kappa_4_operator_gain_direction,4.0,True,0.45,1.1197879615036863,0.35076619413698396,1.1734402420566314,5.551115123125783e-17
tight_kappa_4_operator_gain_direction,4.0,True,0.455,1.1211659087661938,0.3472760121901493,1.1737178637228873,1.1102230246251565e-16
tight_kappa_4_operator_gain_direction,4.0,True,0.46,1.1224677013459161,0.34382055813393136,1.173944767338018,2.482534153247273e-16
tight_kappa_4_operator_gain_direction,4.0,True,0.465,1.1236944084347509,0.3403994864200449,1.1741213454760777,2.482534153247273e-16
tight_kappa_4_operator_gain_direction,4.0,True,0.47000000000000003,1.1248470870326441,0.33701245493846765,1.1742479993551096,2.482534153247273e-16
tight_kappa_4_operator_gain_direction,4.0,True,0.47500000000000003,1.1259267820766499,0.33365912498322886,1.174325138231339,4.577566798522237e-16
tight_kappa_4_operator_gain_direction,4.0,True,0.48,1.1269345265686663,0.3303391612185387,1.1743531788210528,4.577566798522237e-16
tight_kappa_4_operator_gain_direction,4.0,True,0.485,1.1278713417018624,0.3270522316452538,1.174332544748931,2.482534153247273e-16
tight_kappa_4_operator_gain_direction,4.0,True,0.49,1.128738236985809,0.32379800756767796,1.1742636660216608,2.482534153247273e-16
tight_kappa_4_operator_gain_direction,4.0,True,0.495,1.1295362103703261,0.3205761635606914,1.1741469785257077,4.577566798522237e-16
tight_kappa_4_operator_gain_direction,4.0,True,0.5,1.1302662483680603,0.31738637743720866,1.1739829235481767,2.482534153247273e-16
tight_kappa_4_operator_gain_direction,4.0,True,0.505,1.1309293261758047,0.31422833021595914,1.1737719473197379,2.482534153247273e-16
tight_kappa_4_operator_gain_direction,4.0,True,0.51,1.1315264077945744,0.31110170608958904,1.173514500578645,2.2887833992611187e-16
tight_kappa_4_operator_gain_direction,4.0,True,0.515,1.1320584461484495,0.3080061923930802,1.1732110381549115,2.2887833992611187e-16
tight_kappa_4_operator_gain_direction,4.0,True,0.52,1.1325263832021992,0.3049414795724833,1.172862018573758,5.551115123125783e-17
tight_kappa_4_operator_gain_direction,4.0,True,0.525,1.1329311500776975,0.30190726115396244,1.1724679036774786,0.0
tight_kappa_4_operator_gain_direction,4.0,True,0.53,1.133273667169145,0.2989032337131472,1.1720291582649207,0.0
tight_kappa_4_operator_gain_direction,4.0,True,0.535,1.1335548442571066,0.29592909684479013,1.1715462497477964,4.47545209131181e-16
tight_kappa_4_operator_gain_direction,4.0,True,0.54,1.133775580621379,0.2929845531327259,1.171019647823096,2.2887833992611187e-16
tight_kappa_4_operator_gain_direction,4.0,True,0.545,1.133936765152698,0.29006930812012954,1.1704498241608887,4.47545209131181e-16
tight_kappa_4_operator_gain_direction,4.0,True,0.55,1.1340392764632992,0.28718307028007045,1.1698372521068436,6.684427777288335e-16
tight_kappa_4_operator_gain_direction,4.0,True,0.555,1.1340839829963423,0.2843255509863594,1.169182406398824,6.661338147750939e-16
tight_kappa_4_operator_gain_direction,4.0,True,0.56,1.1340717431342109,0.28149646448468574,1.1684857628969407,4.440892098500626e-16
tight_kappa_4_operator_gain_direction,4.0,True,0.5650000000000001,1.134003405305699,0.2786955278640417,1.1677477983264788,2.2887833992611187e-16
tight_kappa_4_operator_gain_direction,4.0,True,0.5700000000000001,1.1338798080920969,0.27592246102843115,1.1669689900331355,5.551115123125783e-17
tight_kappa_4_operator_gain_direction,4.0,True,0.5750000000000001,1.133701780332184,0.2731769866688596,1.1661498157500356,5.551115123125783e-17
tight_kappa_4_operator_gain_direction,4.0,True,0.58,1.1334701412261448,0.2704588302356032,1.1652907533760093,2.2887833992611187e-16
tight_kappa_4_operator_gain_direction,4.0,True,0.585,1.1331857004384136,0.2677677199107534,1.1643922807646492,5.551115123125783e-17
tight_kappa_4_operator_gain_direction,4.0,True,0.59,1.1328492581994634,0.26510338658103516,1.1634548755236742,2.220446049250313e-16
tight_kappa_4_operator_gain_direction,4.0,True,0.595,1.1324616054065455,0.2624655638108953,1.1624790148241564,5.551115123125783e-17
tight_kappa_4_operator_gain_direction,4.0,True,0.6,1.1320235237233942,0.25985398781585856,1.161465175219186,0.0
tight_kappa_4_operator_gain_direction,4.0,True,0.605,1.1315357856789041,0.2572683974361491,1.1604138324715625,5.551115123125783e-17
tight_kappa_4_operator_gain_direction,4.0,True,0.61,1.1309991547647928,0.2547085341105743,1.159325461390128,5.551115123125783e-17
tight_kappa_4_operator_gain_direction,4.0,True,0.615,1.1304143855322568,0.2521741418506684,1.158200535674367,0.0
tight_kappa_4_operator_gain_direction,4.0,True,0.62,1.1297822236876327,0.24966496721509335,1.157039527766915,2.2887833992611187e-16
tight_kappa_4_operator_gain_direction,4.0,True,0.625,1.1291034061870735,0.24718075928429467,1.1558429087136417,2.237726045655905e-16
tight_kappa_4_operator_gain_direction,4.0,True,0.63,1.1283786613302487,0.24472126963540908,1.154611148030977,2.7755575615628914e-17
tight_kappa_4_operator_gain_direction,4.0,True,0.635,1.1276087088530795,0.2422862523174221,1.1533447135801727,2.2887833992611187e-16
tight_kappa_4_operator_gain_direction,4.0,True,0.64,1.1267942600195189,0.23987546382657274,1.1520440714482014,2.2887833992611187e-16
tight_kappa_4_operator_gain_direction,4.0,True,0.645,1.1259360177123847,0.23748866308200292,1.150709685835007,2.3714374201337736e-16
tight_kappa_4_operator_gain_direction,4.0,True,0.65,1.1250346765232566,0.23512561140164917,1.1493420189468355,8.326672684688674e-17
tight_kappa_4_operator_gain_direction,4.0,True,0.655,1.1240909228414466,0.2327860724783742,1.1479415308953858,2.2887833992611187e-16
tight_kappa_4_operator_gain_direction,4.0,True,0.66,1.1231054349420515,0.23046981235633618,1.1465086796025312,2.2887833992611187e-16
tight_kappa_4_operator_gain_direction,4.0,True,0.665,1.1220788830730974,0.22817659940759258,1.1450439207103729,2.220446049250313e-16
tight_kappa_4_operator_gain_direction,4.0,True,0.67,1.1210119295417853,0.22590620430893754,1.1435477074963982,2.220446049250313e-16
tight_kappa_4_operator_gain_direction,4.0,True,0.675,1.1199052287998457,0.2236584000189692,1.1420204907935234,0.0
tight_kappa_4_operator_gain_direction,4.0,True,0.68,1.118759427528014,0.22143296175538538,1.1404627189148147,4.440892098500626e-16
tight_kappa_4_operator_gain_direction,4.0,True,0.685,1.1175751647196321,0.21922966697250518,1.1388748375826856,2.7755575615628914e-17
tight_kappa_4_operator_gain_direction,4.0,True,0.6900000000000001,1.1163530717633885,0.21704829533901424,1.1372572898623798,4.449557262054371e-16
tight_kappa_4_operator_gain_direction,4.0,True,0.6950000000000001,1.1150937725252026,0.21488862871593137,1.1356105160995567,4.449557262054371e-16
tight_kappa_4_operator_gain_direction,4.0,True,0.7000000000000001,1.1137978834292632,0.21275045113479454,1.133934953861801,4.449557262054371e-16
tight_kappa_4_operator_gain_direction,4.0,True,0.705,1.112466013538232,0.21063354877606386,1.132231037883896,4.449557262054371e-16
tight_kappa_4_operator_gain_direction,4.0,True,0.71,1.1110987646326154,0.2085377099477393,1.1304992000166878,2.220446049250313e-16
tight_kappa_4_operator_gain_direction,4.0,True,0.715,1.1096967312893173,0.20646272506419153,1.1287398691793993,0.0
tight_kappa_4_operator_gain_direction,4.0,True,0.72,1.108260500959381,0.204408386625203,1.126953471315234,2.7755575615628914e-17
tight_kappa_4_operator_gain_direction,4.0,True,0.725,1.1067906540449244,0.2023744891952179,1.1251404293501397,2.237726045655905e-16
tight_kappa_4_operator_gain_direction,4.0,True,0.73,1.1052877639752832,0.20036082938279828,1.123301163154585,2.7755575615628914e-17
tight_kappa_4_operator_gain_direction,4.0,True,0.735,1.103752397282364,0.19836720582028486,1.121436089508231,2.7755575615628914e-17
tight_kappa_4_operator_gain_direction,4.0,True,0.74,1.102185113675218,0.19639341914366001,1.1195456220673594,2.7755575615628914e-17
tight_kappa_4_operator_gain_direction,4.0,True,0.745,1.100586466113845,0.19443927197261127,1.1176301713349548,2.7755575615628914e-17
tight_kappa_4_operator_gain_direction,4.0,True,0.75,1.0989570008822303,0.19250456889079307,1.11569014463331,2.7755575615628914e-17
tight_kappa_4_operator_gain_direction,4.0,True,0.755,1.097297257660629,0.19058911642628495,1.1137259460790563,2.7755575615628914e-17
tight_kappa_4_operator_gain_direction,4.0,True,0.76,1.0956077695970992,0.18869272303224424,1.1117379765605084,2.220446049250313e-16
tight_kappa_4_operator_gain_direction,4.0,True,0.765,1.0938890633782958,0.1868151990677512,1.1097266337172271,5.551115123125783e-17
tight_kappa_4_operator_gain_direction,4.0,True,0.77,1.0921416592995306,0.1849563567788448,1.1076923119216975,5.551115123125783e-17
tight_kappa_4_operator_gain_direction,4.0,True,0.775,1.090366071334106,0.1831160102797471,1.105635402263036,5.551115123125783e-17
tight_kappa_4_operator_gain_direction,4.0,True,0.78,1.088562807201931,0.18129397553427457,1.1035562925326332,2.2887833992611187e-16
tight_kappa_4_operator_gain_direction,4.0,True,0.785,1.0867323684374264,0.17949007033743428,1.101455367211652,2.2887833992611187e-16
tight_kappa_4_operator_gain_direction,4.0,True,0.79,1.0848752504567236,0.17770411429720329,1.0993330074602927,2.7755575615628914e-17
tight_kappa_4_operator_gain_direction,4.0,True,0.795,1.0829919426241696,0.17593592881648928,1.0971895911087535,2.237726045655905e-16
tight_kappa_4_operator_gain_direction,4.0,True,0.8,1.0810829283181407,0.17418533707527067,1.0950254926498066,2.237726045655905e-16
tight_kappa_4_operator_gain_direction,4.0,True,0.805,1.0791486849961724,0.17245216401291452,1.0928410832329216,4.47545209131181e-16
tight_kappa_4_operator_gain_direction,4.0,True,0.81,1.077189684259416,0.17073623631067028,1.0906367306598626,4.449557262054371e-16
tight_kappa_4_operator_gain_direction,4.0,True,0.8150000000000001,1.0752063919164239,0.16903738237433777,1.0884127993816972,4.47545209131181e-16
tight_kappa_4_operator_gain_direction,4.0,True,0.8200000000000001,1.073199268046274,0.16735543231710767,1.0861696504971516,4.47545209131181e-16
tight_kappa_4_operator_gain_direction,4.0,True,0.8250000000000001,1.0711687670610386,0.1656902179425726,1.0839076417522495,4.449557262054371e-16
tight_kappa_4_operator_gain_direction,4.0,True,0.8300000000000001,1.0691153377676033,0.16404157272790743,1.0816271275411788,4.449557262054371e-16
tight_kappa_4_operator_gain_direction,4.0,True,0.835,1.0670394234288452,0.16240933180721684,1.0793284589083292,6.684427777288335e-16
tight_kappa_4_operator_gain_direction,4.0,True,0.84,1.0649414618241746,0.1607933319550485,1.0770119835514442,2.237726045655905e-16
tight_kappa_4_operator_gain_direction,4.0,True,0.845,1.062821885309448,0.15919341157007055,1.0746780458258405,4.449557262054371e-16
tight_kappa_4_operator_gain_direction,4.0,True,0.85,1.0606811208762572,0.15760941065891124,1.0723269867496399,2.2887833992611187e-16
tight_kappa_4_operator_gain_direction,4.0,True,0.855,1.0585195902106035,0.1560411708201594,1.0699591440099712,2.3714374201337736e-16
tight_kappa_4_operator_gain_direction,4.0,True,0.86,1.0563377097509599,0.15448853522852435,1.0675748519700894,2.2887833992611187e-16
tight_kappa_4_operator_gain_direction,4.0,True,0.865,1.0541358907457308,0.15295134861915302,1.0651744416773776,2.2887833992611187e-16
tight_kappa_4_operator_gain_direction,4.0,True,0.87,1.0519145393101128,0.1514294572721035,1.06275824087218,2.2887833992611187e-16
tight_kappa_4_operator_gain_direction,4.0,True,0.875,1.0496740564823646,0.14992270899697283,1.0603265739974328,2.2887833992611187e-16
tight_kappa_4_operator_gain_direction,4.0,True,0.88,1.0474148382794897,0.14843095311767784,1.057879762209048,5.551115123125783e-17
tight_kappa_4_operator_gain_direction,4.0,True,0.885,1.0451372757523412,0.1469540404573875,1.055418123387019,5.551115123125783e-17
tight_kappa_4_operator_gain_direction,4.0,True,0.89,1.0428417550401505,0.145491823323605,1.0529419721472064,5.551115123125783e-17
tight_kappa_4_operator_gain_direction,4.0,True,0.895,1.0405286574244899,0.14404415549339847,1.0504516198537739,5.551115123125783e-17
tight_kappa_4_operator_gain_direction,4.0,True,0.9,1.0381983593826716,0.14261089219877846,1.0479473746322392,5.551115123125783e-17
tight_kappa_4_operator_gain_direction,4.0,True,0.905,1.0358512326405904,0.14119189011222114,1.0454295413831063,2.2887833992611187e-16
tight_kappa_4_operator_gain_direction,4.0,True,0.91,1.033487644225016,0.13978700733233534,1.0428984217960557,2.237726045655905e-16
tight_kappa_4_operator_gain_direction,4.0,True,0.915,1.0311079565153392,0.13839610336967234,1.0403543143646532,2.237726045655905e-16
tight_kappa_4_operator_gain_direction,4.0,True,0.92,1.0287125272947786,0.13701903913267677,1.0377975144015583,2.2887833992611187e-16
tight_kappa_4_operator_gain_direction,4.0,True,0.925,1.0263017098010534,0.1356556769137774,1.0352283140541998,2.2887833992611187e-16
tight_kappa_4_operator_gain_direction,4.0,True,0.93,1.0238758527765268,0.13430588037561614,1.0326470023208945,2.3714374201337736e-16
tight_kappa_4_operator_gain_direction,4.0,True,0.935,1.0214353005178267,0.1329695145374144,1.030053865067385,4.518280359883027e-16
tight_kappa_4_operator_gain_direction,4.0,True,0.9400000000000001,1.0189803929249468,0.13164644576147472,1.0274491850437704,4.518280359883027e-16
tight_kappa_4_operator_gain_direction,4.0,True,0.9450000000000001,1.016511465549837,0.1303365417398169,1.0248332419018094,2.3714374201337736e-16
tight_kappa_4_operator_gain_direction,4.0,True,0.9500000000000001,1.0140288496444843,0.12903967148094722,1.0222063122125724,4.518280359883027e-16
tight_kappa_4_operator_gain_direction,4.0,True,0.9550000000000001,1.0115328722084922,0.12775570529675906,1.019568669484422,8.326672684688674e-17
tight_kappa_4_operator_gain_direction,4.0,True,0.96,1.0090238560361622,0.12648451478956405,1.0169205841813003,2.3714374201337736e-16
tight_kappa_4_operator_gain_direction,4.0,True,0.965,1.0065021197630841,0.12522597283925208,1.0142623237413084,2.2887833992611187e-16
tight_kappa_4_operator_gain_direction,4.0,True,0.97,1.003967977912238,0.12397995359057935,1.0115941525955505,6.938893903907228e-17
tight_kappa_4_operator_gain_direction,4.0,True,0.975,1.0014217409396136,0.12274633244058267,1.0089163321872336,6.938893903907228e-17
tight_kappa_4_operator_gain_direction,4.0,True,0.98,0.9988637152793544,0.12152498602611898,1.0062291209910015,5.551115123125783e-17
tight_kappa_4_operator_gain_direction,4.0,True,0.985,0.9962942033884266,0.12031579221152906,1.003532774532485,1.3092278833360675e-16
tight_kappa_4_operator_gain_direction,4.0,True,0.99,0.9937135037908222,0.1191186300764238,1.000827545408057,1.3092278833360675e-16
tight_kappa_4_operator_gain_direction,4.0,True,0.995,0.9911219111212987,0.11793337990359204,0.9981136833047729,1.1857187100668868e-16
tight_kappa_4_operator_gain_direction,4.0,True,1.0,0.9885197161686599,0.11675992316702877,0.995391435020484,1.3092278833360675e-16
tight_kappa_4_operator_gain_direction,4.0,True,1.0050000000000001,0.9859072059185846,0.11559814252008244,0.9926610444841097,1.2412670766236366e-16
tight_kappa_4_operator_gain_direction,4.0,True,1.01,0.9832846635960053,0.11444792178372028,0.9899227527760547,1.2412670766236366e-16
tight_kappa_4_operator_gain_direction,4.0,True,1.0150000000000001,0.9806523687070424,0.11330914593491004,0.987176798148757,2.237726045655905e-16
tight_kappa_4_operator_gain_direction,4.0,True,1.02,0.9780105970805002,0.11218170109511794,0.9844234160473586,1.1443916996305594e-16
tight_kappa_4_operator_gain_direction,4.0,True,1.025,0.9753596209089256,0.1110654745189204,0.9816628391304807,2.237726045655905e-16
tight_kappa_4_operator_gain_direction,4.0,True,1.03,0.9726997087892371,0.10996035458272957,0.9788952972910975,2.2591401799415137e-16
tight_kappa_4_operator_gain_direction,4.0,True,1.035,0.9700311257629277,0.108866230773631,0.9761210176774959,3.356589068483857e-16
tight_kappa_4_operator_gain_direction,4.0,True,1.04,0.9673541333558446,0.10778299367833191,0.9733402247143085,2.2591401799415137e-16
tight_kappa_4_operator_gain_direction,4.0,True,1.045,0.9646689896175521,0.10671053497222016,0.9705531401236134,2.2591401799415137e-16
tight_kappa_4_operator_gain_direction,4.0,True,1.05,0.9619759491602798,0.10564874740853132,0.9677599829460882,4.47545209131181e-16
tight_kappa_4_operator_gain_direction,4.0,True,1.055,0.9592752631974636,0.1045975248076243,0.9649609695622122,3.3766115072321297e-16
tight_kappa_4_operator_gain_direction,4.0,True,1.06,0.9565671795818788,0.1035567620463629,0.9621563137135033,4.47545209131181e-16
tight_kappa_4_operator_gain_direction,4.0,True,1.065,0.9538519428433749,0.10252635504760377,0.9593462265237865,5.578801654593729e-16
tight_kappa_4_operator_gain_direction,4.0,True,1.07,0.9511297942262116,0.10150620076978827,0.9565309165204814,5.578801654593729e-16
tight_kappa_4_operator_gain_direction,4.0,True,1.075,0.9484009717260031,0.10049619719663856,0.9537105896559043,3.3766115072321297e-16
tight_kappa_4_operator_gain_direction,4.0,True,1.08,0.945665710126273,0.0994962433269556,0.9508854493285744,5.578801654593729e-16
tight_kappa_4_operator_gain_direction,4.0,True,1.085,0.9429242410346246,0.09850623916451919,0.9480556964045205,4.47545209131181e-16
tight_kappa_4_operator_gain_direction,4.0,True,1.09,0.9401767929185301,0.09752608570808799,0.9452215292385769,1.1857187100668868e-16
tight_kappa_4_operator_gain_direction,4.0,True,1.095,0.9374235911407438,0.09655568494149964,0.9423831436956682,1.1857187100668868e-16
tight_kappa_4_operator_gain_direction,4.0,True,1.1,0.9346648579943402,0.09559493982386877,0.9395407331720691,1.1443916996305594e-16
tight_kappa_4_operator_gain_direction,4.0,True,1.105,0.9319008127373846,0.09464375427988302,0.9366944886166401,3.3422138886441676e-16
tight_kappa_4_operator_gain_direction,4.0,True,1.11,0.9291316716272371,0.09370203319019527,0.9338445985520291,2.7755575615628914e-17
tight_kappa_4_operator_gain_direction,4.0,True,1.115,0.9263576479544958,0.09276968238191187,0.9309912490958367,2.237726045655905e-16
tight_kappa_4_operator_gain_direction,4.0,True,1.12,0.9235789520765803,0.09184660861917496,0.9281346239817357,1.1443916996305594e-16
tight_kappa_4_operator_gain_direction,4.0,True,1.125,0.9207957914509625,0.09093271959383908,0.9252749045805447,1.1443916996305594e-16
tight_kappa_4_operator_gain_direction,4.0,True,1.1300000000000001,0.9180083706680451,0.09002792391624008,0.9224122699212468,2.237726045655905e-16
tight_kappa_4_operator_gain_direction,4.0,True,1.135,0.9152168914836943,0.08913213110605625,0.9195468967119532,1.1857187100668868e-16
tight_kappa_4_operator_gain_direction,4.0,True,1.1400000000000001,0.9124215528514275,0.08824525158326003,0.9166789593608021,3.3422138886441676e-16
tight_kappa_4_operator_gain_direction,4.0,True,1.145,0.9096225509542617,0.08736719665916012,0.9138086299967947,1.1443916996305594e-16
tight_kappa_4_operator_gain_direction,4.0,True,1.1500000000000001,0.9068200792362247,0.08649787852753234,0.9109360784905582,1.1188630228279524e-16
tight_kappa_4_operator_gain_direction,4.0,True,1.155,0.9040143284335338,0.08563721025583913,0.9080614724750389,2.237726045655905e-16
tight_kappa_4_operator_gain_direction,4.0,True,1.16,0.901205486605444,0.0847851057765361,0.9051849773661146,2.237726045655905e-16
tight_kappa_4_operator_gain_direction,4.0,True,1.165,0.8983937391647695,0.08394147987846518,0.9023067563831286,1.1443916996305594e-16
tight_kappa_4_operator_gain_direction,4.0,True,1.17,0.8955792689080841,0.0831062481983336,0.8994269705693406,4.163336342344337e-17
tight_kappa_4_operator_gain_direction,4.0,True,1.175,0.8927622560455988,0.08227932721227725,0.8965457788122881,1.1857187100668868e-16
tight_kappa_4_operator_gain_direction,4.0,True,1.18,0.8899428782307253,0.08146063422750852,0.8936633378640614,1.1443916996305594e-16
tight_kappa_4_operator_gain_direction,4.0,True,1.185,0.887121310589325,0.08065008737404657,0.8907798023614831,2.2591401799415137e-16
tight_kappa_4_operator_gain_direction,4.0,True,1.19,0.8842977257486492,0.0798476055965307,0.8878953248461962,4.163336342344337e-17
tight_kappa_4_operator_gain_direction,4.0,True,1.195,0.8814722938659706,0.07905310864611434,0.8850100557846506,1.1443916996305594e-16
tight_kappa_4_operator_gain_direction,4.0,True,1.2,0.8786451826569132,0.07826651707244044,0.8821241435879935,1.1857187100668868e-16
tight_kappa_4_operator_gain_direction,4.0,True,1.205,0.8758165574234794,0.07748775221569607,0.8792377346318548,1.1443916996305594e-16
tight_kappa_4_operator_gain_direction,4.0,True,1.21,0.8729865810817821,0.07671673619874662,0.8763509732760311,1.1857187100668868e-16
tight_kappa_4_operator_gain_direction,4.0,True,1.215,0.8701554141894795,0.07595339191934786,0.8734640018840609,2.2591401799415137e-16
tight_kappa_4_operator_gain_direction,4.0,True,1.22,0.8673232149729214,0.07519764304243577,0.8705769608426943,2.2591401799415137e-16
tight_kappa_4_operator_gain_direction,4.0,True,1.225,0.8644901393540043,0.0744494139924928,0.8676899885812509,1.1857187100668868e-16
tight_kappa_4_operator_gain_direction,4.0,True,1.23,0.8616563409767439,0.07370862994599049,0.8648032215908691,5.551115123125783e-17
tight_kappa_4_operator_gain_direction,4.0,True,1.235,0.8588219712335617,0.07297521682390681,0.8619167944436382,1.2412670766236366e-16
tight_kappa_4_operator_gain_direction,4.0,True,1.24,0.8559871792912953,0.07224910128431845,0.8590308398116216,1.2412670766236366e-16
tight_kappa_4_operator_gain_direction,4.0,True,1.245,0.8531521121169292,0.07153021071506627,0.8561454884857591,1.1857187100668868e-16
tight_kappa_4_operator_gain_direction,4.0,True,1.25,0.850316914503054,0.07081847322649433,0.853260869394657,5.551115123125783e-17
tight_kappa_4_operator_gain_direction,4.0,True,1.2550000000000001,0.8474817290930522,0.07011381764426061,0.8503771096232554,4.163336342344337e-17
tight_kappa_4_operator_gain_direction,4.0,True,1.26,0.8446466964060177,0.06941617350221971,0.8474943344313812,5.551115123125783e-17
tight_kappa_4_operator_gain_direction,4.0,True,1.2650000000000001,0.8418119548614085,0.068725471035376,0.8446126672721765,1.3092278833360675e-16
tight_kappa_4_operator_gain_direction,4.0,True,1.27,0.8389776408034368,0.0680416411729073,0.8417322298104091,1.2412670766236366e-16
tight_kappa_4_operator_gain_direction,4.0,True,1.2750000000000001,0.8361438885251992,0.0673646155312574,0.8388531419406586,5.551115123125783e-17
tight_kappa_4_operator_gain_direction,4.0,True,1.28,0.8333108302925494,0.06669432640729804,0.8359755218053824,1.1857187100668868e-16
tight_kappa_4_operator_gain_direction,4.0,True,1.285,0.8304785963677159,0.06603070677155819,0.8330994858128549,2.2591401799415137e-16
tight_kappa_4_operator_gain_direction,4.0,True,1.29,0.8276473150326675,0.06537369026152125,0.8302251486549856,2.7755575615628914e-17
tight_kappa_4_operator_gain_direction,4.0,True,1.295,0.8248171126122298,0.06472321117498872,0.8273526233250112,1.1857187100668868e-16
tight_kappa_4_operator_gain_direction,4.0,True,1.3,0.8219881134969532,0.06407920446350987,0.8244820211350616,1.1857187100668868e-16
tight_kappa_4_operator_gain_direction,4.0,True,1.305,0.8191604401657389,0.0634416057258769,0.8216134517336025,4.163336342344337e-17
tight_kappa_4_operator_gain_direction,4.0,True,1.31,0.8163342132082195,0.06281035120168468,0.8187470231227482,4.163336342344337e-17
tight_kappa_4_operator_gain_direction,4.0,True,1.315,0.8135095513469047,0.062185377764954794,0.815882841675453,2.237726045655905e-16
tight_kappa_4_operator_gain_direction,4.0,True,1.32,0.8106865714590841,0.06156662291782269,0.8130210121525704,1.1631705747361534e-16
tight_kappa_4_operator_gain_direction,4.0,True,1.325,0.8078653885985017,0.06095402478428808,0.8101616377197897,4.163336342344337e-17
tight_kappa_4_operator_gain_direction,4.0,True,1.33,0.8050461160167932,0.060347522104027065,0.807304819964442,4.85722573273506e-17
tight_kappa_4_operator_gain_direction,4.0,True,1.335,0.8022288651846969,0.05974705422626625,0.8044506589121815,4.85722573273506e-17
tight_kappa_4_operator_gain_direction,4.0,True,1.34,0.7994137458130348,0.059152561103717416,0.801599253043537,1.2118257228641695e-16
tight_kappa_4_operator_gain_direction,4.0,True,1.345,0.7966008658734709,0.05856398328657295,0.7987506993103377,1.1857187100668868e-16
tight_kappa_4_operator_gain_direction,4.0,True,1.35,0.7937903316190442,0.05798126191656059,0.7959050931520095,4.163336342344337e-17
tight_kappa_4_operator_gain_direction,4.0,True,1.355,0.7909822476044844,0.057404338721057796,0.793062528511746,4.163336342344337e-17
tight_kappa_4_operator_gain_direction,4.0,True,1.36,0.7881767167063062,0.05683315600726419,0.7902230978525487,3.469446951953614e-17
tight_kappa_4_operator_gain_direction,4.0,True,1.365,0.7853738401426902,0.056267656656432456,0.7873868921731438,1.1631705747361534e-16
tight_kappa_4_operator_gain_direction,4.0,True,1.37,0.7825737174931485,0.0557077841181562,0.7845540010237673,2.2473876566261383e-16
tight_kappa_4_operator_gain_direction,4.0,True,1.375,0.7797764467179805,0.05515348240471511,0.7817245125218262,2.237726045655905e-16
tight_kappa_4_operator_gain_direction,4.0,True,1.3800000000000001,0.7769821241775171,0.05460469608547584,0.7788985133674308,2.2473876566261383e-16
tight_kappa_4_operator_gain_direction,4.0,True,1.385,0.7741908446511602,0.05406137028134922,0.7760760888588013,2.2591401799415137e-16
tight_kappa_4_operator_gain_direction,4.0,True,1.3900000000000001,0.7714027013562151,0.053523450659301995,0.7732573229075459,1.1631705747361534e-16
tight_kappa_4_operator_gain_direction,4.0,True,1.395,0.7686177859665222,0.05299088342692375,0.7704422980538156,1.1857187100668868e-16
tight_kappa_4_operator_gain_direction,4.0,True,1.4000000000000001,0.7658361886308853,0.052463615327047394,0.7676310954813291,2.2591401799415137e-16
tight_kappa_4_operator_gain_direction,4.0,True,1.405,0.7630579979913041,0.05194159363242359,0.764823795032276,1.1857187100668868e-16
tight_kappa_4_operator_gain_direction,4.0,True,1.41,0.7602833012010076,0.05142476614044784,0.7620204752220913,1.1631705747361534e-16
tight_kappa_4_operator_gain_direction,4.0,True,1.415,0.757512183942294,0.05091308116794021,0.7592212132541063,1.1631705747361534e-16
tight_kappa_4_operator_gain_direction,4.0,True,1.42,0.7547447304441787,0.05040648754597712,0.7564260850340757,2.2473876566261383e-16
tight_kappa_4_operator_gain_direction,4.0,True,1.425,0.7519810234998493,0.049904934614774146,0.7536351651845777,1.1443916996305594e-16
tight_kappa_4_operator_gain_direction,4.0,True,1.43,0.7492211444839354,0.04940837221862025,0.7508485270592943,1.1443916996305594e-16
tight_kappa_4_operator_gain_direction,4.0,True,1.435,0.7464651733695881,0.04891675070086198,0.7480662427571635,1.1443916996305594e-16
tight_kappa_4_operator_gain_direction,4.0,True,1.44,0.743713188745378,0.048430020898937914,0.7452883831364135,2.2473876566261383e-16
tight_kappa_4_operator_gain_direction,4.0,True,1.445,0.7409652678320074,0.0479481341394622,0.7425150178284707,2.2473876566261383e-16
tight_kappa_4_operator_gain_direction,4.0,True,1.45,0.7382214864988444,0.04747104223335737,0.7397462152517474,1.1631705747361534e-16
tight_kappa_4_operator_gain_direction,4.0,True,1.455,0.7354819192802754,0.046998697471035196,0.7369820426253081,1.1631705747361534e-16
tight_kappa_4_operator_gain_direction,4.0,True,1.46,0.7327466393918821,0.04653105261762585,0.7342225659824146,1.1443916996305594e-16
tight_kappa_4_operator_gain_direction,4.0,True,1.465,0.7300157187464421,0.04606806090825425,0.7314678501839511,2.2473876566261383e-16
tight_kappa_4_operator_gain_direction,4.0,True,1.47,0.7272892279697568,0.045609676043363676,0.7287179589317293,3.3486903561235222e-16
tight_kappa_4_operator_gain_direction,4.0,True,1.475,0.7245672364163066,0.04515585218408561,0.7259729547816743,1.1631705747361534e-16
tight_kappa_4_operator_gain_direction,4.0,True,1.48,0.7218498121847371,0.044706543947655976,0.7232328991568926,1.1631705747361534e-16
tight_kappa_4_operator_gain_direction,4.0,True,1.485,0.7191370221331758,0.04426170640287666,0.7204978523606204,2.2473876566261383e-16
tight_kappa_4_operator_gain_direction,4.0,True,1.49,0.7164289318943837,0.04382129506562254,0.7177678735890566,3.3486903561235222e-16
tight_kappa_4_operator_gain_direction,4.0,True,1.495,0.7137256058907413,0.043385265894392816,0.7150430209440779,2.2591401799415137e-16
tight_kappa_4_operator_gain_direction,4.0,True,1.5,0.7110271073490717,0.04295357528590706,0.7123233514458378,3.356589068483857e-16
tight_kappa_4_operator_gain_direction,4.0,True,1.5050000000000001,0.7083334983153022,0.04252618007074466,0.7096089210452499,2.2473876566261383e-16
tight_kappa_4_operator_gain_direction,4.0,True,1.51,0.7056448396689673,0.04210303750902794,0.7068997846363579,3.3486903561235222e-16
tight_kappa_4_operator_gain_direction,4.0,True,1.5150000000000001,0.7029611911375511,0.04168410528614809,0.7041959960685883,3.3486903561235222e-16
tight_kappa_4_operator_gain_direction,4.0,True,1.52,0.7002826113106768,0.041269341508533744,0.7014976081588934,3.3486903561235222e-16
tight_kappa_4_operator_gain_direction,4.0,True,1.5250000000000001,0.6976091576541387,0.04085870469946146,0.6988046727037782,3.356589068483857e-16
tight_kappa_4_operator_gain_direction,4.0,True,1.53,0.694940886523782,0.04045215379490818,0.6961172404912171,2.2473876566261383e-16
tight_kappa_4_operator_gain_direction,4.0,True,1.5350000000000001,0.6922778531792314,0.04004964813944461,0.6934353613124578,3.3486903561235222e-16
tight_kappa_4_operator_gain_direction,4.0,True,1.54,0.6896201117974691,0.03965114748216982,0.6907590839737154,4.454424009010536e-16
tight_kappa_4_operator_gain_direction,4.0,True,1.545,0.6869677154862645,0.039256611972685984,0.6880884563077564,3.3486903561235222e-16
tight_kappa_4_operator_gain_direction,4.0,True,1.55,0.6843207162974574,0.038866002157113354,0.6854235251853718,4.449557262054371e-16
tight_kappa_4_operator_gain_direction,4.0,True,1.555,0.6816791652400958,0.03847927897414489,0.6827643365267432,2.2473876566261383e-16
tight_kappa_4_operator_gain_direction,4.0,True,1.56,0.6790431122934287,0.03809640375114,0.6801109353127003,2.237726045655905e-16
tight_kappa_4_operator_gain_direction,4.0,True,1.565,0.6764126064197591,0.03771733820025734,0.6774633655958708,3.3486903561235222e-16
tight_kappa_4_operator_gain_direction,4.0,True,1.57,0.6737876955771525,0.03734204441462592,0.6748216705117237,2.237726045655905e-16
tight_kappa_4_operator_gain_direction,4.0,True,1.575,0.6711684267320099,0.03697048486455445,0.6721858922895078,3.3486903561235222e-16
tight_kappa_4_operator_gain_direction,4.0,True,1.58,0.6685548458714997,0.036602622393778254,0.6695560722630826,4.460365043975677e-16
tight_kappa_4_operator_gain_direction,4.0,True,1.585,0.6659469980158552,0.03623842021574374,0.6669322508816486,3.3486903561235222e-16
tight_kappa_4_operator_gain_direction,4.0,True,1.59,0.6633449272305356,0.03587784190992958,0.66431446772037,3.3486903561235222e-16
tight_kappa_4_operator_gain_direction,4.0,True,1.595,0.6607486766382544,0.03552085141820472,0.6617027614908968,3.3486903561235222e-16
tight_kappa_4_operator_gain_direction,4.0,True,1.6,0.6581582884308746,0.03516741304122248,0.659097170051784,3.3486903561235222e-16
tight_kappa_4_operator_gain_direction,4.0,True,1.605,0.6555738038811739,0.03481749143485065,0.6564977304188094,3.3422138886441676e-16
tight_kappa_4_operator_gain_direction,4.0,True,1.61,0.6529952633544791,0.03447105160663696,0.65390447877519,2.237726045655905e-16
tight_kappa_4_operator_gain_direction,4.0,True,1.615,0.6504227063201741,0.034128058912309925,0.6513174504816999,3.337167946540778e-16
tight_kappa_4_operator_gain_direction,4.0,True,1.62,0.647856171363079,0.033788479052314246,0.6487366800866865,4.445768331151997e-16
tight_kappa_4_operator_gain_direction,4.0,True,1.625,0.6452956961947055,0.03345227806838097,0.6461622013359911,3.3422138886441676e-16
tight_kappa_4_operator_gain_direction,4.0,True,1.6300000000000001,0.6427413176643867,0.03311942234013151,0.6435940471827688,3.3422138886441676e-16
tight_kappa_4_operator_gain_direction,4.0,True,1.635,0.6401930717702852,0.03278987858171569,0.6410322497972135,3.3422138886441676e-16
tight_kappa_4_operator_gain_direction,4.0,True,1.6400000000000001,0.6376509936702779,0.03246361383848302,0.6384768405761848,2.237726045655905e-16
tight_kappa_4_operator_gain_direction,4.0,True,1.645,0.6351151176927229,0.03214059548368732,0.6359278501527411,3.337167946540778e-16
tight_kappa_4_operator_gain_direction,4.0,True,1.6500000000000001,0.6325854773471041,0.03182079121522388,0.6333853084055758,3.337167946540778e-16
tight_kappa_4_operator_gain_direction,4.0,True,1.655,0.6300621053345616,0.031504169052399396,0.6308492444683613,4.449557262054371e-16
tight_kappa_4_operator_gain_direction,4.0,True,1.6600000000000001,0.6275450335583014,0.031190697332733698,0.6283196867389974,3.3422138886441676e-16
tight_kappa_4_operator_gain_direction,4.0,True,1.665,0.6250342931338938,0.030880344708793625,0.6257966628887695,2.2336880404788363e-16
tight_kappa_4_operator_gain_direction,4.0,True,1.67,0.6225299143994544,0.030573080145058135,0.6232801998714127,2.2336880404788363e-16
tight_kappa_4_operator_gain_direction,4.0,True,1.675,0.6200319269257136,0.030268872914814792,0.6207703239320858,2.2336880404788363e-16
tight_kappa_4_operator_gain_direction,4.0,True,1.68,0.6175403595259744,0.029967692597087085,0.6182670606162545,2.2336880404788363e-16
tight_kappa_4_operator_gain_direction,4.0,True,1.685,0.6150552402659584,0.029669509073592237,0.6157704347784844,2.2336880404788363e-16
tight_kappa_4_operator_gain_direction,4.0,True,1.69,0.6125765964735438,0.029374292525729432,0.6132804705911464,3.3395116535531564e-16
tight_kappa_4_operator_gain_direction,4.0,True,1.695,0.6101044547483931,0.029082013431597848,0.6107971915530307,4.445768331151997e-16
tight_kappa_4_operator_gain_direction,4.0,True,1.7,0.6076388409714765,0.028792642563044528,0.6083206204978774,2.2301825219878386e-16
tight_kappa_4_operator_gain_direction,4.0,True,1.705,0.6051797803144856,0.028506150982741448,0.605850779602816,1.1295700899707568e-16
tight_kappa_4_operator_gain_direction,4.0,True,1.71,0.6027272972491458,0.028222510041291858,0.6033876903967225,2.237726045655905e-16
tight_kappa_4_operator_gain_direction,4.0,True,1.715,0.6002814155564211,0.027941691374365224,0.600931373768487,3.3422138886441676e-16
tight_kappa_4_operator_gain_direction,4.0,True,1.72,0.5978421583356197,0.027663666899860856,0.5984818499752007,3.3395116535531564e-16
tight_kappa_4_operator_gain_direction,4.0,True,1.725,0.595409548013395,0.0273884088150996,0.5960391386502554,2.237726045655905e-16
tight_kappa_4_operator_gain_direction,4.0,True,1.73,0.592983606352648,0.02711588959404361,0.5936032588113618,2.237726045655905e-16
tight_kappa_4_operator_gain_direction,4.0,True,1.735,0.5905643544613287,0.026846081984543666,0.591174228868484,2.237726045655905e-16
tight_kappa_4_operator_gain_direction,4.0,True,1.74,0.5881518128011399,0.026578959005614,0.5887520666316928,2.2336880404788363e-16
tight_kappa_4_operator_gain_direction,4.0,True,1.745,0.585746001196143,0.02631449394473409,0.5863367893189368,3.3395116535531564e-16
tight_kappa_4_operator_gain_direction,4.0,True,1.75,0.583346938841267,0.02605266035517748,0.5839284135637339,3.3395116535531564e-16
tight_kappa_4_operator_gain_direction,4.0,True,1.7550000000000001,0.5809546443107232,0.025793432053367,0.5815269554227823,2.2336880404788363e-16
tight_kappa_4_operator_gain_direction,4.0,True,1.76,0.5785691355663246,0.025536783116256463,0.5791324303834925,3.3395116535531564e-16
tight_kappa_4_operator_gain_direction,4.0,True,1.7650000000000001,0.5761904299657113,0.025282687878738268,0.576744853371441,3.3395116535531564e-16
tight_kappa_4_operator_gain_direction,4.0,True,1.77,0.573818544270485,0.025031120931076935,0.5743642387577457,3.3395116535531564e-16
tight_kappa_4_operator_gain_direction,4.0,True,1.7750000000000001,0.5714534946542498,0.024782057116368033,0.5719906003663641,3.3395116535531564e-16
tight_kappa_4_operator_gain_direction,4.0,True,1.78,0.5690952967105651,0.024535471528022563,0.569623951481316,3.3395116535531564e-16
tight_kappa_4_operator_gain_direction,4.0,True,1.7850000000000001,0.5667439654608065,0.024291339507276178,0.5672643048538288,3.3422138886441676e-16
tight_kappa_4_operator_gain_direction,4.0,True,1.79,0.5643995153619397,0.024049636640723383,0.5649116727094097,3.3395116535531564e-16
tight_kappa_4_operator_gain_direction,4.0,True,1.795,0.5620619603142051,0.023810338757876096,0.5625660667548407,2.2301825219878386e-16
tight_kappa_4_operator_gain_direction,4.0,True,1.8,0.5597313136687173,0.023573421928746594,0.5602274981851022,2.2301825219878386e-16
tight_kappa_4_operator_gain_direction,4.0,True,1.805,0.5574075882349783,0.023338862461454564,0.5578959776902229,2.2301825219878386e-16
tight_kappa_4_operator_gain_direction,4.0,True,1.81,0.5550907962883042,0.023106636899857785,0.5555715154620559,3.337167946540778e-16
tight_kappa_4_operator_gain_direction,4.0,True,1.815,0.5527809495771698,0.022876722021206598,0.553254121200984,4.444278938805073e-16
tight_kappa_4_operator_gain_direction,4.0,True,1.82,0.5504780593304691,0.02264909483382152,0.5509438041225538,3.335183523443879e-16
tight_kappa_4_operator_gain_direction,4.0,True,1.825,0.5481821362646937,0.02242373257479414,0.5486405729640391,2.227212004505268e-16
tight_kappa_4_operator_gain_direction,4.0,True,1.83,0.5458931905910293,0.02220061270771074,0.5463444359909339,3.335183523443879e-16
tight_kappa_4_operator_gain_direction,4.0,True,1.835,0.543611232022372,0.02197971292039869,0.5440554010033761,2.227212004505268e-16
tight_kappa_4_operator_gain_direction,4.0,True,1.84,0.5413362697802655,0.02176101112269516,0.5417734753425038,3.335183523443879e-16
tight_kappa_4_operator_gain_direction,4.0,True,1.845,0.5390683126017579,0.021544485444238145,0.5394986658967412,2.2247786310271853e-16
tight_kappa_4_operator_gain_direction,4.0,True,1.85,0.5368073687461818,0.02133011423227934,0.5372309791080195,2.227212004505268e-16
tight_kappa_4_operator_gain_direction,4.0,True,1.855,0.5345534460018567,0.021117876049518928,0.5349704209779292,2.227212004505268e-16
tight_kappa_4_operator_gain_direction,4.0,True,1.86,0.5323065516927143,0.02090774967196175,0.5327169970738064,2.2247786310271853e-16
tight_kappa_4_operator_gain_direction,4.0,True,1.865,0.5300666926848502,0.020699714086794958,0.5304707125347548,2.2247786310271853e-16
tight_kappa_4_operator_gain_direction,4.0,True,1.87,0.527833875392998,0.020493748490286658,0.5282315720776012,3.3335590258932494e-16
tight_kappa_4_operator_gain_direction,4.0,True,1.875,0.5256081057869317,0.020289832285705574,0.5259995800027872,2.2228841655759984e-16
tight_kappa_4_operator_gain_direction,4.0,True,1.8800000000000001,0.5233893893977938,0.0200879450812613,0.5237747402001963,2.2247786310271853e-16
tight_kappa_4_operator_gain_direction,4.0,True,1.885,0.5211777313243514,0.01988806668806517,0.5215570561549203,3.3335590258932494e-16
tight_kappa_4_operator_gain_direction,4.0,True,1.8900000000000001,0.5189731362391798,0.019690177118111288,0.5193465309529591,2.2228841655759984e-16
tight_kappa_4_operator_gain_direction,4.0,True,1.895,0.5167756083947768,0.01949425658227776,0.5171431672868619,2.2228841655759984e-16
tight_kappa_4_operator_gain_direction,4.0,True,1.9000000000000001,0.5145851516296045,0.019300285488347713,0.5149469674613054,2.2247786310271853e-16
tight_kappa_4_operator_gain_direction,4.0,True,1.905,0.5124017693740642,0.019108244439050143,0.5127579333986108,3.331391796911832e-16
tight_kappa_4_operator_gain_direction,4.0,True,1.9100000000000001,0.5102254646564006,0.01891811423012005,0.5105760666442012,1.1150912609939193e-16
tight_kappa_4_operator_gain_direction,4.0,True,1.915,0.5080562401085394,0.01872987584837813,0.5084013683719996,1.1150912609939193e-16
tight_kappa_4_operator_gain_direction,4.0,True,1.92,0.5058940979718568,0.01854351046982933,0.506233839389766,2.2228841655759984e-16
tight_kappa_4_operator_gain_direction,4.0,True,1.925,0.5037390401028823,0.018358999457780485,0.5040734801443774,2.2215299868541707e-16
tight_kappa_4_operator_gain_direction,4.0,True,1.93,0.5015910679789375,0.018176324360976638,0.5019202907270501,2.2215299868541707e-16
tight_kappa_4_operator_gain_direction,4.0,True,1.935,0.49945018270370717,0.01799546691175587,0.4997742708785023,1.1123893155135927e-16
tight_kappa_4_operator_gain_direction,4.0,True,1.94,0.49731638501274805,0.017816409024222556,0.4976354199940618,2.2228841655759984e-16
tight_kappa_4_operator_gain_direction,4.0,True,1.945,0.4951896752789323,0.017639132792438714,0.49550373712871604,2.2228841655759984e-16
tight_kappa_4_operator_gain_direction,4.0,True,1.95,0.4930700535178295,0.017463620488633452,0.49337922100210735,1.668583973270389e-16
tight_kappa_4_operator_gain_direction,4.0,True,1.955,0.4909575193930248,0.01728985456143011,0.4912618700034715,1.6667795129466247e-16
tight_kappa_4_operator_gain_direction,4.0,True,1.96,0.4888520722213762,0.01711781763409118,0.4891516821965224,1.6667795129466247e-16
tight_kappa_4_operator_gain_direction,4.0,True,1.965,0.48675371097821063,0.016947492502780548,0.487048655324282,2.2215299868541707e-16
tight_kappa_4_operator_gain_direction,4.0,True,1.97,0.4846624343024594,0.016778862134843156,0.4849527868138566,1.6667795129466247e-16
tight_kappa_4_operator_gain_direction,4.0,True,1.975,0.482578240501734,0.016611909667101674,0.4828640737811598,2.776424787817943e-16
tight_kappa_4_operator_gain_direction,4.0,True,1.98,0.48050112755734287,0.01644661840417021,0.4807825130355827,1.668583973270389e-16
tight_kappa_4_operator_gain_direction,4.0,True,1.985,0.47843109312924964,0.016282971816784723,0.4787081010846118,1.6667795129466247e-16
tight_kappa_4_operator_gain_direction,4.0,True,1.99,0.47636813456097354,0.01612095354015011,0.47664083413839553,1.6667795129466247e-16
tight_kappa_4_operator_gain_direction,4.0,True,1.995,0.4743122488844321,0.015960547372303676,0.47458070811425845,1.1107649934270853e-16
tight_kappa_4_operator_gain_direction,4.0,True,2.0,0.47226343282472805,0.015801737272494978,0.4725277186411665,1.665695898455916e-16
tight_kappa_4_operator_gain_direction,4.0,True,2.005,0.4702216828048793,0.01564450735958169,0.4704818610641398,2.7757743935277205e-16
tight_kappa_4_operator_gain_direction,4.0,True,2.0100000000000002,0.4681869949504941,0.015488841910441475,0.4684431304486177,2.776045409667003e-16
tight_kappa_4_operator_gain_direction,4.0,True,2.015,0.4661593650943917,0.015334725358399732,0.4664115215847738,2.7757743935277205e-16
tight_kappa_4_operator_gain_direction,4.0,True,2.02,0.46413878878116704,0.01518214229167281,0.46438702899178114,2.2210558292432945e-16
tight_kappa_4_operator_gain_direction,4.0,True,2.025,0.46212526127170406,0.015031077451826882,0.4623696469220309,2.776045409667003e-16
tight_kappa_4_operator_gain_direction,4.0,True,2.0300000000000002,0.4601187775476338,0.014881515732252062,0.46035936936530164,2.2210558292432945e-16
tight_kappa_4_operator_gain_direction,4.0,True,2.035,0.4581193323157425,0.014733442176651786,0.4583561900528828,2.7757743935277205e-16
tight_kappa_4_operator_gain_direction,4.0,True,2.04,0.4561269200123242,0.014586841977547085,0.4563601024616494,2.2215299868541707e-16
tight_kappa_4_operator_gain_direction,4.0,True,2.045,0.4541415348074856,0.01444170047479588,0.4543710998180918,2.2210558292432945e-16
tight_kappa_4_operator_gain_direction,4.0,True,2.05,0.4521631706093975,0.014298003154126946,0.452389175102299,2.776045409667003e-16
tight_kappa_4_operator_gain_direction,4.0,True,2.055,0.450191821068497,0.014155735645688453,0.45041432105189577,2.776045409667003e-16
tight_kappa_4_operator_gain_direction,4.0,True,2.06,0.4482274795816403,0.014014883722611027,0.44844653016593633,1.1114420827879992e-16
tight_kappa_4_operator_gain_direction,4.0,True,2.065,0.44627013929620496,0.013875433299584973,0.44648579470875155,2.2210558292432945e-16
tight_kappa_4_operator_gain_direction,4.0,True,2.07,0.4443197931141445,0.013737370431451774,0.44453210671375254,1.6667795129466247e-16
tight_kappa_4_operator_gain_direction,4.0,True,2.075,0.44237643369599455,0.013600681311809557,0.44258545798719157,2.776424787817943e-16
tight_kappa_4_operator_gain_direction,4.0,True,2.08,0.4404400534648318,0.013465352271632472,0.44064584011187835,2.2215299868541707e-16
tight_kappa_4_operator_gain_direction,4.0,True,2.085,0.4385106446101844,0.013331369777903715,0.43871324445085386,2.776045409667003e-16
tight_kappa_4_operator_gain_direction,4.0,True,2.09,0.4365881990918973,0.013198720432262258,0.4367876621510218,1.6667795129466247e-16
tight_kappa_4_operator_gain_direction,4.0,True,2.095,0.4346727086439505,0.013067390969662987,0.434869084146738,2.2215299868541707e-16
tight_kappa_4_operator_gain_direction,4.0,True,2.1,0.4327641647782326,0.012937368257050223,0.43295750116335874,2.2215299868541707e-16
tight_kappa_4_operator_gain_direction,4.0,True,2.105,0.43086255878826735,0.01280863929204434,0.43105290372074617,1.666147490140628e-16
tight_kappa_4_operator_gain_direction,4.0,True,2.11,0.4289678817528979,0.012681191201641562,0.4291552821367352,1.6667795129466247e-16
tight_kappa_4_operator_gain_direction,4.0,True,2.115,0.42708012453992483,0.012555011240926634,0.42726462653055836,2.2210558292432945e-16
tight_kappa_4_operator_gain_direction,4.0,True,2.12,0.4251992778097024,0.012430086791798352,0.42538092682623196,1.666147490140628e-16
tight_kappa_4_operator_gain_direction,4.0,True,2.125,0.42332533201868927,0.012306405361707691,0.4235041727559012,1.1123893155135927e-16
tight_kappa_4_operator_gain_direction,4.0,True,2.13,0.4214582774229587,0.012183954582408573,0.42163435386314746,1.666147490140628e-16
tight_kappa_4_operator_gain_direction,4.0,True,2.1350000000000002,0.4195981040816648,0.012062722208721014,0.41977145950625605,1.1114420827879992e-16
tight_kappa_4_operator_gain_direction,4.0,True,2.14,0.4177448018604684,0.01194269611730664,0.41791547886144675,5.575456304969596e-17
tight_kappa_4_operator_gain_direction,4.0,True,2.145,0.4158983604349199,0.011823864305456275,0.4160664009260642,1.6667795129466247e-16
tight_kappa_4_operator_gain_direction,4.0,True,2.15,0.41405876929380225,0.01170621488988971,0.4142242145217327,5.575456304969596e-17
tight_kappa_4_operator_gain_direction,4.0,True,2.1550000000000002,0.4122260177424334,0.011589736105567336,0.41238890829747316,1.666147490140628e-16
tight_kappa_4_operator_gain_direction,4.0,True,2.16,0.41040009490592866,0.011474416304513674,0.4105604707327832,1.1114420827879992e-16
tight_kappa_4_operator_gain_direction,4.0,True,2.165,0.4085809897324225,0.011360243954652509,0.4087388901406804,1.1114420827879992e-16
tight_kappa_4_operator_gain_direction,4.0,True,2.17,0.40676869099625274,0.01124720763865371,0.40692415467071,1.1114420827879992e-16
tight_kappa_4_operator_gain_direction,4.0,True,2.1750000000000003,0.40496318730110425,0.01113529605279147,0.4051162523119167,5.575456304969596e-17
tight_kappa_4_operator_gain_direction,4.0,True,2.18,0.40316446708311665,0.011024498005813966,0.4033151708957817,5.561946577567963e-17
tight_kappa_4_operator_gain_direction,4.0,True,2.185,0.40137251861395085,0.010914802417824155,0.40152089809912317,1.1107649934270853e-16
tight_kappa_4_operator_gain_direction,4.0,True,2.19,0.39958733000382096,0.010806198319171824,0.39973342144696355,5.561946577567963e-17
tight_kappa_4_operator_gain_direction,4.0,True,2.195,0.39780888920448787,0.010698674849356606,0.3979527283153626,5.561946577567963e-17
tight_kappa_4_operator_gain_direction,4.0,True,2.2,0.39603718401221566,0.010592221255941905,0.396178805934215,1.1107649934270853e-16
tight_kappa_4_operator_gain_direction,4.0,True,2.205,0.3942722020706932,0.010486826893479689,0.39441164139001694,1.1114420827879992e-16
tight_kappa_4_operator_gain_direction,4.0,True,2.21,0.3925139308739181,0.010382481222445873,0.3926512216285968,1.1114420827879992e-16
tight_kappa_4_operator_gain_direction,4.0,True,2.215,0.39076235776904616,0.010279173808186399,0.39089753345781414,5.575456304969596e-17
tight_kappa_4_operator_gain_direction,4.0,True,2.22,0.38901746995920555,0.010176894319873741,0.38915056355022704,1.1107649934270853e-16
tight_kappa_4_operator_gain_direction,4.0,True,2.225,0.3872792545062766,0.010075632529473851,0.38741029844572583,1.665695898455916e-16
tight_kappa_4_operator_gain_direction,4.0,True,2.23,0.3855476983336357,0.009975378310723298,0.38567672455413515,5.561946577567963e-17
tight_kappa_4_operator_gain_direction,4.0,True,2.235,0.3838227882288675,0.00987612163811666,0.38394982815778544,5.561946577567963e-17
tight_kappa_4_operator_gain_direction,4.0,True,2.24,0.3821045108464412,0.009777852585903954,0.3822295954140518,1.1107649934270853e-16
tight_kappa_4_operator_gain_direction,4.0,True,2.245,0.3803928527103558,0.009680561327098085,0.38051601235786403,5.561946577567963e-17
tight_kappa_4_operator_gain_direction,4.0,True,2.25,0.37868780021675036,0.009584238132492085,0.37880906490418326,1.1114420827879992e-16
tight_kappa_4_operator_gain_direction,4.0,True,2.255,0.37698933963648307,0.009488873369686228,0.3771087388504509,1.1114420827879992e-16
tight_kappa_4_operator_gain_direction,4.0,True,2.2600000000000002,0.37529745711767765,0.009394457502124752,0.37541501987900583,5.561946577567963e-17
tight_kappa_4_operator_gain_direction,4.0,True,2.265,0.37361213868823867,0.009300981088142238,0.37372789355947417,1.1107649934270853e-16
tight_kappa_4_operator_gain_direction,4.0,True,2.27,0.3719333702583338,0.009208434780019382,0.3720473453511269,5.553824967135427e-17
tight_kappa_4_operator_gain_direction,4.0,True,2.275,0.3702611376228464,0.009116809323048248,0.37037336060521037,1.734723475976807e-18
tight_kappa_4_operator_gain_direction,4.0,True,2.2800000000000002,0.3685954264637969,0.009026095554606777,0.36870592456724804,5.561946577567963e-17
tight_kappa_4_operator_gain_direction,4.0,True,2.285,0.3669362223527338,0.008936284403242544,0.36704502237931325,5.561946577567963e-17
tight_kappa_4_operator_gain_direction,4.0,True,2.29,0.36528351075309384,0.008847366887765567,0.3653906390822736,1.1114420827879992e-16
tight_kappa_4_operator_gain_direction,4.0,True,2.295,0.3636372770225334,0.008759334116350196,0.36374275961800884,3.469446951953614e-18
tight_kappa_4_operator_gain_direction,4.0,True,2.3000000000000003,0.36199750641522993,0.008672177285645922,0.36210136883159955,3.469446951953614e-18
tight_kappa_4_operator_gain_direction,4.0,True,2.305,0.36036418408415477,0.00858588767989706,0.36046645147349066,5.561946577567963e-17
tight_kappa_4_operator_gain_direction,4.0,True,2.31,0.3587372950833157,0.008500456670071117,0.35883799220162527,5.553824967135427e-17
tight_kappa_4_operator_gain_direction,4.0,True,2.315,0.3571168243699729,0.008415875712995916,0.35721597558355456,5.561946577567963e-17
tight_kappa_4_operator_gain_direction,4.0,True,2.32,0.35550275680682564,0.00833213635050527,0.35560038609851985,1.1103585416259206e-16
tight_kappa_4_operator_gain_direction,4.0,True,2.325,0.35389507716417096,0.008249230208593136,0.3539912081395086,1.1107649934270853e-16
tight_kappa_4_operator_gain_direction,4.0,True,2.33,0.35229377012203605,0.008167148996576251,0.35238842601528536,1.1107649934270853e-16
tight_kappa_4_operator_gain_direction,4.0,True,2.335,0.3506988202722815,0.008085884506265004,0.3507920239523964,5.561946577567963e-17
tight_kappa_4_operator_gain_direction,4.0,True,2.34,0.349110212120679,0.008005428611142644,0.3492019860971492,5.553824967135427e-17
tight_kappa_4_operator_gain_direction,4.0,True,2.345,0.34752793008896177,0.007925773265552601,0.34761829651756715,1.1103585416259206e-16
tight_kappa_4_operator_gain_direction,4.0,True,2.35,0.3459519585168495,0.007846910503893956,0.3460409392053202,5.553824967135427e-17
tight_kappa_4_operator_gain_direction,4.0,True,2.355,0.3443822816640457,0.0077688324398248135,0.3444698980776291,5.553824967135427e-17
tight_kappa_4_operator_gain_direction,4.0,True,2.36,0.3428188837122105,0.007691531265473702,0.3429051569791476,1.1105279146216472e-16
tight_kappa_4_operator_gain_direction,4.0,True,2.365,0.3412617487669073,0.007614999250658761,0.3413466996838189,5.557210413939996e-17
tight_kappa_4_operator_gain_direction,4.0,True,2.37,0.33971086085952534,0.0075392287421147475,0.3397945098967105,5.557210413939996e-17
tight_kappa_4_operator_gain_direction,4.0,True,2.375,0.33816620394917535,0.0074642121627276565,0.33824857125582286,5.553824967135427e-17
tight_kappa_4_operator_gain_direction,4.0,True,2.38,0.3366277619245624,0.007389942010777036,0.33670886733387717,5.553824967135427e-17
tight_kappa_4_operator_gain_direction,4.0,True,2.3850000000000002,0.3350955186058332,0.007316410859185793,0.33517538164007915,5.551792708129603e-17
tight_kappa_4_operator_gain_direction,4.0,True,2.39,0.3335694577464006,0.007243611354777504,0.33364809762186093,1.1102569054260746e-16
tight_kappa_4_operator_gain_direction,4.0,True,2.395,0.33204956303474226,0.0071715362175410555,0.33212699866659856,8.673617379884035e-19
tight_kappa_4_operator_gain_direction,4.0,True,2.4,0.3305358180961777,0.007100178239902661,0.3306120681033103,5.551792708129603e-17
tight_kappa_4_operator_gain_direction,4.0,True,2.4050000000000002,0.3290282064946207,0.007029530286005085,0.3291032892043297,5.551792708129603e-17
tight_kappa_4_operator_gain_direction,4.0,True,2.41,0.32752671173430997,0.006959585290994078,0.3276006451869599,1.1102569054260746e-16
tight_kappa_4_operator_gain_direction,4.0,True,2.415,0.32603131726151513,0.006890336260311843,0.32610411921510424,2.6020852139652106e-18
tight_kappa_4_operator_gain_direction,4.0,True,2.42,0.3245420064662223,0.006821776268997606,0.3246136944008766,5.553824967135427e-17
tight_kappa_4_operator_gain_direction,4.0,True,2.4250000000000003,0.3230587626837953,0.006753898460995096,0.32312935380619046,5.551115123125783e-17
tight_kappa_4_operator_gain_direction,4.0,True,2.43,0.3215815691966173,0.006686696048466958,0.32165108044432766,1.1102569054260746e-16
tight_kappa_4_operator_gain_direction,4.0,True,2.435,0.3201104092357077,0.006620162311115932,0.3201788572814854,1.1102569054260746e-16
tight_kappa_4_operator_gain_direction,4.0,True,2.44,0.31864526598231996,0.006554290595512838,0.31871266723830394,5.551792708129603e-17
tight_kappa_4_operator_gain_direction,4.0,True,2.445,0.31718612256951706,0.0064890743144312224,0.31725249319137416,1.1103585416259206e-16
tight_kappa_4_operator_gain_direction,4.0,True,2.45,0.3157329620837256,0.006424506946188624,0.3157983179747241,5.553824967135427e-17
tight_kappa_4_operator_gain_direction,4.0,True,2.455,0.3142857675662703,0.006360582033994424,0.3143501243812874,5.553824967135427e-17
tight_kappa_4_operator_gain_direction,4.0,True,2.46,0.31284452201488616,0.006297293185304126,0.3129078951643507,8.673617379884035e-19
tight_kappa_4_operator_gain_direction,4.0,True,2.465,0.31140920838521163,0.00623463407118012,0.3114716130389826,5.553824967135427e-17
tight_kappa_4_operator_gain_direction,4.0,True,2.47,0.3099798095922613,0.006172598425658773,0.31004126068344356,8.673617379884035e-19
tight_kappa_4_operator_gain_direction,4.0,True,2.475,0.3085563085118785,0.0061111800451238455,0.30861682074057706,8.673617379884035e-19
tight_kappa_4_operator_gain_direction,4.0,True,2.48,0.30713868798216815,0.006050372787686099,0.307198275819181,8.673617379884035e-19
tight_kappa_4_operator_gain_direction,4.0,True,2.485,0.3057269308049103,0.005990170572569113,0.3057856084953621,8.673617379884035e-19
tight_kappa_4_operator_gain_direction,4.0,True,2.49,0.30432101974695475,0.005930567379501205,0.30437880131387146,5.553824967135427e-17
tight_kappa_4_operator_gain_direction,4.0,True,2.495,0.30292093754159605,0.005871557248113409,0.30297783678942164,5.551792708129603e-17
tight_kappa_4_operator_gain_direction,4.0,True,2.5,0.3015266668899299,0.005813134277343404,0.30158269740798654,1.734723475976807e-18
tight_kappa_4_operator_gain_direction,4.0,True,2.505,0.30013819046219126,0.005755292624845428,0.30019336562808346,1.1103585416259206e-16
tight_kappa_4_operator_gain_direction,4.0,True,2.5100000000000002,0.2987554908990734,0.005698026506406027,0.2988098238820371,5.551115123125783e-17
tight_kappa_4_operator_gain_direction,4.0,True,2.515,0.29737855081303005,0.00564133019536564,0.2974320545772279,0.0
tight_kappa_4_operator_gain_direction,4.0,True,2.52,0.2960073527895577,0.005585198022045915,0.2960600400973207,1.1102569054260746e-16
tight_kappa_4_operator_gain_direction,4.0,True,2.525,0.29464187938846165,0.005529624373182741,0.29469376280347925,8.673617379884035e-19
tight_kappa_4_operator_gain_direction,4.0,True,2.5300000000000002,0.2932821131451041,0.0054746036913649165,0.29333320503556215,8.673617379884035e-19
tight_kappa_4_operator_gain_direction,4.0,True,2.535,0.2919280365716348,0.005420130474478419,0.29197834911330345,5.551792708129603e-17
tight_kappa_4_operator_gain_direction,4.0,True,2.54,0.2905796321582041,0.005366199275156159,0.2906291773374757,1.734723475976807e-18
tight_kappa_4_operator_gain_direction,4.0,True,2.545,0.28923688237415973,0.005312804700233262,0.28928567199103783,1.734723475976807e-18
tight_kappa_4_operator_gain_direction,4.0,True,2.5500000000000003,0.28789976966922637,0.0052599414102077365,0.28794781534026687,8.673617379884035e-19
tight_kappa_4_operator_gain_direction,4.0,True,2.555,0.28656827647466926,0.005207604118706535,0.28661558963587386,8.673617379884035e-19
tight_kappa_4_operator_gain_direction,4.0,True,2.56,0.28524238520443995,0.005155787591956889,0.2852889771141035,5.551792708129603e-17
tight_kappa_4_operator_gain_direction,4.0,True,2.565,0.2839220782563077,0.005104486648262942,0.2839679599978195,5.557210413939996e-17
tight_kappa_4_operator_gain_direction,4.0,True,2.57,0.2826073380129735,0.005053696157487575,0.2826525204975736,1.734723475976807e-18
tight_kappa_4_operator_gain_direction,4.0,True,2.575,0.28129814684316845,0.00500341104053938,0.28134264081265986,1.1102569054260746e-16
tight_kappa_4_operator_gain_direction,4.0,True,2.58,0.2799944871027377,0.004953626268864766,0.280038303132155,5.551792708129603e-17
tight_kappa_4_operator_gain_direction,4.0,True,2.585,0.27869634113570685,0.004904336863945074,0.27873948963594186,1.734723475976807e-18
tight_kappa_4_operator_gain_direction,4.0,True,2.59,0.2774036912753345,0.004855537896798738,0.27744618249571995,5.553824967135427e-17
tight_kappa_4_operator_gain_direction,4.0,True,2.595,0.2761165198451494,0.004807224487488372,0.27615836387600123,1.734723475976807e-18
tight_kappa_4_operator_gain_direction,4.0,True,2.6,0.27483480915997277,0.004759391804632793,0.2748760159350915,5.557210413939996e-17
tight_kappa_4_operator_gain_direction,4.0,True,2.605,0.2735585415269248,0.004712035064923851,0.273599120826057,1.734723475976807e-18
tight_kappa_4_operator_gain_direction,4.0,True,2.61,0.2722876992464183,0.00466514953264811,0.27232766069767855,5.553824967135427e-17
tight_kappa_4_operator_gain_direction,4.0,True,2.615,0.27102226461313605,0.004618730519213268,0.27106161769539017,5.553824967135427e-17
tight_kappa_4_operator_gain_direction,4.0,True,2.62,0.2697622199169957,0.0045727733826793045,0.26980097396220587,5.553824967135427e-17
tight_kappa_4_operator_gain_direction,4.0,True,2.625,0.26850754744409866,0.004527273527294267,0.268545711639631,1.734723475976807e-18
tight_kappa_4_operator_gain_direction,4.0,True,2.63,0.2672582294776664,0.004482226403034699,0.2672958128685615,5.557210413939996e-17
tight_kappa_4_operator_gain_direction,4.0,True,2.6350000000000002,0.26601424829896286,0.004437627505150633,0.26605125979017036,5.557210413939996e-17
tight_kappa_4_operator_gain_direction,4.0,True,2.64,0.2647755861882026,0.00439347237371512,0.2648120345467798,5.553824967135427e-17
tight_kappa_4_operator_gain_direction,4.0,True,2.645,0.2635422254254457,0.004349756593178218,0.26357811928272107,1.1105279146216472e-16
tight_kappa_4_operator_gain_direction,4.0,True,2.65,0.26231414829147964,0.004306475791925443,0.2623494961451819,1.1105279146216472e-16
tight_kappa_4_operator_gain_direction,4.0,True,2.6550000000000002,0.26109133706868765,0.004263625641840599,0.2611261472850408,1.1105279146216472e-16
tight_kappa_4_operator_gain_direction,4.0,True,2.66,0.2598737740419045,0.004221201857872977,0.2599080548576895,1.1103585416259206e-16
tight_kappa_4_operator_gain_direction,4.0,True,2.665,0.25866144149925885,0.00417920019760882,0.2586952010238423,5.557210413939996e-17
tight_kappa_4_operator_gain_direction,4.0,True,2.67,0.25745432173300337,0.004137616460847104,0.257487567950334,5.557210413939996e-17
tight_kappa_4_operator_gain_direction,4.0,True,2.6750000000000003,0.25625239704033176,0.004096446489179493,0.25628513781090495,1.1105279146216472e-16
tight_kappa_4_operator_gain_direction,4.0,True,2.68,0.2550556497241846,0.00405568616557452,0.25508789278697563,1.1107649934270853e-16
tight_kappa_4_operator_gain_direction,4.0,True,2.685,0.253864062094041,0.004015331413965855,0.2538958150684077,5.561946577567963e-17
tight_kappa_4_operator_gain_direction,4.0,True,2.69,0.2526776164666996,0.003975378198844707,0.25270888685425447,1.6658991298631904e-16
tight_kappa_4_operator_gain_direction,4.0,True,2.695,0.2514962951670475,0.003935822524856271,0.25152709035350024,1.6658991298631904e-16
tight_kappa_4_operator_gain_direction,4.0,True,2.7,0.2503200805288163,0.0038966604364001787,0.2503504077857867,1.665695898455916e-16
tight_kappa_4_operator_gain_direction,4.0,True,2.705,0.24914895489532793,0.003857888017234958,0.24917882138213046,1.1110697347012682e-16
tight_kappa_4_operator_gain_direction,4.0,True,2.71,0.24798290062022732,0.0038195013900863784,0.2480123133856269,1.3883275496315347e-16
tight_kappa_4_operator_gain_direction,4.0,True,2.715,0.24682190006820498,0.003781496716259736,0.24685086605214504,1.6660176700686016e-16
tight_kappa_4_operator_gain_direction,4.0,True,2.72,0.2456659356157075,0.0037438701952559744,0.24569446165101047,1.3883275496315347e-16
tight_kappa_4_operator_gain_direction,4.0,True,2.725,0.24451498965163737,0.0037066180643916436,0.24454308246567844,1.9432823087955202e-16
tight_kappa_4_operator_gain_direction,4.0,True,2.73,0.2433690445780412,0.0036697365984226103,0.24339671079439512,1.3883275496315347e-16
tight_kappa_4_operator_gain_direction,4.0,True,2.735,0.24222808281078745,0.0036332221091715435,0.24225532895084945,1.3885984666023607e-16
tight_kappa_4_operator_gain_direction,4.0,True,2.74,0.24109208678023333,0.003597070945159086,0.24111891926481438,1.3883275496315347e-16
tight_kappa_4_operator_gain_direction,4.0,True,2.745,0.23996103893188125,0.0035612794912387165,0.23998746408277777,1.3884562417838567e-16
tight_kappa_4_operator_gain_direction,4.0,True,2.75,0.23883492172702406,0.0035258441682352137,0.23886094576856298,1.3883275496315347e-16
tight_kappa_4_operator_gain_direction,4.0,True,2.755,0.2377137176433806,0.003490761432586748,0.23773934670393984,1.6658991298631904e-16
tight_kappa_4_operator_gain_direction,4.0,True,2.7600000000000002,0.2365974091757206,0.0034560277759905153,0.23662264928922544,1.1110697347012682e-16
tight_kappa_4_operator_gain_direction,4.0,True,2.765,0.23548597883647998,0.003421639725051917,0.23551083594387573,1.3884562417838567e-16
tight_kappa_4_operator_gain_direction,4.0,True,2.77,0.23437940915636502,0.0033875938409372005,0.23440388910706647,1.1110697347012682e-16
tight_kappa_4_operator_gain_direction,4.0,True,2.775,0.23327768268494764,0.003353886719029582,0.23330179123826547,1.3883275496315347e-16
tight_kappa_4_operator_gain_direction,4.0,True,2.7800000000000002,0.23218078199125056,0.0033205149885887782,0.2322045248177952,1.110908909445998e-16
tight_kappa_4_operator_gain_direction,4.0,True,2.785,0.2310886896643229,0.003287475312413941,0.23111207234738618,1.3883275496315347e-16
tight_kappa_4_operator_gain_direction,4.0,True,2.79,0.2300013883138056,0.0032547643865099172,0.23002441635072066,1.3883275496315347e-16
tight_kappa_4_operator_gain_direction,4.0,True,2.795,0.22891886057048827,0.0032223789397568575,0.22894153937396777,1.1107649934270853e-16
tight_kappa_4_operator_gain_direction,4.0,True,2.8000000000000003,0.22784108908685605,0.003190315733583095,0.22786342398630943,1.6657918719324708e-16
tight_kappa_4_operator_gain_direction,4.0,True,2.805,0.22676805653762802,0.0031585715616412988,0.22679005278045788,1.110908909445998e-16
tight_kappa_4_operator_gain_direction,4.0,True,2.81,0.2256997456202852,0.003127143249487819,0.2257214083731631,1.6656112113841766e-16
tight_kappa_4_operator_gain_direction,4.0,True,2.815,0.22463613905559088,0.003096027654265249,0.22465747340571318,1.665695898455916e-16
tight_kappa_4_operator_gain_direction,4.0,True,2.82,0.2235772195881014,0.0030652216643881373,0.22359823054442526,1.3881107779850572e-16
tight_kappa_4_operator_gain_direction,4.0,True,2.825,0.22252296998666798,0.003034722199231822,0.2225436624811276,1.1104347626709818e-16
tight_kappa_4_operator_gain_direction,4.0,True,2.83,0.22147337304493075,0.0030045262088243757,0.22149375193363485,1.3879481770324008e-16
tight_kappa_4_operator_gain_direction,4.0,True,2.835,0.2204284115818029,0.002974630673541592,0.22044848164621292,1.3879481770324008e-16
tight_kappa_4_operator_gain_direction,4.0,True,2.84,0.21938806844194744,0.0029450326038050296,0.21940783439003742,1.6654757031124616e-16
tight_kappa_4_operator_gain_direction,4.0,True,2.845,0.21835232649624503,0.0029157290397830472,0.21837179296364315,1.3879481770324008e-16
tight_kappa_4_operator_gain_direction,4.0,True,2.85,0.21732116864225404,0.0028867170510948285,0.2173403401933661,1.1103585416259206e-16
tight_kappa_4_operator_gain_direction,4.0,True,2.855,0.21629457780466155,0.002857993736517324,0.21631345893377685,1.110299254973338e-16
tight_kappa_4_operator_gain_direction,4.0,True,2.86,0.2152725369357273,0.002829556223695141,0.21529113206810707,1.1103585416259206e-16
tight_kappa_4_operator_gain_direction,4.0,True,2.865,0.21425502901571897,0.002801401668853296,0.21427334250866772,1.6654757031124616e-16
tight_kappa_4_operator_gain_direction,4.0,True,2.87,0.2132420370533402,0.0027735272565128483,0.2132600731972601,1.3878871967638603e-16
tight_kappa_4_operator_gain_direction,4.0,True,2.875,0.21223354408614986,0.0027459301992093323,0.21225130710557863,1.110299254973338e-16
tight_kappa_4_operator_gain_direction,4.0,True,2.88,0.21122953318097468,0.00271860773721402,0.2112470272356071,8.32847949227958e-17
tight_kappa_4_operator_gain_direction,4.0,True,2.8850000000000002,0.21022998743431365,0.0026915571382579405,0.2102472166200071,1.3878871967638603e-16
tight_kappa_4_operator_gain_direction,4.0,True,2.89,0.20923488997273543,0.0026647756972586613,0.20925185832249948,1.3878397658136742e-16
tight_kappa_4_operator_gain_direction,4.0,True,2.895,0.20824422395326755,0.0026382607360497614,0.20826093543823823,1.110299254973338e-16
tight_kappa_4_operator_gain_direction,4.0,True,2.9,0.2072579725637792,0.0026120096031130246,0.20727443109417767,8.32847949227958e-17
tight_kappa_4_operator_gain_direction,4.0,True,2.9050000000000002,0.20627611902335602,0.0025860196733132786,0.2062923284494324,1.1103585416259206e-16
tight_kappa_4_operator_gain_direction,4.0,True,2.91,0.20529864658266872,0.00256028834763589,0.2053146106956311,1.3878397658136742e-16
tight_kappa_4_operator_gain_direction,4.0,True,2.915,0.2043255385243334,0.002534813052926846,0.20434126105726214,1.3878397658136742e-16
tight_kappa_4_operator_gain_direction,4.0,True,2.92,0.20335677816326603,0.002509591241635445,0.2033722627920137,1.1103585416259206e-16
tight_kappa_4_operator_gain_direction,4.0,True,2.9250000000000003,0.2023923488470291,0.002484620391559539,0.20240759919110665,1.110299254973338e-16
tight_kappa_4_operator_gain_direction,4.0,True,2.93,0.20143223395617282,0.002459898005593315,0.20144725357962134,1.3878397658136742e-16
tight_kappa_4_operator_gain_direction,4.0,True,2.935,0.2004764169045678,0.0024354216114775722,0.200491209316817,1.3878397658136742e-16
tight_kappa_4_operator_gain_direction,4.0,True,2.94,0.19952488113973277,0.002411188761552502,0.19953944979644583,1.3878397658136742e-16
tight_kappa_4_operator_gain_direction,4.0,True,2.945,0.19857761014315467,0.0023871970325129175,0.1985919584470599,1.110299254973338e-16
tight_kappa_4_operator_gain_direction,4.0,True,2.95,0.1976345874306029,0.00236344402516592,0.19764871873231232,8.327689062194405e-17
tight_kappa_4_operator_gain_direction,4.0,True,2.955,0.19669579655243707,0.0023399273641909837,0.19670971415125235,1.110299254973338e-16
tight_kappa_4_operator_gain_direction,4.0,True,2.96,0.19576122109390812,0.002316644697902413,0.1957749282386136,1.110299254973338e-16
tight_kappa_4_operator_gain_direction,4.0,True,2.965,0.19483084467545353,0.002293593698014176,0.19484434456509706,8.327689062194405e-17
tight_kappa_4_operator_gain_direction,4.0,True,2.97,0.19390465095298626,0.0022707720594070725,0.19391794673764784,8.329495649315952e-17
tight_kappa_4_operator_gain_direction,4.0,True,2.975,0.19298262361817808,0.002248177499898229,0.19299571839972626,5.553824967135427e-17
tight_kappa_4_operator_gain_direction,4.0,True,2.98,0.192064746398736,0.002225807760012862,0.19207764323157264,1.1103585416259206e-16
tight_kappa_4_operator_gain_direction,4.0,True,2.985,0.1911510030586736,0.0022036606027583425,0.19116370495046697,8.32847949227958e-17
tight_kappa_4_operator_gain_direction,4.0,True,2.99,0.19024137739857608,0.002181733813400487,0.19025388731098242,8.32847949227958e-17
tight_kappa_4_operator_gain_direction,4.0,True,2.995,0.18933585325586005,0.002160025199242091,0.1893481741052338,8.32847949227958e-17
tight_kappa_4_operator_gain_direction,4.0,True,3.0,0.1884344145050268,0.002138532589403646,0.18844654916311998,1.1104347626709818e-16
tight_kappa_4_operator_gain_direction,4.0,True,3.005,0.18753704505791072,0.002117253834606258,0.18754899635256114,8.32847949227958e-17
tight_kappa_4_operator_gain_direction,4.0,True,3.0100000000000002,0.18664372886392172,0.002096186806956713,0.18665549957973052,1.1103585416259206e-16
tight_kappa_4_operator_gain_direction,4.0,True,3.015,0.18575444991028275,0.0020753293997346936,0.18576604278928147,1.1103585416259206e-16
tight_kappa_4_operator_gain_direction,4.0,True,3.02,0.18486919222226092,0.0020546795271820946,0.18488060996456787,1.3878871967638603e-16
tight_kappa_4_operator_gain_direction,4.0,True,3.025,0.18398793986339423,0.0020342351242944525,0.18399918512786106,1.1103585416259206e-16
tight_kappa_4_operator_gain_direction,4.0,True,3.0300000000000002,0.18311067693571242,0.0020139941466144396,0.18312175234056016,1.1103585416259206e-16
tight_kappa_4_operator_gain_direction,4.0,True,3.035,0.1822373875799534,0.001993954570027424,0.1822482957033988,1.3878397658136742e-16
tight_kappa_4_operator_gain_direction,4.0,True,3.04,0.18136805597577327,0.0019741143905590455,0.18137879935664541,1.110299254973338e-16
tight_kappa_4_operator_gain_direction,4.0,True,3.045,0.1805026663419525,0.0019544716241748235,0.18051324748029973,1.110299254973338e-16
tight_kappa_4_operator_gain_direction,4.0,True,3.0500000000000003,0.17964120293659638,0.001935024306581749,0.17965162429428372,8.32847949227958e-17
tight_kappa_4_operator_gain_direction,4.0,True,3.055,0.17878365005733113,0.0019157704930318601,0.1787939140586284,1.1103945355491882e-16
tight_kappa_4_operator_gain_direction,4.0,True,3.06,0.1779299920414943,0.001896708258127755,0.17794010107365532,8.329495649315952e-17
tight_kappa_4_operator_gain_direction,4.0,True,3.065,0.17708021326632098,0.0018778356956300586,0.17709016968015334,8.32847949227958e-17
tight_kappa_4_operator_gain_direction,4.0,True,3.0700000000000003,0.17623429814912522,0.0018591509182667916,0.17624410425955148,1.1103945355491882e-16
tight_kappa_4_operator_gain_direction,4.0,True,3.075,0.17539223114747685,0.0018406520575446504,0.1754018892340869,5.55454454722999e-17
tight_kappa_4_operator_gain_direction,4.0,True,3.08,0.17455399675937283,0.0018223372635621455,0.1745635090669677,5.555348673506341e-17
tight_kappa_4_operator_gain_direction,4.0,True,3.085,0.17371957952340525,0.0018042047048246164,0.17372894826253232,8.328959359662354e-17
tight_kappa_4_operator_gain_direction,4.0,True,3.09,0.17288896401892406,0.0017862525680610788,0.1728981913664042,8.328959359662354e-17
tight_kappa_4_operator_gain_direction,4.0,True,3.095,0.17206213486619545,0.0017684790580428944,0.17207122296564167,5.553824967135427e-17
tight_kappa_4_operator_gain_direction,4.0,True,3.1,0.1712390767265562,0.0017508823974042532,0.17124802768888447,5.553824967135427e-17
tight_kappa_4_operator_gain_direction,4.0,True,3.105,0.17041977430256305,0.001733460826464426,0.17042859020649503,1.1103945355491882e-16
tight_kappa_4_operator_gain_direction,4.0,True,3.11,0.1696042123381385,0.0017162126030518007,0.16961289523069653,1.1103945355491882e-16
tight_kappa_4_operator_gain_direction,4.0,True,3.115,0.1687923756187118,0.0016991360023296612,0.16880092751570622,8.32847949227958e-17
tight_kappa_4_operator_gain_direction,4.0,True,3.12,0.1679842489713564,0.0016822293166237074,0.16799267185786515,1.1103585416259206e-16
tight_kappa_4_operator_gain_direction,4.0,True,3.125,0.16717981726492248,0.0016654908552512786,0.16718811309576348,1.3878871967638603e-16
tight_kappa_4_operator_gain_direction,4.0,True,3.13,0.16637906541016623,0.0016489189443522885,0.16638723611036219,1.3878617875278493e-16
tight_kappa_4_operator_gain_direction,4.0,True,3.1350000000000002,0.16558197835987457,0.0016325119267218359,0.1655900258251108,1.1103267813128674e-16
tight_kappa_4_operator_gain_direction,4.0,True,3.14,0.16478854110898639,0.0016162681616444879,0.1647964672060613,1.3878617875278493e-16
tight_kappa_4_operator_gain_direction,4.0,True,3.145,0.16399873869470932,0.0016001860247301992,0.16400654526197816,1.665385358139112e-16
tight_kappa_4_operator_gain_direction,4.0,True,3.15,0.16321255619663322,0.0015842639077518763,0.16322024504444466,1.665385358139112e-16
tight_kappa_4_operator_gain_direction,4.0,True,3.1550000000000002,0.16242997873683948,0.0015685002184845514,0.16243755164796567,1.1102759629222426e-16
tight_kappa_4_operator_gain_direction,4.0,True,3.16,0.161650991480007,0.001552893380546164,0.16165845021006678,1.3878397658136742e-16
tight_kappa_4_operator_gain_direction,4.0,True,3.165,0.16087557963351387,0.0015374418332399138,0.16088292591138956,1.3878211317825933e-16
tight_kappa_4_operator_gain_direction,4.0,True,3.17,0.16010372844753606,0.001522144031398193,0.16011096397578364,8.327378515562308e-17
tight_kappa_4_operator_gain_direction,4.0,True,3.1750000000000003,0.15933542321514194,0.0015069984452280685,0.15934254967039505,8.327689062194405e-17
tight_kappa_4_operator_gain_direction,4.0,True,3.18,0.15857064927238407,0.0014920035601583043,0.15857766830575157,8.327378515562308e-17
tight_kappa_4_operator_gain_direction,4.0,True,3.185,0.15780939199838628,0.0014771578766878963,0.15781630523584375,1.110299254973338e-16
tight_kappa_4_operator_gain_direction,4.0,True,3.19,0.15705163681542858,0.001462459910236126,0.15705844585820378,8.327689062194405e-17
tight_kappa_4_operator_gain_direction,4.0,True,3.1950000000000003,0.1562973691890277,0.0014479081909940987,0.15630407561398,8.328056056920883e-17
tight_kappa_4_operator_gain_direction,4.0,True,3.2,0.15554657462801508,0.0014335012637777663,0.15555317998800897,8.328056056920883e-17
tight_kappa_4_operator_gain_direction,4.0,True,3.205,0.1547992386846107,0.0014192376878824002,0.15480574450888374,1.1103267813128674e-16
tight_kappa_4_operator_gain_direction,4.0,True,3.21,0.1540553469544944,0.0014051160369385242,0.15406175474901912,1.1103267813128674e-16
tight_kappa_4_operator_gain_direction,4.0,True,3.215,0.15331488507687363,0.001391134898769276,0.15332119632471417,1.110299254973338e-16
tight_kappa_4_operator_gain_direction,4.0,True,3.22,0.15257783873454792,0.0013772928752491867,0.15258405489621096,8.327689062194405e-17
tight_kappa_4_operator_gain_direction,4.0,True,3.225,0.15184419365397075,0.0013635885821643714,0.15185031616775113,1.1102759629222426e-16
tight_kappa_4_operator_gain_direction,4.0,True,3.23,0.15111393560530764,0.0013500206490740998,0.15111996588762847,1.110299254973338e-16
tight_kappa_4_operator_gain_direction,4.0,True,3.235,0.15038705040249162,0.0013365877191737568,0.15039298984823926,1.3878397658136742e-16
tight_kappa_4_operator_gain_direction,4.0,True,3.24,0.14966352390327567,0.0013232884491591566,0.14966937388612958,1.3878397658136742e-16
tight_kappa_4_operator_gain_direction,4.0,True,3.245,0.1489433420092823,0.0013101215090922178,0.1489491038820396,1.3878211317825933e-16
tight_kappa_4_operator_gain_direction,4.0,True,3.25,0.14822649066604976,0.0012970855822679599,0.14823216576094497,1.3878058855710652e-16
tight_kappa_4_operator_gain_direction,4.0,True,3.255,0.14751295586307595,0.0012841793650828367,0.14751854549209567,1.3878397658136742e-16
tight_kappa_4_operator_gain_direction,4.0,True,3.2600000000000002,0.146802723633859,0.0012714015669043738,0.14680822908905178,1.3878211317825933e-16
tight_kappa_4_operator_gain_direction,4.0,True,3.265,0.14609578005593574,0.0012587509099421072,0.14610120260971718,1.3878211317825933e-16
tight_kappa_4_operator_gain_direction,4.0,True,3.27,0.14539211125091644,0.0012462261291197976,0.1453974521563695,1.3878211317825933e-16
tight_kappa_4_operator_gain_direction,4.0,True,3.275,0.14469170338451773,0.001233825971948925,0.14469696387568853,1.1102759629222426e-16
tight_kappa_4_operator_gain_direction,4.0,True,3.2800000000000002,0.14399454266659228,0.0012215491984034382,0.14399972395878122,1.3878211317825933e-16
tight_kappa_4_operator_gain_direction,4.0,True,3.285,0.1433006153511564,0.0012093945807957536,0.14330571864120475,1.3878211317825933e-16
tight_kappa_4_operator_gain_direction,4.0,True,3.29,0.14260990773641427,0.0011973609036539808,0.14261493420298657,1.665385358139112e-16
tight_kappa_4_operator_gain_direction,4.0,True,3.295,0.1419224061647803,0.0011854469636003778,0.14192735696864217,1.665369829603233e-16
tight_kappa_4_operator_gain_direction,4.0,True,3.3000000000000003,0.14123809702289858,0.0011736515692310093,0.1412429733071903,1.3878211317825933e-16
tight_kappa_4_operator_gain_direction,4.0,True,3.305,0.1405569667416602,0.0011619735409966112,0.14056176963216616,1.3878211317825933e-16
tight_kappa_4_operator_gain_direction,4.0,True,3.31,0.13987900179621757,0.0011504117110846272,0.13988373240163146,1.665369829603233e-16
tight_kappa_4_operator_gain_direction,4.0,True,3.315,0.13920418870599682,0.0011389649233024314,0.1392088481181828,1.665369829603233e-16
tight_kappa_4_operator_gain_direction,4.0,True,3.3200000000000003,0.13853251403470765,0.0011276320329617056,0.13853710332895744,1.9429096537506409e-16
tight_kappa_4_operator_gain_direction,4.0,True,3.325,0.13786396439035087,0.0011164119067639732,0.13786848462563697,1.6653571243298153e-16
tight_kappa_4_operator_gain_direction,4.0,True,3.33,0.13719852642522345,0.0011053034226872636,0.13720297864444833,1.6653472423834763e-16
tight_kappa_4_operator_gain_direction,4.0,True,3.335,0.13653618683592153,0.001094305469873912,0.13654057206616307,1.6653571243298153e-16
tight_kappa_4_operator_gain_direction,4.0,True,3.34,0.13587693236334109,0.001083416948519472,0.1358812516160942,1.9429096537506409e-16
tight_kappa_4_operator_gain_direction,4.0,True,3.345,0.13522074979267637,0.0010726367697627334,0.13522500406409102,1.9429096537506409e-16
tight_kappa_4_operator_gain_direction,4.0,True,3.35,0.13456762595341637,0.0010619638555768392,0.13457181622453168,1.6653571243298153e-16
tight_kappa_4_operator_gain_direction,4.0,True,3.355,0.1339175477193386,0.0010513971386614755,0.1339216749563136,1.6653571243298153e-16
tight_kappa_4_operator_gain_direction,4.0,True,3.36,0.13327050200850143,0.001040935562336145,0.13327456716284214,1.942895133276265e-16
tight_kappa_4_operator_gain_direction,4.0,True,3.365,0.132626475783234,0.0010305780804344964,0.13263047979201698,1.6653472423834763e-16
tight_kappa_4_operator_gain_direction,4.0,True,3.37,0.13198545605012413,0.00102032365719971,0.13198939983621674,1.9429011834871097e-16
tight_kappa_4_operator_gain_direction,4.0,True,3.375,0.13134742986000408,0.0010101712671809163,0.13135131433228117,1.6653571243298153e-16
tight_kappa_4_operator_gain_direction,4.0,True,3.38,0.1307123843079346,0.0010001198951306528,0.130716210361492,1.9429011834871097e-16
tight_kappa_4_operator_gain_direction,4.0,True,3.3850000000000002,0.13008030653318678,0.0009901685359033376,0.13008407504955144,1.9429011834871097e-16
tight_kappa_4_operator_gain_direction,4.0,True,3.39,0.12945118371922232,0.0009803161943547566,0.12945489556655926,1.6653571243298153e-16
tight_kappa_4_operator_gain_direction,4.0,True,3.395,0.1288250030936713,0.0009705618852425442,0.12882865912698735,1.6653518304372834e-16
tight_kappa_4_operator_gain_direction,4.0,True,3.4,0.12820175192830863,0.0009609046331276602,0.1282053529896531,1.6653518304372834e-16
tight_kappa_4_operator_gain_direction,4.0,True,3.4050000000000002,0.12758141753902855,0.0009513434722768447,0.12758496445769063,1.6653518304372834e-16
tight_kappa_4_operator_gain_direction,4.0,True,3.41,0.1269639872858172,0.0009418774465660464,0.12696748087852064,1.6653518304372834e-16
tight_kappa_4_operator_gain_direction,4.0,True,3.415,0.12634944857272337,0.0009325056093848055,0.1263528896438178,1.6653518304372834e-16
tight_kappa_4_operator_gain_direction,4.0,True,3.42,0.12573778884782766,0.0009232270235415936,0.12574117818947733,2.2204555783505224e-16
tight_kappa_4_operator_gain_direction,4.0,True,3.4250000000000003,0.12512899560320978,0.0009140407611700934,0.12513233399557916,2.2204526666853527e-16
tight_kappa_4_operator_gain_direction,4.0,True,3.43,0.12452305637491447,0.0009049459036364142,0.12452634458635102,2.081675229768095e-16
tight_kappa_4_operator_gain_direction,4.0,True,3.435,0.12391995874291503,0.0008959415414472227,0.12392319753012934,1.804124143126259e-16
tight_kappa_4_operator_gain_direction,4.0,True,3.44,0.12331969033107608,0.0008870267741587964,0.12332288043931902,1.8041205595450652e-16
tight_kappa_4_operator_gain_direction,4.0,True,3.4450000000000003,0.12272223880711404,0.0008782007102869766,0.12272538097035134,1.9428978558734766e-16
tight_kappa_4_operator_gain_direction,4.0,True,3.45,0.12212759188255656,0.0008694624672180227,0.12213068682364067,1.8041205595450652e-16
tight_kappa_4_operator_gain_direction,4.0,True,3.455,0.1215357373126997,0.0008608111711203451,0.12153878574353898,1.8041205595450652e-16
tight_kappa_4_operator_gain_direction,4.0,True,3.46,0.12094666289656428,0.0008522459568571244,0.12094966551828962,1.8041205595450652e-16
tight_kappa_4_operator_gain_direction,4.0,True,3.465,0.12036035647685024,0.0008437659678997969,0.12036331397997918,1.6653433601742285e-16
tight_kappa_4_operator_gain_direction,4.0,True,3.47,0.1197768059398897,0.0008353703562423992,0.11977971900448792,1.8041205595450652e-16
tight_kappa_4_operator_gain_direction,4.0,True,3.475,0.11919599921559866,0.0008270582823167707,0.11919886851143909,1.8041205595450652e-16
tight_kappa_4_operator_gain_direction,4.0,True,3.48,0.11861792427742689,0.0008188289149085916,0.11862075046414632,1.8041205595450652e-16
tight_kappa_4_operator_gain_direction,4.0,True,3.485,0.11804256914230675,0.0008106814310742629,0.1180453528695601,1.9428978558734766e-16
tight_kappa_4_operator_gain_direction,4.0,True,3.49,0.11746992187060047,0.000802615016058611,0.1174726637782126,1.9428978558734766e-16
tight_kappa_4_operator_gain_direction,4.0,True,3.495,0.11689997056604624,0.0007946288632134139,0.11690267128416156,1.804124143126259e-16
tight_kappa_4_operator_gain_direction,4.0,True,3.5,0.11633270337570252,0.000786722173916731,0.11633536352493218,1.804124143126259e-16
tight_kappa_4_operator_gain_direction,4.0,True,3.505,0.1157681084898915,0.0007788941574930437,0.11577072868145845,1.804124143126259e-16
tight_kappa_4_operator_gain_direction,4.0,True,3.5100000000000002,0.11520617414214096,0.0007711440311341857,0.11520875497802266,1.804124143126259e-16
tight_kappa_4_operator_gain_direction,4.0,True,3.515,0.11464688860912518,0.000763471019821064,0.11464943068219424,1.8041205595450652e-16
tight_kappa_4_operator_gain_direction,4.0,True,3.52,0.11409024021060403,0.0007558743562461523,0.11409274410476662,1.804124143126259e-16
tight_kappa_4_operator_gain_direction,4.0,True,3.525,0.11353621730936135,0.0007483532807367626,0.1135386835996935,1.8041283782584927e-16
tight_kappa_4_operator_gain_direction,4.0,True,3.5300000000000002,0.11298480831114188,0.0007409070411790758,0.11298723756402378,1.804124143126259e-16
tight_kappa_4_operator_gain_direction,4.0,True,3.535,0.11243600166458717,0.0007335348929429321,0.11243839443783521,1.9429051161140558e-16
tight_kappa_4_operator_gain_direction,4.0,True,3.54,0.11188978586116992,0.0007262360988073639,0.11189214270416699,1.9429051161140558e-16
tight_kappa_4_operator_gain_direction,4.0,True,3.545,0.11134614943512768,0.0007190099288868751,0.11134847088895124,1.9429051161140558e-16
tight_kappa_4_operator_gain_direction,4.0,True,3.5500000000000003,0.11080508096339498,0.0007118556605584514,0.11080736756094328,1.8041283782584927e-16
tight_kappa_4_operator_gain_direction,4.0,True,3.555,0.11026656906553478,0.0007047725783892992,0.11026882133165114,1.804124143126259e-16
tight_kappa_4_operator_gain_direction,4.0,True,3.56,0.10973060240366833,0.0006977599740652984,0.10973282085526348,1.9429011834871097e-16
tight_kappa_4_operator_gain_direction,4.0,True,3.565,0.1091971696824044,0.0006908171463201727,0.10919935482857702,1.9428978558734766e-16
tight_kappa_4_operator_gain_direction,4.0,True,3.5700000000000003,0.10866625964876711,0.0006839434008653612,0.10866841199092245,1.9428978558734766e-16
tight_kappa_4_operator_gain_direction,4.0,True,3.575,0.10813786109212321,0.0006771380503205916,0.10813998112408994,1.8041205595450652e-16
tight_kappa_4_operator_gain_direction,4.0,True,3.58,0.10761196284410765,0.0006704004141451377,0.1076140510522529,1.6653433601742285e-16
tight_kappa_4_operator_gain_direction,4.0,True,3.585,0.10708855377854873,0.0006637298185697671,0.1070906106418914,1.665340183814476e-16
tight_kappa_4_operator_gain_direction,4.0,True,3.59,0.10656762281139207,0.0006571255965293635,0.10656964880171439,1.6653472423834763e-16
tight_kappa_4_operator_gain_direction,4.0,True,3.595,0.10604915890062357,0.0006505870875962188,0.10605115448258097,1.5265662842036458e-16
tight_kappa_4_operator_gain_direction,4.0,True,3.6,0.10553315104619165,0.000644113637913992,0.10553511667742094,1.6653433601742285e-16
tight_kappa_4_operator_gain_direction,4.0,True,3.605,0.10501958828992818,0.0006377046001323197,0.10502152442115402,1.6653433601742285e-16
tight_kappa_4_operator_gain_direction,4.0,True,3.61,0.10450845971546885,0.0006313593333420831,0.10451036679060874,1.804117627518794e-16
tight_kappa_4_operator_gain_direction,4.0,True,3.615,0.1039997544481725,0.0006250772030113145,0.10400163290444002,1.942895133276265e-16
tight_kappa_4_operator_gain_direction,4.0,True,3.62,0.1034934616550398,0.000618857580921747,0.10349531192304634,1.804117627518794e-16
tight_kappa_4_operator_gain_direction,4.0,True,3.625,0.10298957054463054,0.0006126998451059882,0.10299139304848548,1.804115347050622e-16
tight_kappa_4_operator_gain_direction,4.0,True,3.63,0.10248807036698072,0.0006066033797853248,0.10248986552439006,1.6653377133082578e-16
tight_kappa_4_operator_gain_direction,4.0,True,3.6350000000000002,0.10198895041351838,0.0006005675753081438,0.10199071863588187,1.665340183814476e-16
tight_kappa_4_operator_gain_direction,4.0,True,3.64,0.10149220001697898,0.0005945918280889688,0.10149394170948578,1.942895133276265e-16
tight_kappa_4_operator_gain_direction,4.0,True,3.645,0.10099780855131951,0.0005886755405480976,0.10099952411304239,1.804117627518794e-16
tight_kappa_4_operator_gain_direction,4.0,True,3.65,0.10050576543163237,0.0005828181210518458,0.10050745525562038,1.942895133276265e-16
tight_kappa_4_operator_gain_direction,4.0,True,3.6550000000000002,0.10001606011405802,0.000577018983853382,0.10001772458742798,1.9428930156980182e-16
tight_kappa_4_operator_gain_direction,4.0,True,3.66,0.09952868209569739,0.0005712775490341549,0.09953032159972369,1.804117627518794e-16
tight_kappa_4_operator_gain_direction,4.0,True,3.665,0.09904362091452298,0.0005655932424458973,0.09904523582472624,1.942895133276265e-16
tight_kappa_4_operator_gain_direction,4.0,True,3.67,0.09856086614928976,0.0005599654956532137,0.09856245683552402,1.804117627518794e-16
tight_kappa_4_operator_gain_direction,4.0,True,3.6750000000000003,0.09808040741944499,0.0005543937458767343,0.09808197424598358,1.804117627518794e-16
tight_kappa_4_operator_gain_direction,4.0,True,3.68,0.09760223438503787,0.0005488774359368395,0.09760377771065805,1.9428930156980182e-16
tight_kappa_4_operator_gain_direction,4.0,True,3.685,0.09712633674662781,0.0005434160141979378,0.09712785692469401,2.0816707122694593e-16
tight_kappa_4_operator_gain_direction,4.0,True,3.69,0.09665270424519264,0.0005380089345133038,0.0966542016237385,1.804115347050622e-16
tight_kappa_4_operator_gain_direction,4.0,True,3.6950000000000003,0.09618132666203591,0.0005326556561704632,0.09618280158384507,1.9428930156980182e-16
tight_kappa_4_operator_gain_direction,4.0,True,3.7,0.09571219381869382,0.0005273556438371213,0.09571364662137943,2.081669300549125e-16
tight_kappa_4_operator_gain_direction,4.0,True,3.705,0.09524529557684105,0.0005221083675076276,0.09524672659292412,2.2204471080412447e-16
tight_kappa_4_operator_gain_direction,4.0,True,3.71,0.09478062183819658,0.0005169133024499763,0.0947820313951831,2.081669300549125e-16
tight_kappa_4_operator_gain_direction,4.0,True,3.715,0.09431816254442846,0.0005117699291533325,0.0943195509648854,2.0816707122694593e-16
tight_kappa_4_operator_gain_direction,4.0,True,3.72,0.09385790767705827,0.0005066777332760801,0.09385927527868833,2.0816684535164652e-16
tight_kappa_4_operator_gain_direction,4.0,True,3.725,0.09339984725736515,0.0005016362055943885,0.09340119435308043,2.081669300549125e-16
tight_kappa_4_operator_gain_direction,4.0,True,3.73,0.09294397134628873,0.0004966448419512878,0.09294529824428333,1.9428930156980182e-16
tight_kappa_4_operator_gain_direction,4.0,True,3.735,0.09249027004433219,0.0004917031432062545,0.09249157704815358,2.359226169473429e-16
tight_kappa_4_operator_gain_direction,4.0,True,3.74,0.0920387334914644,0.00048681061518529535,0.09204002090008383,2.2204471080412447e-16
tight_kappa_4_operator_gain_direction,4.0,True,3.745,0.09158935186702177,0.00048196676863153197,0.09159061997490349,2.081669935823394e-16
tight_kappa_4_operator_gain_direction,4.0,True,3.75,0.09114211538960937,0.0004771711191562721,0.09114336448677889,2.220447703610922e-16
tight_kappa_4_operator_gain_direction,4.0,True,3.755,0.09069701431700178,0.00047242318719057177,0.09069824468911304,2.2204471080412447e-16
tight_kappa_4_operator_gain_direction,4.0,True,3.7600000000000002,0.09025403894604339,0.00046772249793727735,0.09025525087444493,2.498002746554144e-16
tight_kappa_4_operator_gain_direction,4.0,True,3.765,0.08981317961254842,0.00046306858132354715,0.08981437337434857,2.2204471080412447e-16
tight_kappa_4_operator_gain_direction,4.0,True,3.77,0.08937442669120005,0.0004584609719538411,0.08937560255933101,2.3592244878649004e-16
tight_kappa_4_operator_gain_direction,4.0,True,3.775,0.08893777059544959,0.00045389920906338245,0.08893892883873072,2.2204471080412447e-16
tight_kappa_4_operator_gain_direction,4.0,True,3.7800000000000002,0.088503201777415,0.00044938283647208036,0.08850434266061497,2.2204466448202742e-16
tight_kappa_4_operator_gain_direction,4.0,True,3.785,0.08807071072777917,0.00044491140253891283,0.08807183451167726,2.2204466448202742e-16
tight_kappa_4_operator_gain_direction,4.0,True,3.79,0.08764028797568742,0.0004404844601167599,0.08764139491713391,2.2204471080412447e-16
tight_kappa_4_operator_gain_direction,4.0,True,3.795,0.08721192408864513,0.0004361015665076903,0.08721301444062068,2.2204466448202742e-16
tight_kappa_4_operator_gain_direction,4.0,True,3.8000000000000003,0.08678560967241453,0.00043176228341869024,0.08678668368408873,2.3592244878649004e-16
tight_kappa_4_operator_gain_direction,4.0,True,3.805,0.08636133537091158,0.00042746617691783557,0.08636239328770058,2.2204466448202742e-16
tight_kappa_4_operator_gain_direction,4.0,True,3.81,0.08593909186610196,0.00042321281739089565,0.08594013392972527,2.3592244878649004e-16
tight_kappa_4_operator_gain_direction,4.0,True,3.815,0.08551886987789725,0.00041900177949837336,0.08551989632643356,2.081668806446782e-16
tight_kappa_4_operator_gain_direction,4.0,True,3.8200000000000003,0.08510066016405032,0.0004148326421329698,0.08510167123199262,2.2204466448202742e-16
tight_kappa_4_operator_gain_direction,4.0,True,3.825,0.08468445352005087,0.000410704988377475,0.08468544943836062,2.081668806446782e-16
tight_kappa_4_operator_gain_direction,4.0,True,3.83,0.08427024077902011,0.0004066184054630732,0.08427122177518068,2.081668806446782e-16
tight_kappa_4_operator_gain_direction,4.0,True,3.835,0.08385801281160556,0.0004025724847280675,0.08385897910967473,2.2204466448202742e-16
tight_kappa_4_operator_gain_direction,4.0,True,3.84,0.08344776052587545,0.0003985668215770128,0.08344871234653725,2.2204466448202742e-16
tight_kappa_4_operator_gain_direction,4.0,True,3.845,0.08303947486721269,0.0003946010154402556,0.08304041242782838,2.2204466448202742e-16
tight_kappa_4_operator_gain_direction,4.0,True,3.85,0.08263314681820887,0.00039067466973387804,0.08263407033286714,2.2204463139480933e-16
tight_kappa_4_operator_gain_direction,4.0,True,3.855,0.08222876739855751,0.0003867873918200371,0.08222967707812397,2.2204471080412447e-16
tight_kappa_4_operator_gain_direction,4.0,True,3.86,0.08182632766494763,0.0003829387929677022,0.08182722371711344,2.2204466448202742e-16
tight_kappa_4_operator_gain_direction,4.0,True,3.865,0.08142581871095654,0.00037912848831378037,0.08142670134028648,2.3592244878649004e-16
tight_kappa_4_operator_gain_direction,4.0,True,3.87,0.08102723166694292,0.0003753560968246318,0.08102810107492253,2.2204463139480933e-16
tight_kappa_4_operator_gain_direction,4.0,True,3.875,0.08063055769993911,0.0003716212412579634,0.08063141408502125,2.2204463139480933e-16
tight_kappa_4_operator_gain_direction,4.0,True,3.88,0.0802357880135436,0.0003679235481251062,0.08023663157119429,2.3592244878649004e-16
tight_kappa_4_operator_gain_direction,4.0,True,3.8850000000000002,0.07984291384781315,0.0003642626476536652,0.07984374477055663,2.3592241764557817e-16
tight_kappa_4_operator_gain_direction,4.0,True,3.89,0.0794519264791548,0.0003606381737505431,0.079452744956618,2.2204463139480933e-16
tight_kappa_4_operator_gain_direction,4.0,True,3.895,0.07906281722021744,0.0003570497639653289,0.07906362343917371,2.3592239896102913e-16
tight_kappa_4_operator_gain_direction,4.0,True,3.9,0.07867557741978344,0.00035349705945405364,0.07867637156419569,2.3592241764557817e-16
tight_kappa_4_operator_gain_direction,4.0,True,3.9050000000000002,0.0782901984626601,0.0003499797049433053,0.0782909807137232,2.3592241764557817e-16
tight_kappa_4_operator_gain_direction,4.0,True,3.91,0.07790667176957079,0.0003464973486947024,0.07790744230575337,2.498001864228334e-16
tight_kappa_4_operator_gain_direction,4.0,True,3.915,0.07752498879704596,0.0003430496424697177,0.0775257477941316,2.3592241764557817e-16
tight_kappa_4_operator_gain_direction,4.0,True,3.92,0.07714514103731403,0.0003396362414948556,0.07714588866844176,2.3592241764557817e-16
tight_kappa_4_operator_gain_direction,4.0,True,3.9250000000000003,0.07676712001819218,0.00033625680442717385,0.07676785645389642,2.3592241764557817e-16
tight_kappa_4_operator_gain_direction,4.0,True,3.93,0.07639091730297695,0.0003329109933201501,0.07639164271122684,2.3592239896102913e-16
tight_kappa_4_operator_gain_direction,4.0,True,3.935,0.07601652449033466,0.00032959847358988504,0.07601723903657277,2.3592241764557817e-16
tight_kappa_4_operator_gain_direction,4.0,True,3.94,0.07564393321419174,0.00032631891398164533,0.07564463706137219,2.3592239896102913e-16
tight_kappa_4_operator_gain_direction,4.0,True,3.9450000000000003,0.07527313514362502,0.0003230719865367368,0.07527382845225106,2.220446115424761e-16
tight_kappa_4_operator_gain_direction,4.0,True,3.95,0.07490412198275181,0.0003198573665597098,0.0749048049109128,2.2204463139480933e-16
tight_kappa_4_operator_gain_direction,4.0,True,3.955,0.07453688547061992,0.0003166747325858875,0.07453755817402773,2.220446115424761e-16
tight_kappa_4_operator_gain_direction,4.0,True,3.96,0.07417141738109752,0.0003135237663492202,0.07417208001312246,2.220446115424761e-16
tight_kappa_4_operator_gain_direction,4.0,True,3.9650000000000003,0.07380770952276305,0.00031040415275045824,0.07380836223446915,2.2204463139480933e-16
tight_kappa_4_operator_gain_direction,4.0,True,3.97,0.073445753738795,0.0003073155798256426,0.07344639667897482,2.3592241764557817e-16
tight_kappa_4_operator_gain_direction,4.0,True,3.975,0.07308554190686141,0.0003042577387149067,0.07308617522207031,2.0816684535164652e-16
tight_kappa_4_operator_gain_direction,4.0,True,3.98,0.0727270659390096,0.00030123032363159124,0.07272768977359947,2.2204463139480933e-16
tight_kappa_4_operator_gain_direction,4.0,True,3.985,0.07237031778155571,0.0002982330318316651,0.07237093227770826,2.220446115424761e-16
tight_kappa_4_operator_gain_direction,4.0,True,3.99,0.07201528941497408,0.00029526556358345016,0.0720158947127335,2.2204463139480933e-16
tight_kappa_4_operator_gain_direction,4.0,True,3.995,0.07166197285378688,0.0002923276221376493,0.07166256909109212,2.0816684535164652e-16
tight_kappa_4_operator_gain_direction,4.0,True,4.0,0.07131036014645324,0.0002894189136976694,0.07131094745916979,2.0816684535164652e-16
tight_kappa_8_operator_gain_direction,8.0,True,0.0,0.24894911865638394,0.9685165648145672,1.0,0.0
tight_kappa_8_operator_gain_direction,8.0,True,0.005,0.28615871428588263,0.9588796639779775,1.0006682865726626,4.041272810440265e-16
tight_kappa_8_operator_gain_direction,8.0,True,0.01,0.3228001301067369,0.9493386519068547,1.0027182056795672,7.216449660063518e-16
tight_kappa_8_operator_gain_direction,8.0,True,0.015,0.3588800068231249,0.9398925744920409,1.0060779844935694,0.0
tight_kappa_8_operator_gain_direction,8.0,True,0.02,0.39440491413933076,0.9305404871179226,1.0106734559010213,2.220446049250313e-16
tight_kappa_8_operator_gain_direction,8.0,True,0.025,0.4293813514907629,0.9212814545679691,1.0164289761409337,5.661048867003676e-16
tight_kappa_8_operator_gain_direction,8.0,True,0.03,0.4638157487675759,0.9121145509312095,1.023268294644796,3.510833468576701e-16
tight_kappa_8_operator_gain_direction,8.0,True,0.035,0.4977144670309706,0.903038859509641,1.0311153536226665,6.497413668604471e-16
tight_kappa_8_operator_gain_direction,8.0,True,0.04,0.5310837992222452,0.8940534727265584,1.039895001377905,1.5700924586837752e-16
tight_kappa_8_operator_gain_direction,8.0,True,0.045,0.5639299708646713,0.8851574920357955,1.0495336096316918,4.577566798522237e-16
tight_kappa_8_operator_gain_direction,8.0,True,0.05,0.5962591407582652,0.8763500278318699,1.0599595908423602,5.661048867003676e-16
tight_kappa_8_operator_gain_direction,8.0,True,0.055,0.6280774016675275,0.8676301993610216,1.071103816316924,1.5700924586837752e-16
tight_kappa_8_operator_gain_direction,8.0,True,0.06,0.6593907810022194,0.858997134633137,1.0828999396891001,4.577566798522237e-16
tight_kappa_8_operator_gain_direction,8.0,True,0.065,0.690205241491249,0.8504499703345489,1.0952846330630355,1.5700924586837752e-16
tight_kappa_8_operator_gain_direction,8.0,True,0.07,0.7205266818497322,0.8419878517417051,1.1081977448713731,3.1401849173675503e-16
tight_kappa_8_operator_gain_direction,8.0,True,0.075,0.7503609374393017,0.8336099326356943,1.1215823894051093,2.482534153247273e-16
tight_kappa_8_operator_gain_direction,8.0,True,0.08,0.7797137809217268,0.8253153752176243,1.135384978203368,1.1102230246251565e-16
tight_kappa_8_operator_gain_direction,8.0,True,0.085,0.8085909229059154,0.8171033500248412,1.149555203210206,2.482534153247273e-16
tight_kappa_8_operator_gain_direction,8.0,True,0.09,0.8369980125883619,0.8089730358479823,1.1640459809672332,4.577566798522237e-16
tight_kappa_8_operator_gain_direction,8.0,True,0.095,0.8649406383871091,0.8009236196488546,1.1788133662479923,4.577566798522237e-16
tight_kappa_8_operator_gain_direction,8.0,True,0.1,0.8924243285692854,0.7929542964791304,1.1938164425601838,1.5700924586837752e-16
tight_kappa_8_operator_gain_direction,8.0,True,0.105,0.9194545518722873,0.7850642693998515,1.2090171959269196,4.965068306494546e-16
tight_kappa_8_operator_gain_direction,8.0,True,0.11,0.9460367181186655,0.777252749401735,1.2243803773669732,2.220446049250313e-16
tight_kappa_8_operator_gain_direction,8.0,True,0.115,0.9721761788247818,0.7695189553262716,1.23987335856562,4.710277376051325e-16
tight_kappa_8_operator_gain_direction,8.0,True,0.12,0.9978782278032967,0.7618621137876087,1.255465984385388,4.965068306494546e-16
tight_kappa_8_operator_gain_direction,8.0,True,0.125,1.023148101759552,0.7542814590952117,1.2711304251212683,9.155133597044475e-16
tight_kappa_8_operator_gain_direction,8.0,True,0.13,1.047990980881908,0.7467762331772942,1.2868410307603235,4.965068306494546e-16
tight_kappa_8_operator_gain_direction,8.0,True,0.135,1.0724119894260944,0.7393456855050101,1.3025741889580442,7.021666937153402e-16
tight_kappa_8_operator_gain_direction,8.0,True,0.14,1.0964161962936418,0.7319890730173999,1.3183081879863638,7.447602459741819e-16
tight_kappa_8_operator_gain_direction,8.0,True,0.145,1.1200086156044433,0.7247056600470845,1.334023085532054,4.002966042486721e-16
tight_kappa_8_operator_gain_direction,8.0,True,0.15,1.1431942072635144,0.7174947182466971,1.3497005839195455,4.965068306494546e-16
tight_kappa_8_operator_gain_direction,8.0,True,0.155,1.1659778775220027,0.7103555265160486,1.365323912089218,4.965068306494546e-16
tight_kappa_8_operator_gain_direction,8.0,True,0.16,1.18836447953251,0.7032873709300167,1.3808777144715705,4.965068306494546e-16
tight_kappa_8_operator_gain_direction,8.0,True,0.165,1.21035881389878,0.6962895446671525,1.3963479467508277,9.155133597044475e-16
tight_kappa_8_operator_gain_direction,8.0,True,0.17,1.231965629219812,0.6893613479389983,1.4117217784008433,1.336885555457667e-15
tight_kappa_8_operator_gain_direction,8.0,True,0.17500000000000002,1.2531896226284525,0.6825020879201077,1.426987501794935,4.577566798522237e-16
tight_kappa_8_operator_gain_direction,8.0,True,0.18,1.2740354403245238,0.6757110786787627,1.442134447633826,8.95090418262362e-16
tight_kappa_8_operator_gain_direction,8.0,True,0.185,1.2945076781025433,0.6689876411083799,1.457152906397332,4.965068306494546e-16
tight_kappa_8_operator_gain_direction,8.0,True,0.19,1.3146108818740854,0.6623311028595996,1.4720340555017652,4.965068306494546e-16
tight_kappa_8_operator_gain_direction,8.0,True,0.195,1.334349548184844,0.6557407982730498,1.4867698918329204,9.155133597044475e-16
tight_kappa_8_operator_gain_direction,8.0,True,0.2,1.3537281247264463,0.6492160683127797,1.5013531693212243,2.220446049250313e-16
tight_kappa_8_operator_gain_direction,8.0,True,0.20500000000000002,1.3727510108430712,0.6427562605003561,1.5157773412289401,3.1401849173675503e-16
tight_kappa_8_operator_gain_direction,8.0,True,0.21,1.3914225580329236,0.6363607288496145,1.5300365068274997,8.95090418262362e-16
tight_kappa_8_operator_gain_direction,8.0,True,0.215,1.4097470704446189,0.6300288338020602,1.5441253621546307,9.155133597044475e-16
tight_kappa_8_operator_gain_direction,8.0,True,0.22,1.4277288053685244,0.623759942162912,1.5580391545548888,4.965068306494546e-16
tight_kappa_8_operator_gain_direction,8.0,True,0.225,1.445371973723114,0.6175534270377817,1.5717736407225944,4.965068306494546e-16
tight_kappa_8_operator_gain_direction,8.0,True,0.23,1.4626807405363815,0.6114086677699848,1.5853250479823766,8.95090418262362e-16
tight_kappa_8_operator_gain_direction,8.0,True,0.23500000000000001,1.4796592254223642,0.6053250498784738,1.5986900385590346,1.1157603309187458e-15
tight_kappa_8_operator_gain_direction,8.0,True,0.24,1.4963115030528262,0.59930196499639,1.6118656766048287,1.1157603309187458e-15
tight_kappa_8_operator_gain_direction,8.0,True,0.245,1.5126416036241492,0.5933388108102255,1.6248493977683995,1.1102230246251565e-16
tight_kappa_8_operator_gain_direction,8.0,True,0.25,1.5286535133194796,0.587434990999593,1.6376389811050178,8.881784197001252e-16
tight_kappa_8_operator_gain_direction,8.0,True,0.255,1.5443511747661791,0.5815899151775911,1.6502325231427102,1.336885555457667e-15
tight_kappa_8_operator_gain_direction,8.0,True,0.26,1.5597384874886266,0.5758029988317668,1.6626284139328802,2.220446049250313e-16
tight_kappa_8_operator_gain_direction,8.0,True,0.265,1.5748193083564177,0.5700736632656631,1.6748253149272967,2.482534153247273e-16
tight_kappa_8_operator_gain_direction,8.0,True,0.27,1.589597452028007,0.564401335540949,1.6868221385357554,4.577566798522237e-16
tight_kappa_8_operator_gain_direction,8.0,True,0.275,1.6040766913898434,0.5587854484201249,1.6986180292303115,6.753223014464259e-16
tight_kappa_8_operator_gain_direction,8.0,True,0.28,1.6182607579910369,0.5532254403097989,1.7102123460727607,4.440892098500626e-16
tight_kappa_8_operator_gain_direction,8.0,True,0.28500000000000003,1.6321533424736077,0.5477207552045267,1.7216046465520436,4.577566798522237e-16
tight_kappa_8_operator_gain_direction,8.0,True,0.29,1.6457580949983588,0.5422708426312105,1.7327946716274811,8.881784197001252e-16
tight_kappa_8_operator_gain_direction,8.0,True,0.295,1.6590786256664183,0.5368751575940512,1.7437823318822818,4.440892098500626e-16
tight_kappa_8_operator_gain_direction,8.0,True,0.3,1.672118504936492,0.5315331605200488,1.7545676946996034,0.0
tight_kappa_8_operator_gain_direction,8.0,True,0.305,1.6848812640378728,0.5262443172050442,1.7651509723806809,6.661338147750939e-16
tight_kappa_8_operator_gain_direction,8.0,True,0.31,1.6973703953792472,0.5210080987602984,1.77553251113116,4.440892098500626e-16
tight_kappa_8_operator_gain_direction,8.0,True,0.315,1.7095893529533428,0.5158239815596035,1.7857127808478697,6.753223014464259e-16
tight_kappa_8_operator_gain_direction,8.0,True,0.32,1.7215415527374565,0.5106914471869194,1.795692365643838,6.753223014464259e-16
tight_kappa_8_operator_gain_direction,8.0,True,0.325,1.7332303730899072,0.5056099823845316,1.8054719550544853,4.577566798522237e-16
tight_kappa_8_operator_gain_direction,8.0,True,0.33,1.7446591551424537,0.5005790790017253,1.8150523358726038,8.881784197001252e-16
tight_kappa_8_operator_gain_direction,8.0,True,0.335,1.7558312031887153,0.4955982339439697,1.8244343845640252,4.577566798522237e-16
tight_kappa_8_operator_gain_direction,8.0,True,0.34,1.76674978506864,0.4906669491226085,1.8336190602198086,2.482534153247273e-16
tight_kappa_8_operator_gain_direction,8.0,True,0.34500000000000003,1.777418132549057,0.48578473140505,1.8426073980043751,1.1157603309187458e-15
tight_kappa_8_operator_gain_direction,8.0,True,0.35000000000000003,1.7878394417003534,0.48095109256545404,1.8514005030622995,6.753223014464259e-16
tight_kappa_8_operator_gain_direction,8.0,True,0.355,1.798016873269315,0.4761655492359086,1.8599995448494868,4.47545209131181e-16
tight_kappa_8_operator_gain_direction,8.0,True,0.36,1.8079535530481683,0.4714276228580926,1.8684057518572157,2.482534153247273e-16
tight_kappa_8_operator_gain_direction,8.0,True,0.365,1.8176525722398644,0.46673683963542006,1.8766204067000485,4.577566798522237e-16
tight_kappa_8_operator_gain_direction,8.0,True,0.37,1.8271169878196394,0.46209273048565974,1.8846448415409214,2.2887833992611187e-16
tight_kappa_8_operator_gain_direction,8.0,True,0.375,1.8363498228928912,0.45749483099402655,1.892480433828843,4.47545209131181e-16
tight_kappa_8_operator_gain_direction,8.0,True,0.38,1.8453540670494093,0.4529426813667397,1.9001286023265602,2.482534153247273e-16
tight_kappa_8_operator_gain_direction,8.0,True,0.385,1.8541326767139943,0.44843582638504303,1.907590803407334,4.577566798522237e-16
tight_kappa_8_operator_gain_direction,8.0,True,0.39,1.8626885754935019,0.44397381535968267,1.9148685276015804,5.551115123125783e-17
tight_kappa_8_operator_gain_direction,8.0,True,0.395,1.87102465452035,0.4395562020858377,1.9219632963756412,6.684427777288335e-16
tight_kappa_8_operator_gain_direction,8.0,True,0.4,1.879143772792523,0.43518254479849927,1.9288766591262947,6.684427777288335e-16
tight_kappa_8_operator_gain_direction,8.0,True,0.405,1.8870487575101087,0.43085240612829406,1.935610190375889,2.482534153247273e-16
tight_kappa_8_operator_gain_direction,8.0,True,0.41000000000000003,1.8947424044084018,0.42656535305774657,1.942165487154123,6.753223014464259e-16
tight_kappa_8_operator_gain_direction,8.0,True,0.41500000000000004,1.9022274780876125,0.42232095687797716,1.948544166553555,2.482534153247273e-16
tight_kappa_8_operator_gain_direction,8.0,True,0.42,1.9095067123392075,0.4181187931458309,1.9547478634468987,2.482534153247273e-16
tight_kappa_8_operator_gain_direction,8.0,True,0.425,1.9165828104689258,0.41395844164143264,1.9607782283550501,1.6653345369377348e-16
tight_kappa_8_operator_gain_direction,8.0,True,0.43,1.9234584456164936,0.40983948632616507,1.9666369254556146,1.1102230246251565e-16
tight_kappa_8_operator_gain_direction,8.0,True,0.435,1.9301362610720805,0.40576151530106414,1.972325630722454,4.742874840267547e-16
tight_kappa_8_operator_gain_direction,8.0,True,0.44,1.9366188705895233,0.4017241207656291,1.977846030187476,6.753223014464259e-16
tight_kappa_8_operator_gain_direction,8.0,True,0.445,1.9429088586963525,0.3977268989770418,1.9831998183165147,4.577566798522237e-16
tight_kappa_8_operator_gain_direction,8.0,True,0.45,1.9490087810006544,0.39376945020979237,1.9883886964917548,6.753223014464259e-16
tight_kappa_8_operator_gain_direction,8.0,True,0.455,1.954921164494799,0.38985137871570624,1.9934143715936832,2.482534153247273e-16
tight_kappa_8_operator_gain_direction,8.0,True,0.46,1.9606485078560656,0.3859722926843689,1.9982785546760604,1.1102230246251565e-16
tight_kappa_8_operator_gain_direction,8.0,True,0.465,1.9661932817441998,0.38213180420394466,2.0029829597278623,2.482534153247273e-16
tight_kappa_8_operator_gain_direction,8.0,True,0.47000000000000003,1.971557929095929,0.37832952922238505,2.0075293025165686,2.482534153247273e-16
tight_kappa_8_operator_gain_direction,8.0,True,0.47500000000000003,1.9767448654164699,0.37456508750902334,2.0119192995075674,4.577566798522237e-16
tight_kappa_8_operator_gain_direction,8.0,True,0.48,1.9817564790680562,0.37083810261655115,2.0161546668548183,4.742874840267547e-16
tight_kappa_8_operator_gain_direction,8.0,True,0.485,1.9865951315555197,0.3671482018433734,2.020237119458237,2.482534153247273e-16
tight_kappa_8_operator_gain_direction,8.0,True,0.49,1.9912631578089504,0.3634950161963378,2.0241683700835877,2.7755575615628914e-16
tight_kappa_8_operator_gain_direction,8.0,True,0.495,1.9957628664634683,0.3598781803538354,2.0279501285409527,6.753223014464259e-16
tight_kappa_8_operator_gain_direction,8.0,True,0.5,2.000096540136135,0.3562973326292678,2.0315841009181157,4.742874840267547e-16
tight_kappa_8_operator_gain_direction,8.0,True,0.505,2.0042664357000333,0.3527521149348786,2.035071988865442,4.742874840267547e-16
tight_kappa_8_operator_gain_direction,8.0,True,0.51,2.0082747845555438,0.349242172745944,2.038415488929066,9.036560719766055e-16
tight_kappa_8_operator_gain_direction,8.0,True,0.515,2.012123792898847,0.3457671550653201,2.041616291929413,4.742874840267547e-16
tight_kappa_8_operator_gain_direction,8.0,True,0.52,2.0158156419876794,0.34232671438834295,2.0446760823822725,1.6653345369377348e-16
tight_kappa_8_operator_gain_direction,8.0,True,0.525,2.0193524884043694,0.3389205066680779,2.0475965379598264,1.1102230246251565e-16
tight_kappa_8_operator_gain_direction,8.0,True,0.53,2.0227364643161834,0.3355481912809143,2.050379328989206,4.577566798522237e-16
tight_kappa_8_operator_gain_direction,8.0,True,0.535,2.025969677733004,0.3322094309925032,2.053026117986309,1.3426356273935429e-15
tight_kappa_8_operator_gain_direction,8.0,True,0.54,2.029054212762375,0.3289038919240335,2.055538559222745,9.036560719766055e-16
tight_kappa_8_operator_gain_direction,8.0,True,0.545,2.0319921298619343,0.3256312435188437,2.057918298323932,9.155133597044475e-16
tight_kappa_8_operator_gain_direction,8.0,True,0.55,2.0347854660892595,0.32239115850936606,2.0601669718964764,9.155133597044475e-16
tight_kappa_8_operator_gain_direction,8.0,True,0.555,2.037436235349158,0.31918331288439955,2.0622862071830887,1.3506446028928519e-15
tight_kappa_8_operator_gain_direction,8.0,True,0.56,2.0399464286384235,0.31600738585670846,2.0642776217434147,9.155133597044475e-16
tight_kappa_8_operator_gain_direction,8.0,True,0.5650000000000001,2.0423180142880852,0.3128630598309434,2.0661428231592334,4.742874840267547e-16
tight_kappa_8_operator_gain_direction,8.0,True,0.5700000000000001,2.0445529382031755,0.30975002037188154,2.0678834087625972,9.036560719766055e-16
tight_kappa_8_operator_gain_direction,8.0,True,0.5750000000000001,2.0466531241000405,0.30666795617298276,2.0695009653855614,4.577566798522237e-16
tight_kappa_8_operator_gain_direction,8.0,True,0.58,2.0486204737412193,0.3036165590252588,2.070997069130238,1.3426356273935429e-15
tight_kappa_8_operator_gain_direction,8.0,True,0.585,2.0504568671679153,0.30059552378645193,2.0723732851579886,9.036560719766055e-16
tight_kappa_8_operator_gain_direction,8.0,True,0.59,2.052164162930085,0.2976045483505208,2.073631167496634,4.742874840267547e-16
tight_kappa_8_operator_gain_direction,8.0,True,0.595,2.053744198314166,0.29464333361742934,2.0747722588646416,9.155133597044475e-16
tight_kappa_8_operator_gain_direction,8.0,True,0.6,2.055198789568473,0.29171158346323656,2.075798090511297,4.965068306494546e-16
tight_kappa_8_operator_gain_direction,8.0,True,0.605,2.0565297321262794,0.28880900471048393,2.0767101820719343,9.036560719766055e-16
tight_kappa_8_operator_gain_direction,8.0,True,0.61,2.0577388008266113,0.2859353070988773,2.077510041437362,9.036560719766055e-16
tight_kappa_8_operator_gain_direction,8.0,True,0.615,2.0588277501327763,0.28309020325626083,2.078199164636648,9.036560719766055e-16
tight_kappa_8_operator_gain_direction,8.0,True,0.62,2.059798314348652,0.28027340866987915,2.078779035732509,9.036560719766055e-16
tight_kappa_8_operator_gain_direction,8.0,True,0.625,2.0606522078327503,0.27748464165792647,2.0792511267285674,4.965068306494546e-16
tight_kappa_8_operator_gain_direction,8.0,True,0.63,2.0613911252100903,0.27472362334137757,2.079616897487789,9.305364597889227e-16
tight_kappa_8_operator_gain_direction,8.0,True,0.635,2.0620167415818913,0.27199007761609995,2.0798777956614694,4.965068306494546e-16
tight_kappa_8_operator_gain_direction,8.0,True,0.64,2.0625307127331154,0.26928373112524306,2.0800352566281433,9.155133597044475e-16
tight_kappa_8_operator_gain_direction,8.0,True,0.645,2.062934675337877,0.2666043132319026,2.0800907034418588,4.742874840267547e-16
tight_kappa_8_operator_gain_direction,8.0,True,0.65,2.0632302471627444,0.2639515559920563,2.0800455467892687,4.742874840267547e-16
tight_kappa_8_operator_gain_direction,8.0,True,0.655,2.063419027267953,0.26132519412776956,2.079901184955031,4.577566798522237e-16
tight_kappa_8_operator_gain_direction,8.0,True,0.66,2.063502596206548,0.25872496500066733,2.0796590037950353,8.95090418262362e-16
tight_kappa_8_operator_gain_direction,8.0,True,0.665,2.063482516221485,0.25615060858567,2.0793203767170083,9.036560719766055e-16
tight_kappa_8_operator_gain_direction,8.0,True,0.67,2.0633603314407027,0.2536018674449908,2.078886664668056,4.742874840267547e-16
tight_kappa_8_operator_gain_direction,8.0,True,0.675,2.063137568070189,0.2510784867023917,2.0783592161287556,1.6653345369377348e-16
tight_kappa_8_operator_gain_direction,8.0,True,0.68,2.062815734585065,0.2485802140176956,2.077739367113403,9.036560719766055e-16
tight_kappa_8_operator_gain_direction,8.0,True,0.685,2.062396321918701,0.24610679956155213,2.077028441176051,1.6653345369377348e-16
tight_kappa_8_operator_gain_direction,8.0,True,0.6900000000000001,2.0618808036498923,0.2436579959904545,2.0762277494220163,4.652682298944613e-16
tight_kappa_8_operator_gain_direction,8.0,True,0.6950000000000001,2.061270636188102,0.24123355842200495,2.0753385905245065,1.3877787807814457e-16
tight_kappa_8_operator_gain_direction,8.0,True,0.7000000000000001,2.0605672589568065,0.23883324441042622,2.074362250746088,1.3877787807814457e-16
tight_kappa_8_operator_gain_direction,8.0,True,0.705,2.0597720945749467,0.23645681392231693,2.0733000039646834,1.6653345369377348e-16
tight_kappa_8_operator_gain_direction,8.0,True,0.71,2.058886549036518,0.23410402931264784,2.0721531117038428,1.3877787807814457e-16
tight_kappa_8_operator_gain_direction,8.0,True,0.715,2.0579120118883054,0.23177465530099736,2.070922823167022,4.742874840267547e-16
tight_kappa_8_operator_gain_direction,8.0,True,0.72,2.056849856405796,0.22946845894802317,2.069610375275628,4.652682298944613e-16
tight_kappa_8_operator_gain_direction,8.0,True,0.725,2.0557014397672733,0.22718520963216815,2.068216992710594,1.1102230246251565e-16
tight_kappa_8_operator_gain_direction,8.0,True,0.73,2.0544681032261205,0.22492467902659796,2.0667438879572746,1.3877787807814457e-16
tight_kappa_8_operator_gain_direction,8.0,True,0.735,2.0531511722813516,0.2226866410763683,2.065192261353447,4.652682298944613e-16
tight_kappa_8_operator_gain_direction,8.0,True,0.74,2.051751956846383,0.22047087197581908,2.063563301140224,1.3877787807814457e-16
tight_kappa_8_operator_gain_direction,8.0,True,0.745,2.050271751416064,0.21827715014619378,2.061858183515694,1.3877787807814457e-16
tight_kappa_8_operator_gain_direction,8.0,True,0.75,2.048711835231991,0.21610525621348134,2.0600780726911125,1.3877787807814457e-16
tight_kappa_8_operator_gain_direction,8.0,True,0.755,2.047073472446112,0.21395497298647856,2.0582241209494723,1.6653345369377348e-16
tight_kappa_8_operator_gain_direction,8.0,True,0.76,2.0453579122826477,0.2118260854350708,2.0562974687063096,1.6653345369377348e-16
tight_kappa_8_operator_gain_direction,8.0,True,0.765,2.043566389198341,0.20971838066872892,2.0542992445725763,4.847302891456678e-16
tight_kappa_8_operator_gain_direction,8.0,True,0.77,2.041700123041054,0.2076316479152198,2.052230565419452,4.847302891456678e-16
tight_kappa_8_operator_gain_direction,8.0,True,0.775,2.03976031920673,0.20556567849952914,2.0500925364449563,4.847302891456678e-16
tight_kappa_8_operator_gain_direction,8.0,True,0.78,2.0377481687947347,0.20352026582299376,2.0478862512422307,9.036560719766055e-16
tight_kappa_8_operator_gain_direction,8.0,True,0.785,2.035664848761592,0.20149520534264145,2.0456127918693774,9.09180472805593e-16
tight_kappa_8_operator_gain_direction,8.0,True,0.79,2.033511522073137,0.19949029455073664,2.04327322892073,4.847302891456678e-16
tight_kappa_8_operator_gain_direction,8.0,True,0.795,2.0312893378550974,0.19750533295452938,2.04086862159946,4.847302891456678e-16
tight_kappa_8_operator_gain_direction,8.0,True,0.8,2.028999431542115,0.19554012205620588,2.0384000177914006,9.09180472805593e-16
tight_kappa_8_operator_gain_direction,8.0,True,0.805,2.026642925025235,0.19359446533303867,2.035868454140008,9.09180472805593e-16
tight_kappa_8_operator_gain_direction,8.0,True,0.81,2.0242209267978652,0.19166816821773403,2.0332749561223515,1.3426356273935429e-15
tight_kappa_8_operator_gain_direction,8.0,True,0.8150000000000001,2.0217345321002327,0.18976103807897515,2.030620538126057,9.036560719766055e-16
tight_kappa_8_operator_gain_direction,8.0,True,0.8200000000000001,2.0191848230623433,0.1878728842021589,2.027906203527112,9.036560719766055e-16
tight_kappa_8_operator_gain_direction,8.0,True,0.8250000000000001,2.0165728688454654,0.1860035177703241,2.025132944768458,9.036560719766055e-16
tight_kappa_8_operator_gain_direction,8.0,True,0.8300000000000001,2.0138997257821503,0.1841527518452698,2.0223017434392934,4.742874840267547e-16
tight_kappa_8_operator_gain_direction,8.0,True,0.835,2.0111664375148046,0.1823204013488612,2.0194135703550176,4.742874840267547e-16
tight_kappa_8_operator_gain_direction,8.0,True,0.84,2.0083740351328294,0.18050628304452163,2.016469385637747,1.6653345369377348e-16
tight_kappa_8_operator_gain_direction,8.0,True,0.845,2.0055235373083407,0.1787102155189089,2.013470138797339,4.742874840267547e-16
tight_kappa_8_operator_gain_direction,8.0,True,0.85,2.002615950430485,0.1769320191637737,2.010416768812866,4.965068306494546e-16
tight_kappa_8_operator_gain_direction,8.0,True,0.855,1.9996522687383658,0.17517151615799878,2.007310204214482,7.021666937153402e-16
tight_kappa_8_operator_gain_direction,8.0,True,0.86,1.9966334744525929,0.1734285304498164,2.004151363165621,4.847302891456678e-16
tight_kappa_8_operator_gain_direction,8.0,True,0.865,1.9935605379054708,0.17170288773920325,2.000941153545484,4.965068306494546e-16
tight_kappa_8_operator_gain_direction,8.0,True,0.87,1.9904344176698374,0.16999441546045024,1.997680473031762,4.847302891456678e-16
tight_kappa_8_operator_gain_direction,8.0,True,0.875,1.9872560606865692,0.16830294276490576,1.994370209183548,7.021666937153402e-16
tight_kappa_8_operator_gain_direction,8.0,True,0.88,1.9840264023907652,0.1666283005038907,1.9910112395243924,4.965068306494546e-16
tight_kappa_8_operator_gain_direction,8.0,True,0.885,1.980746366836623,0.1649703212117834,1.9876044316254684,4.847302891456678e-16
tight_kappa_8_operator_gain_direction,8.0,True,0.89,1.9774168668210204,0.163328839089273,1.9841506431887954,4.847302891456678e-16
tight_kappa_8_operator_gain_direction,8.0,True,0.895,1.9740388040058163,0.16170368998677936,1.9806507221304956,6.938893903907228e-16
tight_kappa_8_operator_gain_direction,8.0,True,0.9,1.9706130690388834,0.1600947113880379,1.977105506664039,4.847302891456678e-16
tight_kappa_8_operator_gain_direction,8.0,True,0.905,1.9671405416738845,0.15850174239384798,1.9735158253834473,4.742874840267547e-16
tight_kappa_8_operator_gain_direction,8.0,True,0.91,1.9636220908888071,0.15692462370598265,1.9698824973464266,4.847302891456678e-16
tight_kappa_8_operator_gain_direction,8.0,True,0.915,1.960058575003268,0.15536319761125886,1.966206332157395,6.938893903907228e-16
tight_kappa_8_operator_gain_direction,8.0,True,0.92,1.9564508417946003,0.15381730796576598,1.9624881300503796,6.938893903907228e-16
tight_kappa_8_operator_gain_direction,8.0,True,0.925,1.952799728612735,0.1522868001792512,1.9587286819717544,6.938893903907228e-16
tight_kappa_8_operator_gain_direction,8.0,True,0.93,1.94910606249389,0.15077152119966042,1.9549287696627966,6.938893903907228e-16
tight_kappa_8_operator_gain_direction,8.0,True,0.935,1.9453706602730785,0.14927131949783295,1.9510891657420317,4.847302891456678e-16
tight_kappa_8_operator_gain_direction,8.0,True,0.9400000000000001,1.9415943286954473,0.14778604505234846,1.9472106337873516,6.938893903907228e-16
tight_kappa_8_operator_gain_direction,8.0,True,0.9450000000000001,1.937777864526461,0.14631554933452465,1.9432939284178796,4.847302891456678e-16
tight_kappa_8_operator_gain_direction,8.0,True,0.9500000000000001,1.9339220546609377,0.14485968529356433,1.9393397953755638,4.847302891456678e-16
tight_kappa_8_operator_gain_direction,8.0,True,0.9550000000000001,1.9300276762309538,0.14341830734185018,1.9353489716064793,4.742874840267547e-16
tight_kappa_8_operator_gain_direction,8.0,True,0.96,1.9260954967126256,0.1419912713403859,1.931322185341823,2.7755575615628914e-16
tight_kappa_8_operator_gain_direction,8.0,True,0.965,1.9221262740317797,0.14057843458438207,1.927260156178581,2.618455766672135e-16
tight_kappa_8_operator_gain_direction,8.0,True,0.97,1.9181207566685265,0.13917965578898578,1.9231635951598558,4.652682298944613e-16
tight_kappa_8_operator_gain_direction,8.0,True,0.975,1.914079683760743,0.1377947950751518,1.9190332048548377,2.7755575615628914e-16
tight_kappa_8_operator_gain_direction,8.0,True,0.98,1.9100037852064797,0.13642371395565472,1.9148696794384037,2.618455766672135e-16
tight_kappa_8_operator_gain_direction,8.0,True,0.985,1.9058937817653014,0.13506627532124002,1.9106737047703346,2.618455766672135e-16
tight_kappa_8_operator_gain_direction,8.0,True,0.99,1.9017503851585726,0.13372234342691303,1.9064459584741353,2.7755575615628914e-16
tight_kappa_8_operator_gain_direction,8.0,True,0.995,1.8975742981686987,0.1323917838783644,1.9021871100154488,1.3877787807814457e-16
tight_kappa_8_operator_gain_direction,8.0,True,1.0,1.8933662147373327,0.13107446361853045,1.8978978207800494,1.6653345369377348e-16
tight_kappa_8_operator_gain_direction,8.0,True,1.0050000000000001,1.8891268200625584,0.12977025091428743,1.89357874415141,2.618455766672135e-16
tight_kappa_8_operator_gain_direction,8.0,True,1.01,1.8848567906950624,0.12847901534327813,1.8892305255878301,1.1102230246251565e-16
tight_kappa_8_operator_gain_direction,8.0,True,1.0150000000000001,1.8805567946333008,0.1272006277808693,1.884853802699117,2.482534153247273e-16
tight_kappa_8_operator_gain_direction,8.0,True,1.02,1.8762274914176758,0.12593496038723948,1.8804492053228132,2.482534153247273e-16
tight_kappa_8_operator_gain_direction,8.0,True,1.025,1.8718695322237278,0.12468188659459453,1.8760173555999595,2.5476231888929306e-16
tight_kappa_8_operator_gain_direction,8.0,True,1.03,1.867483559954357,0.12344128109451091,1.871558868050389,1.3877787807814457e-16
tight_kappa_8_operator_gain_direction,8.0,True,1.035,1.8630702093310831,0.12221301982540488,1.867074349647547,2.618455766672135e-16
tight_kappa_8_operator_gain_direction,8.0,True,1.04,1.8586301069843478,0.12099697996012584,1.862564399892825,2.5476231888929306e-16
tight_kappa_8_operator_gain_direction,8.0,True,1.045,1.8541638715428812,0.11979303989367404,1.8580296108894103,4.613190423717512e-16
tight_kappa_8_operator_gain_direction,8.0,True,1.05,1.8496721137221288,0.11860107923103941,1.85347056741564,2.618455766672135e-16
tight_kappa_8_operator_gain_direction,8.0,True,1.055,1.8451554364117588,0.1174209787751625,1.848887846997861,1.249000902703301e-16
tight_kappa_8_operator_gain_direction,8.0,True,1.06,1.8406144347622522,0.1162526205150142,1.8442820199827825,2.5476231888929306e-16
tight_kappa_8_operator_gain_direction,8.0,True,1.065,1.8360496962705897,0.11509588761379495,1.8396536496093312,1.249000902703301e-16
tight_kappa_8_operator_gain_direction,8.0,True,1.07,1.8314618008650414,0.11395066439725059,1.8350032920799886,2.618455766672135e-16
tight_kappa_8_operator_gain_direction,8.0,True,1.075,1.826851320989071,0.11281683634210522,1.8303314966316226,1.249000902703301e-16
tight_kappa_8_operator_gain_direction,8.0,True,1.08,1.822218821684361,0.11169429006460835,1.8256388056058015,4.613190423717512e-16
tight_kappa_8_operator_gain_direction,8.0,True,1.085,1.8175648606729697,0.11058291330919687,1.8209257545185915,1.249000902703301e-16
tight_kappa_8_operator_gain_direction,8.0,True,1.09,1.8128899884386291,0.109482594937269,1.8161928721298328,1.249000902703301e-16
tight_kappa_8_operator_gain_direction,8.0,True,1.095,1.80819474830719,0.1083932249160707,1.811440680511898,1.249000902703301e-16
tight_kappa_8_operator_gain_direction,8.0,True,1.1,1.8034796765262258,0.10731469430769196,1.8066696951179244,2.5476231888929306e-16
tight_kappa_8_operator_gain_direction,8.0,True,1.105,1.7987453023438023,0.10624689525817323,1.801880424849523,4.613190423717512e-16
tight_kappa_8_operator_gain_direction,8.0,True,1.11,1.7939921480864216,0.10518972098671965,1.7970733721239645,2.5476231888929306e-16
tight_kappa_8_operator_gain_direction,8.0,True,1.115,1.7892207292361504,0.10414306577502318,1.7922490329408363,1.249000902703301e-16
tight_kappa_8_operator_gain_direction,8.0,True,1.12,1.7844315545069371,0.10310682495669035,1.787407896948174,1.249000902703301e-16
tight_kappa_8_operator_gain_direction,8.0,True,1.125,1.779625125920132,0.10208089490677588,1.782550447508068,2.482534153247273e-16
tight_kappa_8_operator_gain_direction,8.0,True,1.1300000000000001,1.7748019388792116,0.10106517303141974,1.7776771617617413,1.1102230246251565e-16
tight_kappa_8_operator_gain_direction,8.0,True,1.135,1.7699624822437228,0.10005955775758803,1.7727885106941,1.249000902703301e-16
tight_kappa_8_operator_gain_direction,8.0,True,1.1400000000000001,1.7651072384024464,0.09906394852291528,1.767884959197759,4.613190423717512e-16
tight_kappa_8_operator_gain_direction,8.0,True,1.145,1.7602366833457974,0.09807824576564843,1.7629669661365412,1.249000902703301e-16
tight_kappa_8_operator_gain_direction,8.0,True,1.1500000000000001,1.7553512867374603,0.09710235091469026,1.7580349844084495,1.1102230246251565e-16
tight_kappa_8_operator_gain_direction,8.0,True,1.155,1.750451511985276,0.09613616637974248,1.7530894610081176,2.5476231888929306e-16
tight_kappa_8_operator_gain_direction,8.0,True,1.16,1.7455378163113797,0.09517959554154642,1.7481308370887325,4.577566798522237e-16
tight_kappa_8_operator_gain_direction,8.0,True,1.165,1.740610650821605,0.09423254274222108,1.7431595480234379,2.482534153247273e-16
tight_kappa_8_operator_gain_direction,8.0,True,1.17,1.735670460574157,0.09329491327569736,1.7381760234662158,1.249000902703301e-16
tight_kappa_8_operator_gain_direction,8.0,True,1.175,1.7307176846475623,0.09236661337824721,1.733180687412246,1.1102230246251565e-16
tight_kappa_8_operator_gain_direction,8.0,True,1.18,1.7257527562079051,0.09144755021910735,1.7281739582577493,1.1102230246251565e-16
tight_kappa_8_operator_gain_direction,8.0,True,1.185,1.7207761025753554,0.09053763189119592,1.7231562488593122,1.1102230246251565e-16
tight_kappa_8_operator_gain_direction,8.0,True,1.19,1.7157881452899972,0.0896367674019219,1.7181279665926967,1.1102230246251565e-16
tight_kappa_8_operator_gain_direction,8.0,True,1.195,1.7107893001769623,0.08874486666408561,1.7130895134111372,2.423651445728339e-16
tight_kappa_8_operator_gain_direction,8.0,True,1.2,1.7057799774108797,0.08786184048687005,1.7080412859031253,2.482534153247273e-16
tight_kappa_8_operator_gain_direction,8.0,True,1.205,1.7007605815796445,0.0869876005669216,1.7029836753496848,1.1102230246251565e-16
tight_kappa_8_operator_gain_direction,8.0,True,1.21,1.6957315117475158,0.08612205947951979,1.6979170677811415,1.1102230246251565e-16
tight_kappa_8_operator_gain_direction,8.0,True,1.215,1.6906931615175476,0.08526513066983452,1.6928418440333828,2.482534153247273e-16
tight_kappa_8_operator_gain_direction,8.0,True,1.22,1.6856459190933637,0.08441672844427077,1.6877583798036213,2.423651445728339e-16
tight_kappa_8_operator_gain_direction,8.0,True,1.225,1.680590167340278,0.08357676796189892,1.6826670457056503,4.545902364027965e-16
tight_kappa_8_operator_gain_direction,8.0,True,1.23,1.6755262838457732,0.08274516522597085,1.6775682073246083,2.423651445728339e-16
tight_kappa_8_operator_gain_direction,8.0,True,1.235,1.6704546409793366,0.08192183707551987,1.6724622252712413,6.713178136967714e-16
tight_kappa_8_operator_gain_direction,8.0,True,1.24,1.6653756059516691,0.08110670117704488,1.6673494552356778,6.731800026102354e-16
tight_kappa_8_operator_gain_direction,8.0,True,1.245,1.6602895408732636,0.08029967601627672,1.6622302480407074,4.545902364027965e-16
tight_kappa_8_operator_gain_direction,8.0,True,1.25,1.6551968028123691,0.07950068089002685,1.6571049496945771,4.545902364027965e-16
tight_kappa_8_operator_gain_direction,8.0,True,1.2550000000000001,1.650097743852338,0.07870963589811672,1.6519739014432977,4.545902364027965e-16
tight_kappa_8_operator_gain_direction,8.0,True,1.26,1.6449927111483704,0.07792646193538802,1.6468374398224719,4.545902364027965e-16
tight_kappa_8_operator_gain_direction,8.0,True,1.2650000000000001,1.6398820469836544,0.07715108068379176,1.6416958967086375,2.482534153247273e-16
tight_kappa_8_operator_gain_direction,8.0,True,1.27,1.6347660888249178,0.07638341460455671,1.6365495993701413,2.3714374201337736e-16
tight_kappa_8_operator_gain_direction,8.0,True,1.2750000000000001,1.629645169377385,0.07562338693043512,1.631398870517531,4.518280359883027e-16
tight_kappa_8_operator_gain_direction,8.0,True,1.28,1.6245196166391582,0.07487092165802631,1.6262440283534818,4.545902364027965e-16
tight_kappa_8_operator_gain_direction,8.0,True,1.285,1.6193897539550182,0.07412594354017595,1.6210853866222519,2.423651445728339e-16
tight_kappa_8_operator_gain_direction,8.0,True,1.29,1.614255900069657,0.07338837807845139,1.6159232546586748,2.482534153247273e-16
tight_kappa_8_operator_gain_direction,8.0,True,1.295,1.609118369180348,0.07265815151569191,1.61075793743669,6.731800026102354e-16
tight_kappa_8_operator_gain_direction,8.0,True,1.3,1.6039774709890517,0.07193519082863262,1.6055897356174105,6.731800026102354e-16
tight_kappa_8_operator_gain_direction,8.0,True,1.305,1.5988335107539775,0.07121942372060241,1.6004189455967408,2.423651445728339e-16
tight_kappa_8_operator_gain_direction,8.0,True,1.31,1.5936867893405893,0.07051077861429396,1.595245859552536,6.731800026102354e-16
tight_kappa_8_operator_gain_direction,8.0,True,1.315,1.5885376032720768,0.06980918464460614,1.5900707654913158,6.731800026102354e-16
tight_kappa_8_operator_gain_direction,8.0,True,1.32,1.5833862447792866,0.06911457165155727,1.5848939472945278,4.577566798522237e-16
tight_kappa_8_operator_gain_direction,8.0,True,1.325,1.5782330018501256,0.06842687017326926,1.5797156847643719,2.423651445728339e-16
tight_kappa_8_operator_gain_direction,8.0,True,1.33,1.573078158278437,0.06774601143902112,1.5745362536691796,9.71445146547012e-17
tight_kappa_8_operator_gain_direction,8.0,True,1.335,1.5679219937123594,0.06707192736237212,1.569355925788361,8.326672684688674e-17
tight_kappa_8_operator_gain_direction,8.0,True,1.34,1.5627647837021685,0.06640455053435278,1.5641749689569115,8.326672684688674e-17
tight_kappa_8_operator_gain_direction,8.0,True,1.345,1.5576067997476142,0.06574381421672422,1.5589936471094958,2.3263411494723067e-16
tight_kappa_8_operator_gain_direction,8.0,True,1.35,1.5524483093447483,0.06508965233530398,1.5538122203240963,8.326672684688674e-17
tight_kappa_8_operator_gain_direction,8.0,True,1.355,1.54728957603226,0.06444199947335887,1.5486309448652429,2.3714374201337736e-16
tight_kappa_8_operator_gain_direction,8.0,True,1.36,1.5421308594373127,0.0638007908650629,1.5434500732268188,2.3714374201337736e-16
tight_kappa_8_operator_gain_direction,8.0,True,1.365,1.5369724153208952,0.06316596238902097,1.5382698541744482,2.3714374201337736e-16
tight_kappa_8_operator_gain_direction,8.0,True,1.37,1.5318144956226893,0.0625374505618564,1.5330905327874707,8.326672684688674e-17
tight_kappa_8_operator_gain_direction,8.0,True,1.375,1.5266573485054589,0.06191519253186276,1.5279123505005041,2.3714374201337736e-16
tight_kappa_8_operator_gain_direction,8.0,True,1.3800000000000001,1.5215012183989638,0.06129912607271845,1.522735545144596,2.3479724158959924e-16
tight_kappa_8_operator_gain_direction,8.0,True,1.385,1.5163463460434092,0.060689189577264206,1.5175603509879743,8.326672684688674e-17
tight_kappa_8_operator_gain_direction,8.0,True,1.3900000000000001,1.511192968532427,0.060085322051342156,1.512386998776392,2.3479724158959924e-16
tight_kappa_8_operator_gain_direction,8.0,True,1.395,1.5060413193556008,0.05948746310769654,1.5072157157730768,7.632783294297951e-17
tight_kappa_8_operator_gain_direction,8.0,True,1.4000000000000001,1.5008916284405356,0.058895552959934705,1.5020467257982821,2.3714374201337736e-16
tight_kappa_8_operator_gain_direction,8.0,True,1.405,1.4957441221944785,0.058309532416548696,1.4968802492684468,7.632783294297951e-17
tight_kappa_8_operator_gain_direction,8.0,True,1.41,1.490599023545494,0.05772934287499577,1.4917165032349675,7.632783294297951e-17
tight_kappa_8_operator_gain_direction,8.0,True,1.415,1.4854565519831986,0.057154926315838274,1.486555701422581,7.632783294297951e-17
tight_kappa_8_operator_gain_direction,8.0,True,1.42,1.4803169235990616,0.05658622529694164,1.4813980542673688,7.632783294297951e-17
tight_kappa_8_operator_gain_direction,8.0,True,1.425,1.475180351126271,0.05602318294773003,1.4762437689543768,6.938893903907228e-17
tight_kappa_8_operator_gain_direction,8.0,True,1.43,1.4700470439791764,0.055465742963499355,1.4710930494548629,2.3263411494723067e-16
tight_kappa_8_operator_gain_direction,8.0,True,1.435,1.4649172082923059,0.05491384959978661,1.4659460965631688,2.3263411494723067e-16
tight_kappa_8_operator_gain_direction,8.0,True,1.44,1.459791046958968,0.05436744766679556,1.4608031079332224,2.3263411494723067e-16
tight_kappa_8_operator_gain_direction,8.0,True,1.445,1.454668759669437,0.05382648252387753,1.455664278114673,6.938893903907228e-17
tight_kappa_8_operator_gain_direction,8.0,True,1.45,1.449550542948731,0.05329090007406746,1.4505297985886623,6.245004513516506e-17
tight_kappa_8_operator_gain_direction,8.0,True,1.455,1.4444365901939822,0.05276064675867401,1.4453998578032348,6.245004513516506e-17
tight_kappa_8_operator_gain_direction,8.0,True,1.46,1.4393270917114092,0.05223566955192379,1.4402746412083915,6.938893903907228e-17
tight_kappa_8_operator_gain_direction,8.0,True,1.465,1.4342222347528886,0.051715915955658616,1.435154331290786,6.938893903907228e-17
tight_kappa_8_operator_gain_direction,8.0,True,1.47,1.4291222035521371,0.05120133399408577,1.4300391076080716,2.3479724158959924e-16
tight_kappa_8_operator_gain_direction,8.0,True,1.475,1.424027179360502,0.05069187220858023,1.4249291468229002,6.938893903907228e-17
tight_kappa_8_operator_gain_direction,8.0,True,1.48,1.4189373404823686,0.05018747965253894,1.4198246227365727,2.3263411494723067e-16
tight_kappa_8_operator_gain_direction,8.0,True,1.485,1.4138528623101858,0.049688105886285916,1.41472570632235,2.3263411494723067e-16
tight_kappa_8_operator_gain_direction,8.0,True,1.49,1.4087739173591156,0.04919370097202844,1.4096325657584226,2.3479724158959924e-16
tight_kappa_8_operator_gain_direction,8.0,True,1.495,1.403700675301308,0.048704215468863034,1.4045453664605445,6.938893903907228e-17
tight_kappa_8_operator_gain_direction,8.0,True,1.5,1.3986333029998088,0.048219600427831515,1.3994642711143341,4.494775313252277e-16
tight_kappa_8_operator_gain_direction,8.0,True,1.5050000000000001,1.3935719645420996,0.04773980738702589,1.3943894397072423,6.938893903907228e-17
tight_kappa_8_operator_gain_direction,8.0,True,1.51,1.3885168212732795,0.047264788366742305,1.3893210295601968,4.494775313252277e-16
tight_kappa_8_operator_gain_direction,8.0,True,1.5150000000000001,1.3834680318288832,0.04679449586468282,1.384259195358916,6.938893903907228e-17
tight_kappa_8_operator_gain_direction,8.0,True,1.52,1.3784257521673533,0.046328882851205365,1.379204089184909,4.494775313252277e-16
tight_kappa_8_operator_gain_direction,8.0,True,1.5250000000000001,1.3733901356021532,0.04586790276462054,1.3741558605461484,4.494775313252277e-16
tight_kappa_8_operator_gain_direction,8.0,True,1.53,1.3683613328335398,0.04541150950653558,1.369114656407433,6.938893903907228e-17
tight_kappa_8_operator_gain_direction,8.0,True,1.5350000000000001,1.363339491979989,0.04495965743724431,1.3640806212204355,6.245004513516506e-17
tight_kappa_8_operator_gain_direction,8.0,True,1.54,1.3583247586092841,0.044512301371163285,1.3590538969534385,6.245004513516506e-17
tight_kappa_8_operator_gain_direction,8.0,True,1.545,1.353317275769265,0.04406939657231309,1.3540346231207652,5.551115123125783e-17
tight_kappa_8_operator_gain_direction,8.0,True,1.55,1.3483171840182473,0.043630898749844715,1.3490229368119044,6.245004513516506e-17
tight_kappa_8_operator_gain_direction,8.0,True,1.555,1.3433246214551111,0.04319676405361056,1.3440189727203338,2.2887833992611187e-16
tight_kappa_8_operator_gain_direction,8.0,True,1.56,1.338339723749063,0.04276694906977916,1.3390228631720429,2.2887833992611187e-16
tight_kappa_8_operator_gain_direction,8.0,True,1.565,1.3333626241690781,0.04234141081649401,1.3340347381537638,2.2887833992611187e-16
tight_kappa_8_operator_gain_direction,8.0,True,1.57,1.3283934536130184,0.0419201067395751,1.3290547253409017,4.484587321511725e-16
tight_kappa_8_operator_gain_direction,8.0,True,1.575,1.3234323406364412,0.04150299470826372,1.3240829501251814,4.484587321511725e-16
tight_kappa_8_operator_gain_direction,8.0,True,1.58,1.3184794114810892,0.04109003301100909,1.3191195356419998,6.245004513516506e-17
tight_kappa_8_operator_gain_direction,8.0,True,1.585,1.3135347901030747,0.04068118035129738,1.3141646027974971,4.484587321511725e-16
tight_kappa_8_operator_gain_direction,8.0,True,1.59,1.308598598200757,0.040276395843521884,1.3092182702953432,4.47545209131181e-16
tight_kappa_8_operator_gain_direction,8.0,True,1.595,1.3036709552423165,0.03987563900889453,1.3042806546632446,2.3263411494723067e-16
tight_kappa_8_operator_gain_direction,8.0,True,1.6,1.2987519784930273,0.03947886977139786,1.299351870279171,6.245004513516506e-17
tight_kappa_8_operator_gain_direction,8.0,True,1.605,1.2938417830422373,0.039086048453777514,1.2944320293973133,2.306595211858756e-16
tight_kappa_8_operator_gain_direction,8.0,True,1.61,1.2889404818300498,0.038697135773574344,1.289521242173761,4.484587321511725e-16
tight_kappa_8_operator_gain_direction,8.0,True,1.615,1.2840481856737187,0.038312092839196274,1.284619616691917,2.306595211858756e-16
tight_kappa_8_operator_gain_direction,8.0,True,1.62,1.2791650032937518,0.03793088114602895,1.27972725898764,4.484587321511725e-16
tight_kappa_8_operator_gain_direction,8.0,True,1.625,1.2742910413397344,0.037553462572585426,1.2748442730741254,6.690547565963516e-16
tight_kappa_8_operator_gain_direction,8.0,True,1.6300000000000001,1.2694264044158663,0.0371797993766938,1.2699707609665214,2.2887833992611187e-16
tight_kappa_8_operator_gain_direction,8.0,True,1.635,1.264571195106224,0.036809854191723126,1.265106822706288,2.2887833992611187e-16
tight_kappa_8_operator_gain_direction,8.0,True,1.6400000000000001,1.2597255139997448,0.03644359002284659,1.2602525563852962,4.47545209131181e-16
tight_kappa_8_operator_gain_direction,8.0,True,1.645,1.2548894597149396,0.03608097024334212,1.255408058169675,2.2729511820139823e-16
tight_kappa_8_operator_gain_direction,8.0,True,1.6500000000000001,1.2500631289243331,0.03572195859092954,1.250573422323402,4.85722573273506e-17
tight_kappa_8_operator_gain_direction,8.0,True,1.655,1.24524661637864,0.03536651916414446,1.2457487412316497,4.85722573273506e-17
tight_kappa_8_operator_gain_direction,8.0,True,1.6600000000000001,1.2404400149306727,0.03501461641874798,1.2409341054238776,5.551115123125783e-17
tight_kappa_8_operator_gain_direction,8.0,True,1.665,1.235643415558992,0.03466621516417234,1.2361296035966862,4.163336342344337e-17
tight_kappa_8_operator_gain_direction,8.0,True,1.67,1.2308569073912934,0.03432128056000172,1.2313353226364203,2.2591401799415137e-16
tight_kappa_8_operator_gain_direction,8.0,True,1.675,1.2260805777275419,0.03397977811248825,1.2265513476415395,2.2729511820139823e-16
tight_kappa_8_operator_gain_direction,8.0,True,1.68,1.2213145120628504,0.03364167367110262,1.2217777619447454,2.2591401799415137e-16
tight_kappa_8_operator_gain_direction,8.0,True,1.685,1.2165587941101064,0.0333069334251189,1.217014647134874,4.163336342344337e-17
tight_kappa_8_operator_gain_direction,8.0,True,1.69,1.2118135058223538,0.03297552390023358,1.2122620830785558,2.2729511820139823e-16
tight_kappa_8_operator_gain_direction,8.0,True,1.695,1.207078727414924,0.03264741195521797,1.2075201479416424,4.163336342344337e-17
tight_kappa_8_operator_gain_direction,8.0,True,1.7,1.2023545373873286,0.032322564778604165,1.2027889182104081,2.2473876566261383e-16
tight_kappa_8_operator_gain_direction,8.0,True,1.705,1.1976410125449062,0.03200094988540376,1.1980684687125174,4.163336342344337e-17
tight_kappa_8_operator_gain_direction,8.0,True,1.71,1.192938228020237,0.031682535113859454,1.1933588726377762,4.85722573273506e-17
tight_kappa_8_operator_gain_direction,8.0,True,1.715,1.1882462572943153,0.03136728862222873,1.1886602015586534,4.163336342344337e-17
tight_kappa_8_operator_gain_direction,8.0,True,1.72,1.1835651722174947,0.031055178885599728,1.1839725254505886,2.2530044628618934e-16
tight_kappa_8_operator_gain_direction,8.0,True,1.725,1.1788950430301963,0.030746174692738677,1.1792959127120746,2.2591401799415137e-16
tight_kappa_8_operator_gain_direction,8.0,True,1.73,1.1742359383833951,0.03044024514296881,1.1746304301845312,3.8163916471489756e-17
tight_kappa_8_operator_gain_direction,8.0,True,1.735,1.1695879253588732,0.030137359643080185,1.1699761431719577,3.8163916471489756e-17
tight_kappa_8_operator_gain_direction,8.0,True,1.74,1.1649510694892566,0.02983748790427043,1.165333115460382,2.2591401799415137e-16
tight_kappa_8_operator_gain_direction,8.0,True,1.745,1.1603254347778242,0.029540599939115744,1.1607014093370913,4.163336342344337e-17
tight_kappa_8_operator_gain_direction,8.0,True,1.75,1.1557110837181022,0.029246666058572235,1.1560810856096608,3.8163916471489756e-17
tight_kappa_8_operator_gain_direction,8.0,True,1.7550000000000001,1.151108077313239,0.02895565686900687,1.151472203624776,3.8163916471489756e-17
tight_kappa_8_operator_gain_direction,8.0,True,1.76,1.1465164750951673,0.02866754326925821,1.1468748212868491,2.2591401799415137e-16
tight_kappa_8_operator_gain_direction,8.0,True,1.7650000000000001,1.141936335143553,0.028382296447726166,1.1422889950764366,2.2530044628618934e-16
tight_kappa_8_operator_gain_direction,8.0,True,1.77,1.1373677141045346,0.0280998878794909,1.1377147800684557,3.8163916471489756e-17
tight_kappa_8_operator_gain_direction,8.0,True,1.7750000000000001,1.1328106672092542,0.027820289323460222,1.1331522299502026,4.163336342344337e-17
tight_kappa_8_operator_gain_direction,8.0,True,1.78,1.1282652482921833,0.027543472819545552,1.1286013970391775,2.2530044628618934e-16
tight_kappa_8_operator_gain_direction,8.0,True,1.7850000000000001,1.1237315098092442,0.027269410685865796,1.1240623323007126,2.2591401799415137e-16
tight_kappa_8_operator_gain_direction,8.0,True,1.79,1.1192095028557323,0.026998075515979224,1.1195350853654127,2.2530044628618934e-16
tight_kappa_8_operator_gain_direction,8.0,True,1.795,1.1146992771840358,0.02672944017614272,1.1150197045464003,4.460365043975677e-16
tight_kappa_8_operator_gain_direction,8.0,True,1.8,1.110200881221161,0.026463477802598424,1.110516236856378,2.2591401799415137e-16
tight_kappa_8_operator_gain_direction,8.0,True,1.805,1.105714362086061,0.026200161798887376,1.1060247280245015,4.163336342344337e-17
tight_kappa_8_operator_gain_direction,8.0,True,1.81,1.1012397656067712,0.025939465833189745,1.1015452225130693,2.2591401799415137e-16
tight_kappa_8_operator_gain_direction,8.0,True,1.815,1.096777136337356,0.025681363835691737,1.0970777635340314,2.2530044628618934e-16
tight_kappa_8_operator_gain_direction,8.0,True,1.82,1.0923265175746624,0.025425829995978498,1.092622393065314,4.457260490768918e-16
tight_kappa_8_operator_gain_direction,8.0,True,1.825,1.0878879513748911,0.025172838760453127,1.0881791518669697,2.2530044628618934e-16
tight_kappa_8_operator_gain_direction,8.0,True,1.83,1.0834614785699774,0.024922364829781225,1.083748079497145,4.454424009010536e-16
tight_kappa_8_operator_gain_direction,8.0,True,1.835,1.0790471387837954,0.024674383156361022,1.0793292143278819,4.454424009010536e-16
tight_kappa_8_operator_gain_direction,8.0,True,1.84,1.074644970448174,0.024428868941818498,1.0749225935607332,4.454424009010536e-16
tight_kappa_8_operator_gain_direction,8.0,True,1.845,1.0702550108187392,0.024185797634527627,1.0705282532422196,4.451856111102413e-16
tight_kappa_8_operator_gain_direction,8.0,True,1.85,1.0658772959905745,0.023945144927155094,1.066146228279105,6.668652496727995e-16
tight_kappa_8_operator_gain_direction,8.0,True,1.855,1.0615118609137102,0.02370688675422964,1.061776552453512,6.667118051786499e-16
tight_kappa_8_operator_gain_direction,8.0,True,1.86,1.0571587394084347,0.023470999289735405,1.0574192584378674,4.449557262054371e-16
tight_kappa_8_operator_gain_direction,8.0,True,1.865,1.0528179641804372,0.023237458944729384,1.0530743778096816,4.449557262054371e-16
tight_kappa_8_operator_gain_direction,8.0,True,1.87,1.0484895668357765,0.023006242364982436,1.0487419410661665,4.451856111102413e-16
tight_kappa_8_operator_gain_direction,8.0,True,1.875,1.0441735778956873,0.022777326428643933,1.0444219776386927,6.667118051786499e-16
tight_kappa_8_operator_gain_direction,8.0,True,1.8800000000000001,1.0398700268112135,0.022550688243929452,1.0401145159070846,6.668652496727995e-16
tight_kappa_8_operator_gain_direction,8.0,True,1.885,1.0355789419776815,0.02232630514683168,1.0358195832137582,4.449557262054371e-16
tight_kappa_8_operator_gain_direction,8.0,True,1.8900000000000001,1.031300350749007,0.022104154698853892,1.0315372058777017,6.668652496727995e-16
tight_kappa_8_operator_gain_direction,8.0,True,1.895,1.0270342794518443,0.021884214684766194,1.0272674092083025,6.667118051786499e-16
tight_kappa_8_operator_gain_direction,8.0,True,1.9000000000000001,1.0227807533995716,0.021666463110383866,1.023010217519018,4.451856111102413e-16
tight_kappa_8_operator_gain_direction,8.0,True,1.905,1.0185397969061218,0.02145087820036803,1.0187656541408976,4.451856111102413e-16
tight_kappa_8_operator_gain_direction,8.0,True,1.9100000000000001,1.0143114332996548,0.021237438396048018,1.0145337414359494,6.668652496727995e-16
tight_kappa_8_operator_gain_direction,8.0,True,1.915,1.0100956849360772,0.021026122353265543,1.0103145008103651,4.451856111102413e-16
tight_kappa_8_operator_gain_direction,8.0,True,1.92,1.0058925732124067,0.020816908940240225,1.0061079527275905,4.449557262054371e-16
tight_kappa_8_operator_gain_direction,8.0,True,1.925,1.001702118579986,0.020609777235456397,1.0019141167212524,4.451856111102413e-16
tight_kappa_8_operator_gain_direction,8.0,True,1.93,0.9975243405575492,0.020404706525570998,0.9977330114079458,3.345273782981758e-16
tight_kappa_8_operator_gain_direction,8.0,True,1.935,0.9933592577441354,0.020201676303342127,0.9935646544998693,6.668652496727995e-16
tight_kappa_8_operator_gain_direction,8.0,True,1.94,0.9892068878318601,0.020000666265578386,0.989409062817327,3.3422138886441676e-16
tight_kappa_8_operator_gain_direction,8.0,True,1.945,0.9850672476185376,0.01980165631110847,0.9852662523010846,3.3422138886441676e-16
tight_kappa_8_operator_gain_direction,8.0,True,1.95,0.9809403530201639,0.019604626538771108,0.9811362380245918,4.451856111102413e-16
tight_kappa_8_operator_gain_direction,8.0,True,1.955,0.9768262190832536,0.01940955724542486,0.977019034206063,4.449557262054371e-16
tight_kappa_8_operator_gain_direction,8.0,True,1.96,0.9727248599970395,0.019216428923977846,0.9729146542204257,5.558049685633556e-16
tight_kappa_8_operator_gain_direction,8.0,True,1.965,0.9686362891055306,0.019025222261436967,0.9688231106111322,4.449557262054371e-16
tight_kappa_8_operator_gain_direction,8.0,True,1.97,0.9645605189194344,0.018835918136976645,0.9647444151018401,4.447527879066319e-16
tight_kappa_8_operator_gain_direction,8.0,True,1.975,0.9604975611279414,0.018648497620026662,0.9606785786079586,4.447527879066319e-16
tight_kappa_8_operator_gain_direction,8.0,True,1.98,0.9564474266103773,0.018462941968379155,0.9566256112480686,5.558049685633556e-16
tight_kappa_8_operator_gain_direction,8.0,True,1.985,0.9524101254477184,0.018279232626314316,0.9525855223552087,6.667118051786499e-16
tight_kappa_8_operator_gain_direction,8.0,True,1.99,0.9483856669339792,0.018097351222744862,0.9485583204880382,5.558049685633556e-16
tight_kappa_8_operator_gain_direction,8.0,True,1.995,0.9443740595874659,0.01791727956937885,0.9445440134418712,6.66576383644281e-16
tight_kappa_8_operator_gain_direction,8.0,True,2.0,0.9403753111619035,0.0177389996589009,0.9405426082595862,7.774348620928472e-16
tight_kappa_8_operator_gain_direction,8.0,True,2.005,0.9363894286574338,0.017562493663171388,0.936554111242412,6.66576383644281e-16
tight_kappa_8_operator_gain_direction,8.0,True,2.0100000000000002,0.9324164183314865,0.017387743931443638,0.932578527960591,6.66576383644281e-16
tight_kappa_8_operator_gain_direction,8.0,True,2.015,0.9284562857095285,0.017214732988598883,0.9286158632639238,8.88510394574245e-16
tight_kappa_8_operator_gain_direction,8.0,True,2.02,0.924509035595685,0.017043443533398647,0.9246661212921882,6.66576383644281e-16
tight_kappa_8_operator_gain_direction,8.0,True,2.025,0.9205746720832408,0.016873858436754666,0.9207293054854451,7.775354953989597e-16
tight_kappa_8_operator_gain_direction,8.0,True,2.0300000000000002,0.9166531985650211,0.016705960740015943,0.9168054185942244,5.556425174043347e-16
tight_kappa_8_operator_gain_direction,8.0,True,2.035,0.9127446177436516,0.016539733653272916,0.9128944626895958,7.775354953989597e-16
tight_kappa_8_operator_gain_direction,8.0,True,2.04,0.9088489316416989,0.016375160553678374,0.9089964391731225,6.667118051786499e-16
tight_kappa_8_operator_gain_direction,8.0,True,2.045,0.9049661416116958,0.01621222498378521,0.905111348786703,6.667118051786499e-16
tight_kappa_8_operator_gain_direction,8.0,True,2.05,0.9010962483460496,0.01605091064990066,0.9012391916222999,5.558049685633556e-16
tight_kappa_8_operator_gain_direction,8.0,True,2.055,0.8972392518868354,0.01589120142045689,0.8973799671315567,5.556425174043347e-16
tight_kappa_8_operator_gain_direction,8.0,True,2.06,0.8933951516354773,0.01573308132439789,0.8935336741353052,6.66576383644281e-16
tight_kappa_8_operator_gain_direction,8.0,True,2.065,0.8895639463623144,0.015576534549582273,0.8897003108329619,5.557210413939996e-16
tight_kappa_8_operator_gain_direction,8.0,True,2.07,0.8857456342160587,0.015421545441202106,0.8858798748118184,5.557210413939996e-16
tight_kappa_8_operator_gain_direction,8.0,True,2.075,0.8819402127331408,0.015268098500217375,0.8820723630562234,5.557210413939996e-16
tight_kappa_8_operator_gain_direction,8.0,True,2.08,0.8781476788469501,0.015116178381806138,0.8782777719566611,4.447527879066319e-16
tight_kappa_8_operator_gain_direction,8.0,True,2.085,0.8743680288969617,0.01496576989382994,0.8744960973187206,5.555693988854115e-16
tight_kappa_8_operator_gain_direction,8.0,True,2.09,0.8706012586377633,0.014816857995314639,0.8707273343719668,5.555693988854115e-16
tight_kappa_8_operator_gain_direction,8.0,True,2.095,0.8668473632479713,0.01466942779494628,0.866971477778705,7.775354953989597e-16
tight_kappa_8_operator_gain_direction,8.0,True,2.1,0.8631063373390481,0.014523464549581993,0.8632285216426469,6.665154349771345e-16
tight_kappa_8_operator_gain_direction,8.0,True,2.105,0.85937817496401,0.014378953662775591,0.8594984595174728,6.664589960562512e-16
tight_kappa_8_operator_gain_direction,8.0,True,2.11,0.8556628696260391,0.014235880683317968,0.8557812844152983,5.555693988854115e-16
tight_kappa_8_operator_gain_direction,8.0,True,2.115,0.8519604142869897,0.014094231303791938,0.8520769888150389,5.555016879717332e-16
tight_kappa_8_operator_gain_direction,8.0,True,2.12,0.8482708013757992,0.01395399135914153,0.8483855646706818,5.555016879717332e-16
tight_kappa_8_operator_gain_direction,8.0,True,2.125,0.8445940227967956,0.013815146825255403,0.8447070034194564,6.664589960562512e-16
tight_kappa_8_operator_gain_direction,8.0,True,2.13,0.8409300699379113,0.013677683817564462,0.8410412959899137,5.555016879717332e-16
tight_kappa_8_operator_gain_direction,8.0,True,2.1350000000000002,0.837278933678797,0.013541588589653373,0.8373884328099086,6.664589960562512e-16
tight_kappa_8_operator_gain_direction,8.0,True,2.14,0.8336406043988445,0.013406847531885955,0.8337484038144924,7.774348620928472e-16
tight_kappa_8_operator_gain_direction,8.0,True,2.145,0.8300150719851085,0.013273447170044137,0.8301211984537081,5.554393866409443e-16
tight_kappa_8_operator_gain_direction,8.0,True,2.15,0.8264023258401406,0.013141374163980566,0.8265068057002989,6.664070680274406e-16
tight_kappa_8_operator_gain_direction,8.0,True,2.1550000000000002,0.8228023548897281,0.013010615306284563,0.822905214057324,6.664070680274406e-16
tight_kappa_8_operator_gain_direction,8.0,True,2.16,0.819215147590542,0.012881157520961417,0.8193164115656865,7.773497006583637e-16
tight_kappa_8_operator_gain_direction,8.0,True,2.165,0.8156406919376932,0.012752987862124698,0.8157403858115708,6.663596519452762e-16
tight_kappa_8_operator_gain_direction,8.0,True,2.17,0.8120789754722003,0.01262609351270172,0.8121771239337944,7.773497006583637e-16
tight_kappa_8_operator_gain_direction,8.0,True,2.1750000000000003,0.8085299852883688,0.012500461783151779,0.8086266126310722,6.663596519452762e-16
tight_kappa_8_operator_gain_direction,8.0,True,2.18,0.8049937080410828,0.01237608011019725,0.8050888381691962,6.663167487729883e-16
tight_kappa_8_operator_gain_direction,8.0,True,2.185,0.8014701299530076,0.012252936055567177,0.8015637863881282,6.663167487729883e-16
tight_kappa_8_operator_gain_direction,8.0,True,2.19,0.7979592368217101,0.012131017304753472,0.7980514427090113,6.663167487729883e-16
tight_kappa_8_operator_gain_direction,8.0,True,2.195,0.7944610140266916,0.012010311665779459,0.7945517921410965,7.772800161809615e-16
tight_kappa_8_operator_gain_direction,8.0,True,2.2,0.7909754465363374,0.011890807067980638,0.791064819288588,7.772800161809615e-16
tight_kappa_8_operator_gain_direction,8.0,True,2.205,0.7875025189147852,0.011772491560797665,0.7875905083574082,6.663167487729883e-16
tight_kappa_8_operator_gain_direction,8.0,True,2.21,0.7840422153287067,0.011655353312581216,0.7841288431618794,6.662783593823664e-16
tight_kappa_8_operator_gain_direction,8.0,True,2.215,0.7805945195540133,0.01153938060940885,0.7806798071313293,5.553310198526139e-16
tight_kappa_8_operator_gain_direction,8.0,True,2.22,0.7771594149824773,0.0114245618539136,0.7772433833166161,5.552849575635886e-16
tight_kappa_8_operator_gain_direction,8.0,True,2.225,0.7737368846282772,0.011310885564124249,0.7738195543965768,5.552443111940229e-16
tight_kappa_8_operator_gain_direction,8.0,True,2.23,0.7703269111344598,0.01119834037231708,0.7704083026843962,5.552443111940229e-16
tight_kappa_8_operator_gain_direction,8.0,True,2.235,0.7669294767793288,0.011086915023879124,0.7670096101339029,7.772509791381445e-16
tight_kappa_8_operator_gain_direction,8.0,True,2.24,0.7635445634827535,0.010976598376182672,0.7636234583457874,6.662444845536706e-16
tight_kappa_8_operator_gain_direction,8.0,True,2.245,0.7601721528124038,0.010867379397471044,0.760249828573748,6.662783593823664e-16
tight_kappa_8_operator_gain_direction,8.0,True,2.25,0.7568122259899068,0.010759247165755343,0.7568887017305593,6.662783593823664e-16
tight_kappa_8_operator_gain_direction,8.0,True,2.255,0.7534647638969321,0.010652190867722289,0.7535400583940725,7.772509791381445e-16
tight_kappa_8_operator_gain_direction,8.0,True,2.2600000000000002,0.7501297470812004,0.01054619979765285,0.7502038788131382,6.662783593823664e-16
tight_kappa_8_operator_gain_direction,8.0,True,2.265,0.7468071557624226,0.010441263356351716,0.7468801429134638,7.772800161809615e-16
tight_kappa_8_operator_gain_direction,8.0,True,2.27,0.7434969698381634,0.010337371050087299,0.7435688303033943,7.772800161809615e-16
tight_kappa_8_operator_gain_direction,8.0,True,2.275,0.7401991688896351,0.010234512489542396,0.7402699202796269,6.662444845536706e-16
tight_kappa_8_operator_gain_direction,8.0,True,2.2800000000000002,0.7369137321874211,0.010132677388775227,0.7369833918328548,6.662444845536706e-16
tight_kappa_8_operator_gain_direction,8.0,True,2.285,0.7336406386971303,0.01003185556419087,0.7337092236533448,8.882394039786704e-16
tight_kappa_8_operator_gain_direction,8.0,True,2.29,0.7303798670849796,0.009932036933522839,0.7304473941364438,5.552443111940229e-16
tight_kappa_8_operator_gain_direction,8.0,True,2.295,0.727131395723311,0.009833211514824886,0.7271978813880206,7.772509791381445e-16
tight_kappa_8_operator_gain_direction,8.0,True,2.3000000000000003,0.72389520269604,0.009735369425472776,0.7239606632298411,8.88261425050294e-16
tight_kappa_8_operator_gain_direction,8.0,True,2.305,0.7206712658040382,0.009638500881176057,0.7207357172048788,8.882868333007365e-16
tight_kappa_8_operator_gain_direction,8.0,True,2.31,0.7174595625704469,0.009542596194999567,0.7175230205825579,6.662444845536706e-16
tight_kappa_8_operator_gain_direction,8.0,True,2.315,0.714260070245929,0.009447645776394767,0.7143225503639344,8.88261425050294e-16
tight_kappa_8_operator_gain_direction,8.0,True,2.32,0.7110727658138546,0.00935364013024067,0.7111342832868143,7.772509791381445e-16
tight_kappa_8_operator_gain_direction,8.0,True,2.325,0.7078976259954217,0.009260569855894315,0.707958195830806,7.772800161809615e-16
tight_kappa_8_operator_gain_direction,8.0,True,2.33,0.7047346272547164,0.009168425646250726,0.7047942642223153,8.882868333007365e-16
tight_kappa_8_operator_gain_direction,8.0,True,2.335,0.7015837458037069,0.009077198286812142,0.701642464439474,8.882868333007365e-16
tight_kappa_8_operator_gain_direction,8.0,True,2.34,0.6984449576071785,0.008986878654766595,0.6985027722170105,7.772800161809615e-16
tight_kappa_8_operator_gain_direction,8.0,True,2.345,0.6953182383876063,0.008897457718075609,0.6953751630510606,6.662783593823664e-16
tight_kappa_8_operator_gain_direction,8.0,True,2.35,0.6922035636299684,0.00880892653457101,0.6922596122039182,7.772800161809615e-16
tight_kappa_8_operator_gain_direction,8.0,True,2.355,0.6891009085864969,0.008721276251060667,0.6891560947087262,7.772509791381445e-16
tight_kappa_8_operator_gain_direction,8.0,True,2.36,0.6860102482813719,0.008634498102443182,0.6860645853741109,6.662783593823664e-16
tight_kappa_8_operator_gain_direction,8.0,True,2.365,0.6829315575153562,0.008548583410831374,0.6829850587887573,6.662444845536706e-16
tight_kappa_8_operator_gain_direction,8.0,True,2.37,0.6798648108703725,0.008463523584684501,0.6799174893259299,7.772258128235378e-16
tight_kappa_8_operator_gain_direction,8.0,True,2.375,0.6768099827140225,0.008379310117949054,0.6768618511479342,7.772258128235378e-16
tight_kappa_8_operator_gain_direction,8.0,True,2.38,0.6737670472040491,0.008295934589208185,0.6738181182105241,6.662151249755524e-16
tight_kappa_8_operator_gain_direction,8.0,True,2.3850000000000002,0.6707359782927443,0.008213388660839533,0.6707862642672544,7.772045176131504e-16
tight_kappa_8_operator_gain_direction,8.0,True,2.39,0.6677167497313009,0.008131664078181482,0.6677662628737792,7.772045176131504e-16
tight_kappa_8_operator_gain_direction,8.0,True,2.395,0.6647093350741078,0.00805075266870766,0.6647580873920943,7.772045176131504e-16
tight_kappa_8_operator_gain_direction,8.0,True,2.4,0.6617137076829932,0.007970646341209692,0.6617617109947284,7.772045176131504e-16
tight_kappa_8_operator_gain_direction,8.0,True,2.4050000000000002,0.6587298407314133,0.007891337084988063,0.6587771066688809,7.772258128235378e-16
tight_kappa_8_operator_gain_direction,8.0,True,2.41,0.6557577072085887,0.00781281696905108,0.6558042472205079,8.882207703377941e-16
tight_kappa_8_operator_gain_direction,8.0,True,2.415,0.6527972799235868,0.007735078141321701,0.6528431052783557,7.772258128235378e-16
tight_kappa_8_operator_gain_direction,8.0,True,2.42,0.6498485315093537,0.007658112827852375,0.6498936532979436,6.662151249755524e-16
tight_kappa_8_operator_gain_direction,8.0,True,2.4250000000000003,0.6469114344266942,0.007581913332047611,0.6469558635654968,6.661902812449847e-16
tight_kappa_8_operator_gain_direction,8.0,True,2.43,0.6439859609682027,0.007506472033894339,0.6440297082018307,6.662021385955968e-16
tight_kappa_8_operator_gain_direction,8.0,True,2.435,0.6410720832621403,0.007431781389199871,0.6411151591661809,8.882394039786704e-16
tight_kappa_8_operator_gain_direction,8.0,True,2.44,0.6381697732762664,0.007357833928837495,0.6382121882599906,6.662021385955968e-16
tight_kappa_8_operator_gain_direction,8.0,True,2.445,0.6352790028216185,0.0072846222579995516,0.6353207671306453,7.772258128235378e-16
tight_kappa_8_operator_gain_direction,8.0,True,2.45,0.6323997435562446,0.0072121390554579405,0.6324408672751621,6.662021385955968e-16
tight_kappa_8_operator_gain_direction,8.0,True,2.455,0.6295319669888879,0.007140377072832017,0.6295724600438304,7.772258128235378e-16
tight_kappa_8_operator_gain_direction,8.0,True,2.46,0.626675644482623,0.007069329133863711,0.6267155166438069,7.772258128235378e-16
tight_kappa_8_operator_gain_direction,8.0,True,2.465,0.6238307472584458,0.006998988133699919,0.6238700081426631,7.772258128235378e-16
tight_kappa_8_operator_gain_direction,8.0,True,2.47,0.6209972463988168,0.006929347038181999,0.6210359054718885,7.772379121149599e-16
tight_kappa_8_operator_gain_direction,8.0,True,2.475,0.6181751128511603,0.00686039888314238,0.6182131794303488,7.772258128235378e-16
tight_kappa_8_operator_gain_direction,8.0,True,2.48,0.6153643174313141,0.006792136773708093,0.615401800687697,7.772258128235378e-16
tight_kappa_8_operator_gain_direction,8.0,True,2.485,0.6125648308269389,0.006724553883611309,0.6126017397877432,6.662151249755524e-16
tight_kappa_8_operator_gain_direction,8.0,True,2.49,0.6097766236008796,0.006657643454506695,0.6098129671517786,7.772258128235378e-16
tight_kappa_8_operator_gain_direction,8.0,True,2.495,0.6069996661944868,0.006591398795295592,0.6070354530818584,7.772146813090736e-16
tight_kappa_8_operator_gain_direction,8.0,True,2.5,0.6042339289308897,0.0065258132814568675,0.6042691677640386,9.992549308008016e-16
tight_kappa_8_operator_gain_direction,8.0,True,2.505,0.6014793820182313,0.006460880354384486,0.6015140812715751,6.662292403188291e-16
tight_kappa_8_operator_gain_direction,8.0,True,2.5100000000000002,0.5987359955528567,0.006396593520731622,0.5987701635680756,8.882394039786704e-16
tight_kappa_8_operator_gain_direction,8.0,True,2.515,0.5960037395224642,0.006332946351761349,0.5960373845106158,8.882394039786704e-16
tight_kappa_8_operator_gain_direction,8.0,True,2.52,0.5932825838092096,0.006269932482703725,0.59331571385281,6.662151249755524e-16
tight_kappa_8_operator_gain_direction,8.0,True,2.525,0.5905724981927735,0.006207545612119333,0.5906051212478435,6.662151249755524e-16
tight_kappa_8_operator_gain_direction,8.0,True,2.5300000000000002,0.5878734523533864,0.006145779501269119,0.5879055762514653,8.882394039786704e-16
tight_kappa_8_operator_gain_direction,8.0,True,2.535,0.5851854158748148,0.006084627973490537,0.5852170483249405,6.662292403188291e-16
tight_kappa_8_operator_gain_direction,8.0,True,2.54,0.5825083582473053,0.006024084913579845,0.5825395068379629,7.772258128235378e-16
tight_kappa_8_operator_gain_direction,8.0,True,2.545,0.5798422488704923,0.005964144267180598,0.5798729210715307,6.662151249755524e-16
tight_kappa_8_operator_gain_direction,8.0,True,2.5500000000000003,0.5771870570562645,0.005904800040178202,0.577217260220782,6.662021385955968e-16
tight_kappa_8_operator_gain_direction,8.0,True,2.555,0.574542752031596,0.00584604629810051,0.5745724933977954,6.662021385955968e-16
tight_kappa_8_operator_gain_direction,8.0,True,2.56,0.5719093029413357,0.005787877165524351,0.5719385896343485,6.662021385955968e-16
tight_kappa_8_operator_gain_direction,8.0,True,2.565,0.5692866788509621,0.0057302868254879916,0.5693155178846443,6.661902812449847e-16
tight_kappa_8_operator_gain_direction,8.0,True,2.57,0.5666748487493005,0.005673269518909435,0.5667032470279986,6.661902812449847e-16
tight_kappa_8_operator_gain_direction,8.0,True,2.575,0.5640737815512022,0.0056168195440105045,0.5641017458714903,8.882296637151561e-16
tight_kappa_8_operator_gain_direction,8.0,True,2.58,0.5614834461001904,0.00556093125574668,0.5615109831525796,6.661795529840027e-16
tight_kappa_8_operator_gain_direction,8.0,True,2.585,0.5589038111710656,0.0055055990652425535,0.5589309275416859,6.661902812449847e-16
tight_kappa_8_operator_gain_direction,8.0,True,2.59,0.5563348454724802,0.005450817439232966,0.5563615476447347,6.661902812449847e-16
tight_kappa_8_operator_gain_direction,8.0,True,2.595,0.5537765176494761,0.005396580899509661,0.5538028120056682,6.661795529840027e-16
tight_kappa_8_operator_gain_direction,8.0,True,2.6,0.5512287962859874,0.005342884022373476,0.5512546891089228,8.882207703377941e-16
tight_kappa_8_operator_gain_direction,8.0,True,2.605,0.5486916499073093,0.005289721438091948,0.5487171473818709,7.772045176131504e-16
tight_kappa_8_operator_gain_direction,8.0,True,2.61,0.5461650469825329,0.0052370878303623445,0.546190155197231,7.772045176131504e-16
tight_kappa_8_operator_gain_direction,8.0,True,2.615,0.5436489559269466,0.005184977935780026,0.5436736808754435,8.882296637151561e-16
tight_kappa_8_operator_gain_direction,8.0,True,2.62,0.5411433451044063,0.00513338654331212,0.5411676926870169,8.882207703377941e-16
tight_kappa_8_operator_gain_direction,8.0,True,2.625,0.5386481828296684,0.005082308493776382,0.5386721588548361,6.661902812449847e-16
tight_kappa_8_operator_gain_direction,8.0,True,2.63,0.5361634373706949,0.005031738679325293,0.5361870475564438,8.882207703377941e-16
tight_kappa_8_operator_gain_direction,8.0,True,2.6350000000000002,0.5336890769509247,0.004981672042935262,0.5337123269262884,8.882207703377941e-16
tight_kappa_8_operator_gain_direction,8.0,True,2.64,0.5312250697515135,0.004932103577900936,0.5312479650579413,7.771953217737378e-16
tight_kappa_8_operator_gain_direction,8.0,True,2.645,0.5287713839135415,0.004883028327334499,0.5287939300062808,9.992312148834671e-16
tight_kappa_8_operator_gain_direction,8.0,True,2.65,0.5263279875401923,0.00483444138367,0.5263501897896504,8.882055243408597e-16
tight_kappa_8_operator_gain_direction,8.0,True,2.6550000000000002,0.5238948486988986,0.004786337888172579,0.5239167123919809,8.88212723872023e-16
tight_kappa_8_operator_gain_direction,8.0,True,2.66,0.5214719354234613,0.004738713030452607,0.5214934657648891,7.771870938251914e-16
tight_kappa_8_operator_gain_direction,8.0,True,2.665,0.5190592157161342,0.00469156204798462,0.5190804178297409,5.551663973342627e-16
tight_kappa_8_operator_gain_direction,8.0,True,2.67,0.5166566575496832,0.004644880225631081,0.5166775364796896,7.771870938251914e-16
tight_kappa_8_operator_gain_direction,8.0,True,2.6750000000000003,0.5142642288694139,0.004598662895170847,0.5142847895816834,7.771870938251914e-16
tight_kappa_8_operator_gain_direction,8.0,True,2.68,0.5118818975951724,0.004552905434832367,0.5119021449784452,6.661614839433911e-16
tight_kappa_8_operator_gain_direction,8.0,True,2.685,0.5095096316233146,0.004507603268831469,0.509529570490423,7.771798337982522e-16
tight_kappa_8_operator_gain_direction,8.0,True,2.69,0.5071473988286506,0.004462751866913804,0.5071670339177143,7.77173541720046e-16
tight_kappa_8_operator_gain_direction,8.0,True,2.695,0.5047951670663587,0.004418346743901802,0.5048145030419613,6.661541432556448e-16
tight_kappa_8_operator_gain_direction,8.0,True,2.7,0.5024529041738736,0.004374383459246154,0.5024719456282194,7.77173541720046e-16
tight_kappa_8_operator_gain_direction,8.0,True,2.705,0.500120577972747,0.004330857616581766,0.5001393294268005,5.551359063254697e-16
tight_kappa_8_operator_gain_direction,8.0,True,2.71,0.49779815627047974,0.004287764863288097,0.4978166221750855,6.661541432556448e-16
tight_kappa_8_operator_gain_direction,8.0,True,2.715,0.4954856068623297,0.004245100890053905,0.49550379159931546,6.106528479719149e-16
tight_kappa_8_operator_gain_direction,8.0,True,2.72,0.49318289753309147,0.004202861430446311,0.493200805416353,6.106528479719149e-16
tight_kappa_8_operator_gain_direction,8.0,True,2.725,0.4908899960588522,0.004161042260484162,0.4909076313354208,6.661541432556448e-16
tight_kappa_8_operator_gain_direction,8.0,True,2.73,0.48860687020871874,0.004119639198215608,0.48862423705981184,6.661541432556448e-16
tight_kappa_8_operator_gain_direction,8.0,True,2.735,0.486333487746522,0.00407864810329992,0.48635059028857675,5.551359063254697e-16
tight_kappa_8_operator_gain_direction,8.0,True,2.74,0.484069816432495,0.004038064876593442,0.4840866587181855,5.551359063254697e-16
tight_kappa_8_operator_gain_direction,8.0,True,2.745,0.48181582402492706,0.003997885459739693,0.4818324100441653,6.106448400037552e-16
tight_kappa_8_operator_gain_direction,8.0,True,2.75,0.4795714782817916,0.0039581058347635005,0.4795878119627125,6.106380639486716e-16
tight_kappa_8_operator_gain_direction,8.0,True,2.755,0.4773367469623518,0.003918722023669216,0.47735283217228225,6.106448400037552e-16
tight_kappa_8_operator_gain_direction,8.0,True,2.7600000000000002,0.47511159782874085,0.0038797300880429085,0.4751274383751535,6.106448400037552e-16
tight_kappa_8_operator_gain_direction,8.0,True,2.765,0.47289599864752,0.0038411261286585272,0.4729115982789717,6.106448400037552e-16
tight_kappa_8_operator_gain_direction,8.0,True,2.77,0.4706899171912111,0.0038029062850879615,0.47070527959826663,6.106448400037552e-16
tight_kappa_8_operator_gain_direction,8.0,True,2.775,0.46849332123980775,0.0037650667353150034,0.4685084500559484,6.661508963871857e-16
tight_kappa_8_operator_gain_direction,8.0,True,2.7800000000000002,0.46630617858226303,0.0037276036953531396,0.4663210773847811,5.551320101314548e-16
tight_kappa_8_operator_gain_direction,8.0,True,2.785,0.464128457017955,0.003690513418867161,0.46414312932883384,6.10641297984341e-16
tight_kappa_8_operator_gain_direction,8.0,True,2.79,0.4619601243581287,0.003653792196798507,0.4619745736449087,6.10641297984341e-16
tight_kappa_8_operator_gain_direction,8.0,True,2.795,0.45980114842731745,0.0036174363569943706,0.4598153781039483,6.106380639486716e-16
tight_kappa_8_operator_gain_direction,8.0,True,2.8000000000000003,0.45765149706474145,0.0035814422638404705,0.45766551049242093,5.551284527130373e-16
tight_kappa_8_operator_gain_direction,8.0,True,2.805,0.4555111381256859,0.0035458063178975025,0.45552493861368526,5.551284527130373e-16
tight_kappa_8_operator_gain_direction,8.0,True,2.81,0.4533800394828559,0.0035105249555411728,0.453393630289332,6.106380639486716e-16
tight_kappa_8_operator_gain_direction,8.0,True,2.815,0.4512581690277123,0.003475594648605844,0.4512715533605069,6.10641297984341e-16
tight_kappa_8_operator_gain_direction,8.0,True,2.82,0.4491454946717858,0.003441011904031715,0.4491586756892122,6.10641297984341e-16
tight_kappa_8_operator_gain_direction,8.0,True,2.825,0.44704198434797016,0.003406773263515505,0.44705496515958726,5.551320101314548e-16
tight_kappa_8_operator_gain_direction,8.0,True,2.83,0.4449476060117963,0.003372875303164637,0.4449603896791706,5.551320101314548e-16
tight_kappa_8_operator_gain_direction,8.0,True,2.835,0.4428623276426847,0.0033393146331548245,0.44287491718013994,4.996231363369972e-16
tight_kappa_8_operator_gain_direction,8.0,True,2.84,0.4407861172451792,0.003306087897391099,0.44079851562053396,4.996191836811302e-16
tight_kappa_8_operator_gain_direction,8.0,True,2.845,0.4387189428501607,0.003273191773172192,0.43873115298545484,4.441103851688971e-16
tight_kappa_8_operator_gain_direction,8.0,True,2.85,0.4366607725160422,0.0032406229708582743,0.4366727972882511,4.996156074417336e-16
tight_kappa_8_operator_gain_direction,8.0,True,2.855,0.43461157432994285,0.00320837823354197,0.43462341657168096,5.551252340767301e-16
tight_kappa_8_operator_gain_direction,8.0,True,2.86,0.43257131640884533,0.0031764543367226775,0.43258297890905817,4.441103851688971e-16
tight_kappa_8_operator_gain_direction,8.0,True,2.865,0.4305399669007326,0.0031448480879841087,0.43055145240537795,4.996156074417336e-16
tight_kappa_8_operator_gain_direction,8.0,True,2.87,0.4285174939857084,0.0031135563266750568,0.4285288051984265,4.996124076268905e-16
tight_kappa_8_operator_gain_direction,8.0,True,2.875,0.42650386587709666,0.003082575923593311,0.42651500545987026,5.551223542284261e-16
tight_kappa_8_operator_gain_direction,8.0,True,2.88,0.4244990508225253,0.0030519037806727464,0.42451002139632865,4.441063619360115e-16
tight_kappa_8_operator_gain_direction,8.0,True,2.8850000000000002,0.42250301710499083,0.003021536830673508,0.4225138212504288,4.996156074417336e-16
tight_kappa_8_operator_gain_direction,8.0,True,2.89,0.4205157330439065,0.0029914720368752956,0.4205263733018435,4.440995858824498e-16
tight_kappa_8_operator_gain_direction,8.0,True,2.895,0.4185371669961312,0.002961706392773672,0.41854764586831017,3.885935469125957e-16
tight_kappa_8_operator_gain_direction,8.0,True,2.9,0.41656728735698323,0.0029322369217794227,0.41657760730663485,3.885935469125957e-16
tight_kappa_8_operator_gain_direction,8.0,True,2.9050000000000002,0.4146060625612356,0.0029030606769208877,0.41461622601367776,4.996124076268905e-16
tight_kappa_8_operator_gain_direction,8.0,True,2.91,0.41265346108409595,0.0028741747405492727,0.41266347042732376,4.996124076268905e-16
tight_kappa_8_operator_gain_direction,8.0,True,2.915,0.41070945144216786,0.0028455762240468664,0.4107193090274346,3.885935469125957e-16
tight_kappa_8_operator_gain_direction,8.0,True,2.92,0.4087740021943976,0.002817262267538186,0.4087837103367861,3.885899168991261e-16
tight_kappa_8_operator_gain_direction,8.0,True,2.9250000000000003,0.40684708194300384,0.0027892300396039835,0.4068566429219893,3.885899168991261e-16
tight_kappa_8_operator_gain_direction,8.0,True,2.93,0.40492865933439226,0.00276147673699811,0.40493807539439564,4.441027621704298e-16
tight_kappa_8_operator_gain_direction,8.0,True,2.935,0.40301870306005266,0.0027339995843671744,0.4030279764109859,3.885935469125957e-16
tight_kappa_8_operator_gain_direction,8.0,True,2.94,0.40111718185744194,0.0027067958339730166,0.4011263146752441,4.440968330811577e-16
tight_kappa_8_operator_gain_direction,8.0,True,2.945,0.39922406451085124,0.0026798627654179264,0.3992330589380165,4.440968330811577e-16
tight_kappa_8_operator_gain_direction,8.0,True,2.95,0.3973393198522577,0.002653197685372602,0.397348177998355,4.440968330811577e-16
tight_kappa_8_operator_gain_direction,8.0,True,2.955,0.39546291676216155,0.0026267979273068226,0.3954716407043458,4.440968330811577e-16
tight_kappa_8_operator_gain_direction,8.0,True,2.96,0.39359482417040764,0.0026006608512227796,0.39360341595392334,3.88586770860023e-16
tight_kappa_8_operator_gain_direction,8.0,True,2.965,0.39173501105699277,0.0025747838433910833,0.39174347269566906,4.440968330811577e-16
tight_kappa_8_operator_gain_direction,8.0,True,2.97,0.38988344645285855,0.002549164316089384,0.38989177992959717,4.996095842438336e-16
tight_kappa_8_operator_gain_direction,8.0,True,2.975,0.3880400994406703,0.0025237997073436066,0.3880483067079253,4.440995858824498e-16
tight_kappa_8_operator_gain_direction,8.0,True,2.98,0.38620493915558035,0.0024986874806717375,0.3862130221358306,4.440968330811577e-16
tight_kappa_8_operator_gain_direction,8.0,True,2.985,0.3843779347859788,0.002473825124830182,0.3843858953721929,4.440945037744289e-16
tight_kappa_8_operator_gain_direction,8.0,True,2.99,0.38255905557423014,0.0024492101535626347,0.38256689563032403,4.440968330811577e-16
tight_kappa_8_operator_gain_direction,8.0,True,2.995,0.3807482708173962,0.0024248401053514617,0.38075599217868367,3.885841088070414e-16
tight_kappa_8_operator_gain_direction,8.0,True,3.0,0.3789455498679448,0.0024007125431715305,0.37895315434158083,4.996050667977548e-16
tight_kappa_8_operator_gain_direction,8.0,True,3.005,0.37715086213444654,0.0023768250542465165,0.37715835149986376,3.885841088070414e-16
tight_kappa_8_operator_gain_direction,8.0,True,3.0100000000000002,0.37536417708225694,0.0023531752498076194,0.37537155309159514,4.440945037744289e-16
tight_kappa_8_operator_gain_direction,8.0,True,3.015,0.37358546423418754,0.0023297607648546915,0.37359272861271653,4.44092597968927e-16
tight_kappa_8_operator_gain_direction,8.0,True,3.02,0.3718146931711616,0.002306579257919722,0.3718218476176973,4.440945037744289e-16
tight_kappa_8_operator_gain_direction,8.0,True,3.025,0.3700518335328594,0.002283628410832701,0.37005887972017354,3.885841088070414e-16
tight_kappa_8_operator_gain_direction,8.0,True,3.0300000000000002,0.3682968550183497,0.0022609059284897904,0.36830379459357293,3.885841088070414e-16
tight_kappa_8_operator_gain_direction,8.0,True,3.035,0.3665497273867099,0.0022384095386238263,0.36655656197172887,4.440945037744289e-16
tight_kappa_8_operator_gain_direction,8.0,True,3.04,0.3648104204576326,0.0022161369915770714,0.3648171516494806,4.440945037744289e-16
tight_kappa_8_operator_gain_direction,8.0,True,3.045,0.3630789041120216,0.0021940860600762617,0.36308553348326283,3.3307142486596306e-16
tight_kappa_8_operator_gain_direction,8.0,True,3.0500000000000003,0.36135514829257437,0.002172254539009868,0.36136167739168285,4.440945037744289e-16
tight_kappa_8_operator_gain_direction,8.0,True,3.055,0.3596391230043552,0.0021506402452075965,0.35964555335608706,3.330739659206466e-16
tight_kappa_8_operator_gain_direction,8.0,True,3.06,0.3579307983153536,0.0021292410172220515,0.35793713142111394,3.885841088070414e-16
tight_kappa_8_operator_gain_direction,8.0,True,3.065,0.35623014435703415,0.0021080547151126018,0.35623638169523797,3.8858193075012817e-16
tight_kappa_8_operator_gain_direction,8.0,True,3.0700000000000003,0.3545371313248726,0.00208707922023138,0.3545432743513004,3.8858193075012817e-16
tight_kappa_8_operator_gain_direction,8.0,True,3.075,0.3528517294788834,0.0020663124350114213,0.35285777962703074,3.330739659206466e-16
tight_kappa_8_operator_gain_direction,8.0,True,3.08,0.3511739091441334,0.0020457522827568965,0.3511798678255552,3.330739659206466e-16
tight_kappa_8_operator_gain_direction,8.0,True,3.085,0.3495036407112466,0.0020253967074354466,0.34950950931589636,3.330770716278224e-16
tight_kappa_8_operator_gain_direction,8.0,True,3.09,0.3478408946368977,0.002005243673472577,0.34784667453346074,3.330739659206466e-16
tight_kappa_8_operator_gain_direction,8.0,True,3.095,0.3461856414442944,0.001985291165548094,0.3461913339805166,3.88586770860023e-16
tight_kappa_8_operator_gain_direction,8.0,True,3.1,0.34453785172365053,0.001965537188394583,0.3445434582266614,2.7756422635651865e-16
tight_kappa_8_operator_gain_direction,8.0,True,3.105,0.3428974961326467,0.0019459797665978649,0.34290301790927774,2.7756422635651865e-16
tight_kappa_8_operator_gain_direction,8.0,True,3.11,0.34126454539688306,0.0019266169443994613,0.34126998373398104,2.7756422635651865e-16
tight_kappa_8_operator_gain_direction,8.0,True,3.115,0.3396389703103203,0.0019074467855010155,0.3396443264750556,2.2205519258444853e-16
tight_kappa_8_operator_gain_direction,8.0,True,3.12,0.3380207417357122,0.0018884673728706656,0.3380260169758823,1.665505346488992e-16
tight_kappa_8_operator_gain_direction,8.0,True,3.125,0.33640983060502605,0.001869676808551331,0.3364150261493543,2.7756795316273483e-16
tight_kappa_8_operator_gain_direction,8.0,True,3.13,0.3348062079198557,0.0018510732134709208,0.33481132497828575,2.2205519258444853e-16
tight_kappa_8_operator_gain_direction,8.0,True,3.1350000000000002,0.33320984475182375,0.0018326547272544222,0.33321488451580883,1.6654757031124616e-16
tight_kappa_8_operator_gain_direction,8.0,True,3.14,0.3316207122429749,0.001814419508037868,0.33162567588576297,2.2205741592878903e-16
tight_kappa_8_operator_gain_direction,8.0,True,3.145,0.33003878160615907,0.001796365732284139,0.3300436702830734,2.7756422635651865e-16
tight_kappa_8_operator_gain_direction,8.0,True,3.15,0.32846402412540626,0.0017784915946006147,0.32846883897412177,2.7756422635651865e-16
tight_kappa_8_operator_gain_direction,8.0,True,3.1550000000000002,0.3268964111562916,0.0017607953075586302,0.32690115329710656,2.2205519258444853e-16
tight_kappa_8_operator_gain_direction,8.0,True,3.16,0.32533591412629226,0.0017432751015147374,0.3253405846623962,2.7756422635651865e-16
tight_kappa_8_operator_gain_direction,8.0,True,3.165,0.3237825045351343,0.0017259292244337302,0.3237871045528713,2.2205318096800574e-16
tight_kappa_8_operator_gain_direction,8.0,True,3.17,0.3222361539551316,0.0017087559417134455,0.32224068452425997,2.7756261703836505e-16
tight_kappa_8_operator_gain_direction,8.0,True,3.1750000000000003,0.32069683403151605,0.0016917535360112985,0.3207012962054634,1.6654757031124616e-16
tight_kappa_8_operator_gain_direction,8.0,True,3.18,0.3191645164827593,0.0016749203070725537,0.3191689112988741,2.2205519258444853e-16
tight_kappa_8_operator_gain_direction,8.0,True,3.185,0.3176391731008852,0.0016582545715602877,0.31764350158068433,2.7756422635651865e-16
tight_kappa_8_operator_gain_direction,8.0,True,3.19,0.3161207757517753,0.001641754662887061,0.3161250389011875,2.7756422635651865e-16
tight_kappa_8_operator_gain_direction,8.0,True,3.1950000000000003,0.314609296375465,0.0016254189310482552,0.3146134951850708,2.2205519258444853e-16
tight_kappa_8_operator_gain_direction,8.0,True,3.2,0.31310470698643256,0.0016092457424570757,0.31310884243170045,2.2205519258444853e-16
tight_kappa_8_operator_gain_direction,8.0,True,3.205,0.311606979673879,0.0015932334797811847,0.3116110527153977,2.2205519258444853e-16
tight_kappa_8_operator_gain_direction,8.0,True,3.21,0.3101160866020013,0.0015773805417809708,0.3101200981857086,2.2205318096800574e-16
tight_kappa_8_operator_gain_direction,8.0,True,3.215,0.3086320000102568,0.001561685343149423,0.3086359510676651,1.6654488824600069e-16
tight_kappa_8_operator_gain_direction,8.0,True,3.22,0.3071546922136205,0.0015461463143535976,0.30715858366203824,1.6654757031124616e-16
tight_kappa_8_operator_gain_direction,8.0,True,3.225,0.30568413560283536,0.0015307619014776686,0.3056879683455854,1.6654488824600069e-16
tight_kappa_8_operator_gain_direction,8.0,True,3.23,0.3042203026446531,0.0015155305660675264,0.30422407757128794,1.6654757031124616e-16
tight_kappa_8_operator_gain_direction,8.0,True,3.235,0.30276316588207003,0.0015004507849769374,0.30276688386858297,2.2205519258444853e-16
tight_kappa_8_operator_gain_direction,8.0,True,3.24,0.301312697934554,0.0014855210502152244,0.3013163598435877,2.2205519258444853e-16
tight_kappa_8_operator_gain_direction,8.0,True,3.245,0.2998688714982652,0.0014707398687964727,0.29987247817931667,2.2205519258444853e-16
tight_kappa_8_operator_gain_direction,8.0,True,3.25,0.2984316593462686,0.0014561057625902215,0.29843521163589115,1.6654488824600069e-16
tight_kappa_8_operator_gain_direction,8.0,True,3.255,0.2970010343287407,0.0014416172681736546,0.2970045330507427,1.6654757031124616e-16
tight_kappa_8_operator_gain_direction,8.0,True,3.2600000000000002,0.2955769693731687,0.0014272729366852554,0.29558041533880913,1.665505346488992e-16
tight_kappa_8_operator_gain_direction,8.0,True,3.265,0.29415943748454326,0.0014130713336799245,0.29416283149272443,1.6654488824600069e-16
tight_kappa_8_operator_gain_direction,8.0,True,3.27,0.29274841174554384,0.0013990110389855248,0.29275175458300107,2.2205318096800574e-16
tight_kappa_8_operator_gain_direction,8.0,True,3.275,0.29134386531671813,0.00138509064656087,0.29134715775820635,2.2205318096800574e-16
tight_kappa_8_operator_gain_direction,8.0,True,3.2800000000000002,0.2899457714366546,0.001371308764355116,0.28994901424513236,2.2205519258444853e-16
tight_kappa_8_operator_gain_direction,8.0,True,3.285,0.28855410342214916,0.00135766401416856,0.28855729734895935,2.7756261703836505e-16
tight_kappa_8_operator_gain_direction,8.0,True,3.29,0.2871688346683642,0.0013441550315148112,0.2871719804534123,2.7756261703836505e-16
tight_kappa_8_operator_gain_direction,8.0,True,3.295,0.2857899386489828,0.001330780465484347,0.28579303702091247,2.2205318096800574e-16
tight_kappa_8_operator_gain_direction,8.0,True,3.3000000000000003,0.28441738891635565,0.0013175389786094175,0.2844204405927212,2.220513810852149e-16
tight_kappa_8_operator_gain_direction,8.0,True,3.305,0.2830511591016432,0.0013044292467303028,0.28305416478907963,2.220513810852149e-16
tight_kappa_8_operator_gain_direction,8.0,True,3.31,0.28169122291494975,0.001291449958862889,0.2816941833093402,2.220513810852149e-16
tight_kappa_8_operator_gain_direction,8.0,True,3.315,0.2803375541454537,0.0012785998170675734,0.28034046993209416,2.7756117711421305e-16
tight_kappa_8_operator_gain_direction,8.0,True,3.3200000000000003,0.2789901266615306,0.001265877536319467,0.27899299851529225,3.330703660874567e-16
tight_kappa_8_operator_gain_direction,8.0,True,3.325,0.27764891441087136,0.001253281844379895,0.27765174299636014,2.7756117711421305e-16
tight_kappa_8_operator_gain_direction,8.0,True,3.33,0.27631389142059365,0.001240811481669166,0.2763166773923077,1.6654037098584778e-16
tight_kappa_8_operator_gain_direction,8.0,True,3.335,0.2749850317973487,0.001228465201140617,0.2749877757998331,2.220497929412249e-16
tight_kappa_8_operator_gain_direction,8.0,True,3.34,0.27366230972742217,0.0012162417681559064,0.2736650123954214,2.220497929412249e-16
tight_kappa_8_operator_gain_direction,8.0,True,3.345,0.2723456994768296,0.0012041399603615487,0.2723483614354375,1.665385358139112e-16
tight_kappa_8_operator_gain_direction,8.0,True,3.35,0.27103517539140654,0.0011921585675666812,0.2710377972562143,2.220497929412249e-16
tight_kappa_8_operator_gain_direction,8.0,True,3.355,0.2697307118968932,0.0011802963916220392,0.26973329427413456,1.6654037098584778e-16
tight_kappa_8_operator_gain_direction,8.0,True,3.36,0.2684322834990139,0.0011685522463001433,0.26843482698570853,2.2204841654057886e-16
tight_kappa_8_operator_gain_direction,8.0,True,3.365,0.26713986478355156,0.001156924957176673,0.2671423699676462,1.665385358139112e-16
tight_kappa_8_operator_gain_direction,8.0,True,3.37,0.26585343041641735,0.0011454133615130288,0.26585589787692426,2.2204725188721446e-16
tight_kappa_8_operator_gain_direction,8.0,True,3.375,0.2645729551437143,0.00113401630814005,0.26457538545084835,1.665385358139112e-16
tight_kappa_8_operator_gain_direction,8.0,True,3.38,0.26329841379179725,0.001122732657342902,0.26330080750711027,2.2204841654057886e-16
tight_kappa_8_operator_gain_direction,8.0,True,3.3850000000000002,0.2620297812673268,0.0011115612807471012,0.2620321389438402,1.665369829603233e-16
tight_kappa_8_operator_gain_direction,8.0,True,3.39,0.2607670325573198,0.00110050106120568,0.26076935473965496,1.665369829603233e-16
tight_kappa_8_operator_gain_direction,8.0,True,3.395,0.25951014272919354,0.0010895508926874668,0.2595124299537002,1.665385358139112e-16
tight_kappa_8_operator_gain_direction,8.0,True,3.4,0.2582590869308063,0.0010787096801664843,0.2582613397256892,1.665385358139112e-16
tight_kappa_8_operator_gain_direction,8.0,True,3.4050000000000002,0.2570138403904932,0.001067976339512445,0.2570160592759364,2.220497929412249e-16
tight_kappa_8_operator_gain_direction,8.0,True,3.41,0.2557743784170975,0.0010573497973823415,0.25577656390538717,1.110299254973338e-16
tight_kappa_8_operator_gain_direction,8.0,True,3.415,0.25454067639999695,0.001046828991113104,0.2545428289956419,1.6654037098584778e-16
tight_kappa_8_operator_gain_direction,8.0,True,3.42,0.2533127098091264,0.001036412868615338,0.253314830008977,1.6654037098584778e-16
tight_kappa_8_operator_gain_direction,8.0,True,3.4250000000000003,0.25209045419499554,0.0010261003882681132,0.2520925424883607,1.665385358139112e-16
tight_kappa_8_operator_gain_direction,8.0,True,3.43,0.2508738851887033,0.0010158905188148023,0.2508759420574657,1.6654037098584778e-16
tight_kappa_8_operator_gain_direction,8.0,True,3.435,0.24966297850194646,0.0010057822392599515,0.24966500442067605,1.1103267813128674e-16
tight_kappa_8_operator_gain_direction,8.0,True,3.44,0.24845770992702576,0.0009957745387671813,0.24845970536309128,1.1102759629222426e-16
tight_kappa_8_operator_gain_direction,8.0,True,3.4450000000000003,0.2472580553368468,0.0009858664165581018,0.2472600207505259,1.1102759629222426e-16
tight_kappa_8_operator_gain_direction,8.0,True,3.45,0.24606399068491777,0.0009760568818122368,0.24606592652950515,1.387830025328637e-16
tight_kappa_8_operator_gain_direction,8.0,True,3.455,0.24487549200534223,0.0009663449535679367,0.2448773987272564,1.1102870796439451e-16
tight_kappa_8_operator_gain_direction,8.0,True,3.46,0.24369253541280894,0.0009567296606242835,0.243694413451697,1.3878211317825933e-16
tight_kappa_8_operator_gain_direction,8.0,True,3.465,0.24251509710257735,0.0009472100414439701,0.24251694689141856,1.1102759629222426e-16
tight_kappa_8_operator_gain_direction,8.0,True,3.47,0.24134315335045928,0.0009377851440571445,0.2413449753156666,1.3878211317825933e-16
tight_kappa_8_operator_gain_direction,8.0,True,3.475,0.24017668051279742,0.0009284540259662157,0.2401784750743178,1.6653631240543415e-16
tight_kappa_8_operator_gain_direction,8.0,True,3.48,0.23901565502643918,0.0009192157540515979,0.23901742259785222,1.3878130851918252e-16
tight_kappa_8_operator_gain_direction,8.0,True,3.485,0.23786005340870778,0.0009100694044784009,0.23786179439732286,1.1102659048400287e-16
tight_kappa_8_operator_gain_direction,8.0,True,3.49,0.23670985225736943,0.0009010140626040445,0.23671156706432128,1.1102659048400287e-16
tight_kappa_8_operator_gain_direction,8.0,True,3.495,0.23556502825059733,0.0008920488228867969,0.2355667172709403,1.1102659048400287e-16
tight_kappa_8_operator_gain_direction,8.0,True,3.5,0.23442555814693145,0.0008831727887952145,0.23442722176973219,1.1102759629222426e-16
tight_kappa_8_operator_gain_direction,8.0,True,3.505,0.2332914187852358,0.0008743850727184915,0.23329305739366454,8.327244412300034e-17
tight_kappa_8_operator_gain_direction,8.0,True,3.5100000000000002,0.2321625870846517,0.0008656847958776961,0.23216420105607216,1.1102569054260746e-16
tight_kappa_8_operator_gain_direction,8.0,True,3.515,0.2310390400445486,0.0008570710882378957,0.23104062975060646,8.327244412300034e-17
tight_kappa_8_operator_gain_direction,8.0,True,3.52,0.2299207547444702,0.0008485430884211474,0.22992232055118036,8.327124423340014e-17
tight_kappa_8_operator_gain_direction,8.0,True,3.525,0.22880770834407904,0.0008400999436203627,0.22880925061191126,1.1102569054260746e-16
tight_kappa_8_operator_gain_direction,8.0,True,3.5300000000000002,0.22769987808309664,0.0008317408095140249,0.22770139716706017,5.551972677745941e-17
tight_kappa_8_operator_gain_direction,8.0,True,3.535,0.22659724128124167,0.0008234648501817591,0.22659873753096846,8.327124423340014e-17
tight_kappa_8_operator_gain_direction,8.0,True,3.54,0.2254997753381639,0.0008152712380207343,0.22550124909799044,8.327124423340014e-17
tight_kappa_8_operator_gain_direction,8.0,True,3.545,0.22440745773337611,0.0008071591536629066,0.2244089093424241,8.327124423340014e-17
tight_kappa_8_operator_gain_direction,8.0,True,3.5500000000000003,0.2233202660261825,0.0007991277858930793,0.22332169581843833,8.327124423340014e-17
tight_kappa_8_operator_gain_direction,8.0,True,3.555,0.2222381778556048,0.0007911763315677841,0.22223958615999775,5.551792708129603e-17
tight_kappa_8_operator_gain_direction,8.0,True,3.56,0.22116117094030457,0.0007833039955349615,0.22116255808078375,1.1102569054260746e-16
tight_kappa_8_operator_gain_direction,8.0,True,3.565,0.2200892230785037,0.0007755099905544478,0.2200905893741139,1.1102569054260746e-16
tight_kappa_8_operator_gain_direction,8.0,True,3.5700000000000003,0.21902231214790138,0.0007677935372192495,0.21902365791285777,1.1102569054260746e-16
tight_kappa_8_operator_gain_direction,8.0,True,3.575,0.21796041610558925,0.0007601538638776037,0.21796174164935087,8.327124423340014e-17
tight_kappa_8_operator_gain_direction,8.0,True,3.58,0.21690351298796257,0.0007525902065558095,0.21690481861530472,8.327124423340014e-17
tight_kappa_8_operator_gain_direction,8.0,True,3.585,0.21585158091063,0.0007451018088818314,0.21585286692171557,1.3878058855710652e-16
tight_kappa_8_operator_gain_direction,8.0,True,3.59,0.21480459806832025,0.0007376879220096618,0.21480586475876978,1.1102489647061245e-16
tight_kappa_8_operator_gain_direction,8.0,True,3.595,0.2137625427347861,0.0007303478045444343,0.21376379039574697,8.327018549292389e-17
tight_kappa_8_operator_gain_direction,8.0,True,3.6,0.21272539326270645,0.0007230807224682872,0.21272662218092103,1.1102569054260746e-16
tight_kappa_8_operator_gain_direction,8.0,True,3.605,0.2116931280835851,0.0007158859490669563,0.21169433854145753,1.1102489647061245e-16
tight_kappa_8_operator_gain_direction,8.0,True,3.61,0.21066572570764777,0.0007087627648571056,0.2106669179833102,1.1102489647061245e-16
tight_kappa_8_operator_gain_direction,8.0,True,3.615,0.2096431647237365,0.0007017104575143776,0.2096443390911138,1.6653518304372834e-16
tight_kappa_8_operator_gain_direction,8.0,True,3.62,0.20862542379920218,0.0006947283218021624,0.20862658052807612,1.3877995329334947e-16
tight_kappa_8_operator_gain_direction,8.0,True,3.625,0.2076124816797936,0.0006878156595010696,0.20761362103586578,8.32692679069556e-17
tight_kappa_8_operator_gain_direction,8.0,True,3.63,0.20660431718954558,0.0006809717793391085,0.20660543943449944,8.32692679069556e-17
tight_kappa_8_operator_gain_direction,8.0,True,3.6350000000000002,0.2056009092306642,0.0006741959969225591,0.20560201462222613,5.55149627486669e-17
tight_kappa_8_operator_gain_direction,8.0,True,3.64,0.20460223678341014,0.0006674876346675343,0.20460332557540958,1.3877995329334947e-16
tight_kappa_8_operator_gain_direction,8.0,True,3.645,0.20360827890597943,0.0006608460217322179,0.20360935134840824,1.3877995329334947e-16
tight_kappa_8_operator_gain_direction,8.0,True,3.65,0.20261901473438265,0.0006542704939497816,0.2026200710734532,1.3877995329334947e-16
tight_kappa_8_operator_gain_direction,8.0,True,3.6550000000000002,0.20163442348232166,0.0006477603937619669,0.20163546396052445,1.1102420827028943e-16
tight_kappa_8_operator_gain_direction,8.0,True,3.66,0.20065448444106485,0.0006413150701533311,0.20065550929722498,8.32692679069556e-17
tight_kappa_8_operator_gain_direction,8.0,True,3.665,0.19967917697931947,0.0006349338785861417,0.19968018644865235,8.326849148016165e-17
tight_kappa_8_operator_gain_direction,8.0,True,3.67,0.19870848054310306,0.0006286161809359241,0.1987094748572692,1.1102420827028943e-16
tight_kappa_8_operator_gain_direction,8.0,True,3.6750000000000003,0.1977423746556121,0.0006223613454276483,0.19774335404277116,8.326849148016165e-17
tight_kappa_8_operator_gain_direction,8.0,True,3.68,0.1967808389170897,0.0006161687465725518,0.19678180360195363,1.1102420827028943e-16
tight_kappa_8_operator_gain_direction,8.0,True,3.685,0.1958238530046902,0.0006100377651055883,0.19582480320857562,1.1102420827028943e-16
tight_kappa_8_operator_gain_direction,8.0,True,3.69,0.1948713966723432,0.0006039677879235019,0.19487233261322293,8.326849148016165e-17
tight_kappa_8_operator_gain_direction,8.0,True,3.6950000000000003,0.19392344975061493,0.0005979582080235154,0.19392437164316872,8.326849148016165e-17
tight_kappa_8_operator_gain_direction,8.0,True,3.7,0.19297999214656858,0.000592008424442632,0.19298090020223319,1.387789368652897e-16
tight_kappa_8_operator_gain_direction,8.0,True,3.705,0.19204100384362224,0.0005861178421975348,0.1920418982706406,1.3877940272907453e-16
tight_kappa_8_operator_gain_direction,8.0,True,3.71,0.19110646490140556,0.0005802858722250907,0.1911073459048753,1.1102362594360723e-16
tight_kappa_8_operator_gain_direction,8.0,True,3.715,0.19017635545561476,0.0005745119313234422,0.1901772232375359,1.665340183814476e-16
tight_kappa_8_operator_gain_direction,8.0,True,3.72,0.18925065571786578,0.0005687954420936869,0.18925151047718777,1.3877855570284802e-16
tight_kappa_8_operator_gain_direction,8.0,True,3.725,0.18832934597554643,0.0005631358328821394,0.1883301879082144,1.1102314949223176e-16
tight_kappa_8_operator_gain_direction,8.0,True,3.73,0.18741240659166591,0.0005575325377231616,0.18741323589066627,1.1102314949223176e-16
tight_kappa_8_operator_gain_direction,8.0,True,3.735,0.18649981800470405,0.000551984996282568,0.1865006348601094,1.665340183814476e-16
tight_kappa_8_operator_gain_direction,8.0,True,3.74,0.1855915607284581,0.0005464926538015912,0.1855923653274714,1.3877855570284802e-16
tight_kappa_8_operator_gain_direction,8.0,True,3.745,0.1846876153518888,0.0005410549610414072,0.1846884078788869,1.1102314949223176e-16
tight_kappa_8_operator_gain_direction,8.0,True,3.75,0.1837879625389642,0.0005356713742282079,0.18378874317554075,1.1102314949223176e-16
tight_kappa_8_operator_gain_direction,8.0,True,3.755,0.18289258302850286,0.0005303413549988257,0.18289335195351045,1.665340183814476e-16
tight_kappa_8_operator_gain_direction,8.0,True,3.7600000000000002,0.1820014576340152,0.0005250643703468956,0.1820022150236069,1.6653377133082578e-16
tight_kappa_8_operator_gain_direction,8.0,True,3.765,0.18111456724354386,0.0005198398925695556,0.18111531327121425,1.3877855570284802e-16
tight_kappa_8_operator_gain_direction,8.0,True,3.77,0.1802318928195021,0.000514667399214674,0.18023262765612752,1.665340183814476e-16
tight_kappa_8_operator_gain_direction,8.0,True,3.775,0.1793534153985117,0.0005095463730286048,0.17935413921238996,1.387789368652897e-16
tight_kappa_8_operator_gain_direction,8.0,True,3.7800000000000002,0.17847911609123904,0.0005044763019044614,0.17847982904812848,1.3877855570284802e-16
tight_kappa_8_operator_gain_direction,8.0,True,3.785,0.17760897608223036,0.0004994566788309073,0.17760967834538832,1.942895133276265e-16
tight_kappa_8_operator_gain_direction,8.0,True,3.79,0.17674297662974534,0.0004944870018414514,0.17674366835996613,1.6653433601742285e-16
tight_kappa_8_operator_gain_direction,8.0,True,3.795,0.17588109906558977,0.0004895667739642537,0.17588178042124195,1.665340183814476e-16
tight_kappa_8_operator_gain_direction,8.0,True,3.8000000000000003,0.17502332479494706,0.00048469550317242554,0.1750239959320102,1.942895133276265e-16
tight_kappa_8_operator_gain_direction,8.0,True,3.805,0.17416963529620885,0.00047987270233482935,0.17417029636830972,1.6653416837628918e-16
tight_kappa_8_operator_gain_direction,8.0,True,3.81,0.17332001212080375,0.0004750978891673619,0.173320663279252,1.6653416837628918e-16
tight_kappa_8_operator_gain_direction,8.0,True,3.815,0.1724744368930259,0.00047037058618472745,0.1724750782868491,1.1102314949223176e-16
tight_kappa_8_operator_gain_direction,8.0,True,3.8200000000000003,0.17163289130986184,0.00046569032065268783,0.17163352308584007,1.3877855570284802e-16
tight_kappa_8_operator_gain_direction,8.0,True,3.825,0.17079535714081684,0.00046105662454079045,0.1707959794435168,1.1102314949223176e-16
tight_kappa_8_operator_gain_direction,8.0,True,3.83,0.1699618162277396,0.00045646903447556225,0.169962429199548,1.3877873569635372e-16
tight_kappa_8_operator_gain_direction,8.0,True,3.835,0.16913225048464664,0.00045192709169417376,0.16913285426580332,1.3877855570284802e-16
tight_kappa_8_operator_gain_direction,8.0,True,3.84,0.1683066418975452,0.00044743034199856187,0.16830723662617558,1.3877855570284802e-16
tight_kappa_8_operator_gain_direction,8.0,True,3.845,0.16748497252425545,0.00044297833571000923,0.16748555833640258,1.1102337448341386e-16
tight_kappa_8_operator_gain_direction,8.0,True,3.85,0.16666722449423202,0.0004385706276241779,0.16666780152388808,1.1102314949223176e-16
tight_kappa_8_operator_gain_direction,8.0,True,3.855,0.16585338000838384,0.0004342067769665857,0.16585394838752118,1.3877855570284802e-16
tight_kappa_8_operator_gain_direction,8.0,True,3.86,0.16504342133889413,0.00042988634734853035,0.1650439811974959,1.3877855570284802e-16
tight_kappa_8_operator_gain_direction,8.0,True,3.865,0.16423733082903863,0.0004256089067234493,0.16423788229512876,1.3877855570284802e-16
tight_kappa_8_operator_gain_direction,8.0,True,3.87,0.16343509089300387,0.00042137402734371623,0.16343563409267683,1.1102314949223176e-16
tight_kappa_8_operator_gain_direction,8.0,True,3.875,0.16263668401570366,0.00041718128571786373,0.1626372190731537,1.1102337448341386e-16
tight_kappa_8_operator_gain_direction,8.0,True,3.88,0.1618420927525957,0.00041303026256823527,0.16184261979014547,1.1102337448341386e-16
tight_kappa_8_operator_gain_direction,8.0,True,3.8850000000000002,0.16105129972949678,0.0004089205427890563,0.16105181886762573,1.3877873569635372e-16
tight_kappa_8_operator_gain_direction,8.0,True,3.89,0.16026428764239783,0.0004048517154049248,0.16026479899977006,1.1102314949223176e-16
tight_kappa_8_operator_gain_direction,8.0,True,3.895,0.15948103925727744,0.0004008233735297114,0.1594815429507692,1.665340183814476e-16
tight_kappa_8_operator_gain_direction,8.0,True,3.9,0.15870153740991555,0.0003968351143258716,0.15870203355464224,1.3877855570284802e-16
tight_kappa_8_operator_gain_direction,8.0,True,3.9050000000000002,0.1579257650057057,0.000392886538964161,0.15792625371504854,1.3877839688485502e-16
tight_kappa_8_operator_gain_direction,8.0,True,3.91,0.1571537050194675,0.00038897725258375376,0.1571541864050997,1.6653377133082578e-16
tight_kappa_8_operator_gain_direction,8.0,True,3.915,0.15638534049525718,0.0003851068642527536,0.15638581466716991,1.3877839688485502e-16
tight_kappa_8_operator_gain_direction,8.0,True,3.92,0.15562065454617882,0.0003812749869291022,0.1556211216127065,1.1102295097022184e-16
tight_kappa_8_operator_gain_direction,8.0,True,3.9250000000000003,0.15485963035419417,0.0003774812374218736,0.15486009042203952,1.665340183814476e-16
tight_kappa_8_operator_gain_direction,8.0,True,3.93,0.15410225116993237,0.0003737252363529563,0.1541027043441912,1.3877825924244738e-16
tight_kappa_8_operator_gain_direction,8.0,True,3.935,0.15334850031249836,0.000370006608119113,0.15334894669668378,1.3877839688485502e-16
tight_kappa_8_operator_gain_direction,8.0,True,3.94,0.15259836116928163,0.0003663249808544215,0.15259880086534794,1.3877825924244738e-16
tight_kappa_8_operator_gain_direction,8.0,True,3.9450000000000003,0.15185181719576388,0.0003626799863930869,0.15185225030413024,1.1102277891752612e-16
tight_kappa_8_operator_gain_direction,8.0,True,3.95,0.15110885191532644,0.0003590712602326263,0.15110927853489997,1.3877825924244738e-16
tight_kappa_8_operator_gain_direction,8.0,True,3.955,0.15036944891905682,0.00035549844149741604,0.1503698691472555,1.1102277891752612e-16
tight_kappa_8_operator_gain_direction,8.0,True,3.96,0.1496335918655551,0.0003519611729026052,0.1496340057983303,1.3877814277568815e-16
tight_kappa_8_operator_gain_direction,8.0,True,3.9650000000000003,0.1489012644807399,0.0003484591007183862,0.1489016722125985,1.3877825924244738e-16
tight_kappa_8_operator_gain_direction,8.0,True,3.97,0.14817245055765377,0.0003449918747346229,0.14817285218167997,1.3877825924244738e-16
tight_kappa_8_operator_gain_direction,8.0,True,3.975,0.14744713395626785,0.0003415591482258273,0.14744752956414472,1.3877825924244738e-16
tight_kappa_8_operator_gain_direction,8.0,True,3.98,0.14672529860328667,0.00033816057791648783,0.1467256882853173,1.6653377133082578e-16
tight_kappa_8_operator_gain_direction,8.0,True,3.985,0.1460069284919523,0.00033479582394674144,0.14600731233708059,1.3877814277568815e-16
tight_kappa_8_operator_gain_direction,8.0,True,3.99,0.1452920076818478,0.00033146454983838685,0.14529238577767908,1.6653377133082578e-16
tight_kappa_8_operator_gain_direction,8.0,True,3.995,0.14458052029870117,0.00032816642246123783,0.14458089273152236,1.6653377133082578e-16
tight_kappa_8_operator_gain_direction,8.0,True,4.0,0.14387245053418773,0.0003249011119998078,0.14387281738898727,1.3877825924244738e-16
